n,n_mod_uk,frac,trailing_suffix,prefix_L10,survives_L10,prefix_L20,survives_L20,prefix_L30,survives_L30,prefix_L40,survives_L40,prefix_L50,survives_L50,prefix_L60,survives_L60,prefix_L70,survives_L70
0,0,0.000000000000000,000000000001,1,True,1,True,1,True,1,True,1,True,1,True,1,True
2,2,0.261859507142915,000000000011,11,True,11,True,11,True,11,True,11,True,11,True,11,True
8,8,0.047438028571659,000000100111,100111,True,100111,True,100111,True,100111,True,100111,True,100111,True,100111,True
186,186,0.352934164291083,011100100101,1110210021,False,11102100212011111112,False,111021002120111111120222102021,False,1110210021201111111202221020210201112010,False,11102100212011111112022210202102011120102120211220,False,111021002120111111120222102021020111201021202112202022221200,False,1110210021201111111202221020210201112010212021122020222212001101202000,False
332,332,0.468678185723869,000011000111,1200011221,False,12000112212100211121,False,120001122121002111210122122211,False,1200011221210021112101221222112120212000,False,12000112212100211121012212221121202120000112111020,False,120001122121002111210122122211212021200001121110200100111120,False,1200011221210021112101221222112120212000011211102001001111200121001121,False
474,474,0.060703192870825,011101011101,1001212021,False,10012120211012201201,False,100121202110122012010100002102,False,1001212021101220120101000021020211011221,False,10012120211012201201010000210202110112210110210122,False,100121202110122012010100002102021101122101102101222202122202,False,1001212021101220120101000021020211011221011021012222021222020122022210,False
560,560,0.320662000016165,111000111011,1102101212,False,11021012121001121001,False,110210121210011210011001222011,False,1102101212100112100110012220111012021212,False,11021012121001121001100122201110120212120202211002,False,110210121210011210011001222011101202121202022110022212201022,False,1102101212100112100110012220111012021212020221100222122010222211021001,False
774,774,0.339629264308056,111110111001,1110012200,False,11100122002111100000,False,111001220021111000001012121122,False,1110012200211110000010121211220101112011,False,11100122002111100000101212112201011120110112102221,False,111001220021111000001012121122010111201101121022210021121001,False,1110012200211110000010121211220101112011011210222100211210011110220202,False
864,864,0.123307085739226,011101110001,1010220202,False,10102202021022002121,False,101022020210220021212222212102,False,1010220202102200212122222121021222220010,False,10102202021022002121222221210212222200102212020201,False,101022020210220021212222212102122222001022120202012102221220,False,1010220202102200212122222121021222220010221202020121022212202001220202,False
992,992,0.882315542885778,010000101011,2122011202,False,21220112021111221020,False,212201120211112210202021212202,False,2122011202111122102020212122022100012110,False,21220112021111221020202121220221000121100102022001,False,212201120211112210202021212202210001211001020220011111111020,False,2122011202111122102020212122022100012110010202200111111110202121002002,False
1044,1044,0.690662728601564,110100101001,2010122212,False,20101222122221020202,False,201012221222210202020102121220,False,2010122212222102020201021212202221202222,False,20101222122221020202010212122022212022222200020021,False,201012221222210202020102121220222120222222000200210120120200,False,2010122212222102020201021212202221202222220002002101201202001002202120,False
1134,1134,0.474340550032734,000101100001,1200110120,False,12001101200222202210,False,120011012002222022101202201012,False,1200110120022220221012022010121022201222,False,12001101200222202210120220101210222012220122211222,False,120011012002222022101202201012102220122201222112221012211102,False,1200110120022220221012022010121022201222012221122210122111021110101122,False
1260,1260,0.971489500036371,010001111001,2220111120,False,22201111200101210222,False,222011112001012102222020002212,False,2220111120010121022220200022122222122100,False,22201111200101210222202000221222221221001110100020,False,222011112001012102222020002212222212210011101000200001021020,False,2220111120010121022220200022122222122100111010002000010210200210021011,False
1644,1644,0.248514871476027,111010100101,1022110212,False,10221102120011101211,False,102211021200111012110220211020,False,1022110212001110121102202110201122100110,False,10221102120011101211022021102011221001100112011200,False,102211021200111012110220211020112210011001120112001000021101,False,1022110212001110121102202110201122100110011201120010000211010201111120,False
1676,1676,0.438266985762665,000111110011,1121200212,False,11212002121102212210,False,112120021211022122100012212220,False,1121200212110221221000122122202022022202,False,11212002121102212210001221222020220222021121111020,False,112120021211022122100012212220202202220211211110200102201220,False,1121200212110221221000122122202022022202112111102001022012202101010112,False
1878,1878,0.886077207197067,000101101101,2122110201,False,21221102011010202212,False,212211020110102022122201112012,False,2122110201101020221222011120122202100122,False,21221102011010202212220111201222021001221012112121,False,212211020110102022122201112012220210012210121121210120010020,False,2122110201101020221222011120122202100122101211212101200100201200220201,False
2184,2184,0.950581800063043,010001010101,2211201102,False,22112011021211220111,False,221120110212112201112211221012,False,2211201102121122011122112210121122201212,False,22112011021211220111221122101211222012121022011202,False,221120110212112201112211221012112220121210220112020201102022,False,2211201102121122011122112210121122201212102201120202011020222202000211,False
2186,2186,0.212441307205957,110011111111,1021002122,False,10210021220111011220,False,102100212201110112200121012012,False,1021002122011101122001210120121101212211,False,10210021220111011220012101201211012122111020122002,False,102100212201110112200121012012110121221110201220022222122000,False,1021002122011101122001210120121101212211102012200222221220002212220100,False
2330,2330,0.066325821495828,110011010111,1002001002,False,10020010022022202101,False,100200100220222021012112110220,False,1002001002202220210121121102201012210100,False,10020010022022202101211211022010122101001120021200,False,100200100220222021012112110220101221010011200212000111111221,False,1002001002202220210121121102201012210100112002120001111112210222101222,False
2454,2454,0.301615264356551,010000000101,1101121101,False,11011211011220121202,False,110112110112201212022101112022,False,1101121101122012120221011120221221000202,False,11011211011220121202210111202212210002021000002111,False,110112110112201212022101112022122100020210000021110022210020,False,1101121101122012120221011120221221000202100000211100222100200210010222,False
2456,2456,0.563474771499466,110000001111,1212010212,False,12120102120112211100,False,121201021201122111002012001002,False,1212010212011221110020120010021120101000,False,12120102120112211100201200100211201010000100010022,False,121201021201122111002012001002112010100001000100221102201022,False,1212010212011221110020120010021120101000010001002211022010221001012022,False
2936,2936,0.409756485799035,101111101011,1120100111,False,11201001110102001201,False,112010011101020012010120200111,False,1120100111010200120101202001112111100212,False,11201001110102001201012020011121111002122010111120,False,112010011101020012010120200111211110021220101111200212012021,False,1120100111010200120101202001112111100212201011112002120120212212102102,False
3248,3248,0.259839600093756,001101000111,1022220211,False,10222202112110221212,False,102222021121102212122022002221,False,1022220211211022121220220022212200021221,False,10222202112110221212202200222122000212212121001112,False,102222021121102212122022002221220002122121210011120111200022,False,1022220211211022121220220022212200021221212100111201112000221001011100,False
3336,3336,0.781657914382010,010011101101,2100201120,False,21002011201102102000,False,210020112011021020002021220210,False,2100201120110210200020212202100211101110,False,21002011201102102000202122021002111011100002201000,False,210020112011021020002021220210021110111000022010002012120112,False,2100201120110210200020212202100211101110000220100020121201122122201202,False
3402,3402,0.423021650098201,101011000001,1120222021,False,11202220211002211110,False,112022202110022111102221112010,False,1120222021100221111022211120100212002102,False,11202220211002211110222111201002120021022222220110,False,112022202110022111102221112010021200210222222201100212022000,False,1120222021100221111022211120100212002102222222011002120220001100112120,False
3464,3464,0.540666371528562,010010110111,1210220100,False,12102201001210220221,False,121022010012102202212011002012,False,1210220100121022022120110020120211111102,False,12102201001210220221201100201202111111020222200221,False,121022010012102202212011002012021111110202222002212102101220,False,1210220100121022022120110020120211111102022220022121021012202012121201,False
3482,3482,0.897401935814796,010101011111,2200100212,False,22001002121222110212,False,220010021212221102121111212021,False,2200100212122211021211112120211012122021,False,22001002121222110212111121202110121220210010212000,False,220010021212221102121111212021101212202100102120001010021212,False,2200100212122211021211112120211012122021001021200010100212120221002201,False
4232,4232,0.094717114407874,110111001011,1002221221,False,10022212211120001022,False,100222122111200010220010110001,False,1002221221112000102200101100011201022112,False,10022212211120001022001011000112010221122221010011,False,100222122111200010220010110001120102211222210100111010012212,False,1002221221112000102200101100011201022112222101001110100122122100201211,False
4752,4752,0.178188971565741,100010110001,1012211122,False,10122111220111112200,False,101221112201111122001102102202,False,1012211122011111220011021022022102122012,False,10122111220111112200110210220221021220120121202120,False,101221112201111122001102102202210212201201212021202011020021,False,1012211122011111220011021022022102122012012120212020110200210121221021,False
5246,5246,0.857487235865715,011101010111,2120021001,False,21200210010221111001,False,212002100102211110012122112102,False,2120021001022111100121221121020210010210,False,21200210010221111001212211210202100102102122020021,False,212002100102211110012122112102021001021021220200211001121001,False,2120021001022111100121221121020210010210212202002110011210012111101102,False
5564,5564,0.493148871589180,001110110011,1201102012,False,12011020120221202222,False,120110201202212022220200110222,False,1201102012022120222202001102220012222100,False,12011020120221202222020011022200122221000100212000,False,120110201202212022220200110222001222210001002120002200210110,False,1201102012022120222202001102220012222100010021200022002101100212211101,False
5604,5604,0.730339014447478,111111001101,2020020020,False,20200200202101201122,False,202002002021012011221002202201,False,2020020020210120112210022022011012122012,False,20200200202101201122100220220110121220122022002001,False,202002002021012011221002202201101212201220220020010121111212,False,2020020020210120112210022022011012122012202200200101211112122022102221,False
6018,6018,0.935256993030856,110110100101,2210102211,False,22101022112122112010,False,221010221121221120101202001100,False,2210102211212211201012020011000202011011,False,22101022112122112010120200110002020110111120122120,False,221010221121221120101202001100020201101111201221202002222221,False,2210102211212211201012020011000202011011112012212020022222211112011121,False
6560,6560,0.899183428760787,100111111111,2200111201,False,22001112010000220101,False,220011120100002201011102011112,False,2200111201000022010111020111120100201222,False,22001112010000220101110201111201002012221222210000,False,220011120100002201011102011112010020122212222100000112011212,False,2200111201000022010111020111120100201222122221000001120112122010002122,False
6704,6704,0.753067943050658,000111010111,2021202101,False,20212021010001102122,False,202120210100011021221212111111,False,2021202101000110212212121111112222020020,False,20212021010001102122121211111122220200200222100122,False,202120210100011021221212111111222202002002221001220212201220,False,2021202101000110212212121111112222020020022210012202122012202122010001,False
6830,6830,0.250216893054295,100100001111,1022112122,False,10221121221101002201,False,102211212211010022012120212112,False,1022112122110100220121202121120201000021,False,10221121221101002201212021211202010000212210001200,False,102211212211010022012120212112020100002122100012000220122220,False,1022112122110100220121202121120201000021221000120002201222202001012022,False
6876,6876,0.272985557341337,111110101001,1100102221,False,11001022212021010022,False,110010222120210100220202021020,False,1100102221202101002202020210200211112102,False,11001022212021010022020202102002111121021001211021,False,110010222120210100220202021020021111210210012110212011021100,False,1100102221202101002202020210200211112102100121102120110211000202020100,False
7092,7092,0.553812328776144,111011111001,1211121120,False,12111211200121101212,False,121112112001211012122111101020,False,1211121120012110121221111010200012202212,False,12111211200121101212211110102000122022120210121022,False,121112112001211012122111101020001220221202101210222222221221,False,1211121120012110121221111010200012202212021012102222222212211202110022,False
7346,7346,0.809969735926333,001011010011,2102201221,False,21022012210100120200,False,210220122101001202001102210111,False,2102201221010012020011022101110010112211,False,21022012210100120200110221011100101122111100122210,False,210220122101001202001102210111001011221111001222100112211101,False,2102201221010012020011022101110010112211110012221001122111011021100122,False
7362,7362,0.904845793069652,100001101001,2200221220,False,22002212202120000120,False,220022122021200001202100010020,False,2200221220212000012021000100200011001201,False,22002212202120000120210001002000110012012010002020,False,220022122021200001202100010020001100120120100020200010201211,False,2200221220212000012021000100200011001201201000202000102012110002211010,False
7506,7506,0.758730307359523,000111010001,2022010202,False,20220102022211022210,False,202201020222110222100101202211,False,2022010202221102221001012022111021122110,False,20220102022211022210010120221110211221101000002111,False,202201020222110222100101202211102112211010000021111121002200,False,2022010202221102221001012022111021122110100000211111210022001222102022,False
7686,7686,0.326085950221862,110010001001,1102122001,False,11021220012000021211,False,110212200120000212112020120110,False,1102122001200002121120201201101220211112,False,11021220012000021211202012011012202111122220001211,False,110212200120000212112020120110122021111222200012112001220020,False,1102122001200002121120201201101220211112222000121120012200201110202021,False
8034,8034,0.889640193089050,000010001101,2122202021,False,21222020212011210211,False,212220202120112102111200100121,False,2122202021201121021112001001212222110212,False,21222020212011210211120010012122221102120021011220,False,212220202120112102111200100121222211021200210112200220222201,False,2122202021201121021112001001212222110212002101122002202222011102000200,False
8120,8120,0.149599000234389,100110001011,1011211012,False,10112110122211012100,False,101121101222110121001221022210,False,1011211012221101210012210222102001110022,False,10112110122211012100122102221020011100222010000100,False,101121101222110121001221022210200111002220100001001020120211,False,1011211012221101210012210222102001110022201000010010201202110201211121,False
8664,8664,0.375384943107235,011001110101,1111210010,False,11112100100002212121,False,111121001000022121210122221022,False,1111210010000221212101222210221121100001,False,11112100100002212121012222102211211000012021020120,False,111121001000022121210122221022112110000120210201202211212221,False,1111210010000221212101222210221121100001202102012022112122210201000101,False
8682,8682,0.732120507393469,111100101101,2020100102,False,20201001022110102212,False,202010010221101022121120222220,False,2020100102211010221211202222200101100120,False,20201001022110102212112022222001011001201102221100,False,202010010221101022121120222220010110012011022211001002011011,False,2020100102211010221211202222200101100120110222110010020110112012001000,False
8828,8828,0.847864528826255,110010011111,2112112101,False,21121121011001102111,False,211211210110011021110211202221,False,2112112101100110211102112022212022212020,False,21121121011001102111021120222120222120201210212122,False,211211210110011021110211202221202221202012102121221201220011,False,2112112101100110211102112022212022212020121021212212012200111011211121,False
8934,8934,0.726418407400743,010000100101,2012222021,False,20122220210020112101,False,201222202100201121011210200102,False,2012222021002011210112102001021110002111,False,20122220210020112101121020010211100021111202000010,False,201222202100201121011210200102111000211112020000102101202120,False,2012222021002011210112102001021110002111120200001021012021201211122102,False
8936,8936,0.988277914543658,110001101111,2221222000,False,22212220001022201012,False,222122200010222010120101220120,False,2221222000102220101201012201200221010100,False,22212220001022201012010122012002210101000022200012,False,222122200010222010120101220120022101010000222000120012100102,False,2221222000102220101201012201200221010100002220001200121001022110012020,False
8966,8966,0.916170521687381,100001110011,2201212120,False,22012121202011110020,False,220121212020111100202111011000,False,2201212120201111002021110110001200202012,False,22012121202011110020211101100012002020121001101002,False,220121212020111100202111011000120020201210011010021000211212,False,2201212120201111002021110110001200202012100110100210002112122202001111,False
9134,9134,0.912369121692230,010000010111,2201120021,False,22011200210211221102,False,220112002102112211022102000102,False,2201120021021122110221020001020001012111,False,22011200210211221102210200010200010121112210220022,False,220112002102112211022102000102000101211122102200222111000210,False,2201120021021122110221020001020001012111221022002221110002102011222000,False
9384,9384,0.644807514556590,011100111101,2000211101,False,20002111012100110211,False,200021110121001102111021102022,False,2000211101210011021110211020221000111202,False,20002111012100110211102110202210001112021122001021,False,200021110121001102111021102022100011120211220010211021120101,False,2000211101210011021110211020221000111202112200102110211201011120100201,False
9396,9396,0.215964557414079,011110100001,1021020012,False,10210200121200122021,False,102102001212001220210210222111,False,1021020012120012202102102221111012101100,False,10210200121200122021021022211110121011002212012010,False,102102001212001220210210222111101210110022120120101010220001,False,1021020012120012202102102221111012101100221201201010102200010120010100,False
9630,9630,0.853526893135119,110111001001,2112221221,False,21122212210022220211,False,211222122100222202111021111211,False,2112221221002222021110211112112020021122,False,21122212210022220211102111121120200211220002222011,False,211222122100222202111021111211202002112200022220112122010212,False,2112221221002222021110211112112020021122000222201121220102120121200212,False
9776,9776,0.969270914567905,011000010011,2220022101,False,22200221012110012212,False,222002210121100122121101101021,False,2220022101211001221211011010210012211022,False,22200221012110012212110110102100122110221022000021,False,222002210121100122121101101021001221102210220000212000022122,False,2220022101211001221211011010210012211022102200002120000221220200102121,False
9936,9936,0.918031486001095,110110010001,2202000122,False,22020001222210220022,False,220200012222102200221102201111,False,2202000122221022002211022011112211221002,False,22020001222210220022110220111122112210021221102220,False,220200012222102200221102201111221122100212211022201202012210,False,2202000122221022002211022011112211221002122110222012020122102120221202,False
10206,10206,0.269064950294603,010110000001,1100021201,False,11000212011201022011,False,110002120112010220111112001020,False,1100021201120102201111120010200100000110,False,11000212011201022011111200102001000001102212200210,False,110002120112010220111112001020010000011022122002100202011021,False,1100021201120102201111120010200100000110221220021002020110211112212212,False
10422,10422,0.549891721729409,011001010001,1211101210,False,12111012102020222111,False,121110121020202221112200012001,False,1211101210202022211122000120010201021011,False,12111012102020222111220001200102010210112221000202,False,121110121020202221112200012001020102101122210002021210101221,False,1211101210202022211122000120010201021011222100020212101012210121021210,False
10692,10692,0.900925186022917,001001000001,2200122110,False,22001221100202110111,False,220012211002021101111201120111,False,2200122110020211011112011201110222010110,False,22001221100202110111120112011102220101102121021011,False,220012211002021101111201120111022201011021210210112021001210,False,2200122110020211011112011201110222010110212102101120210012102111111220,False
10694,10694,0.162784693165832,011011000011,1012021202,False,10120212021100002120,False,101202120211000021200002200212,False,1012021202110000212000022002122202121112,False,10120212021100002120000220021222021211122011020012,False,101202120211000021200002200212220212111220110200120100010210,False,1012021202110000212000022002122202121112201102001201000102102010000011,False
11240,11240,0.650430143181593,100101110111,2001011120,False,20010111201100112001,False,200101112011001120011200021000,False,2001011120110011200112000210001020202211,False,20010111201100112001120002100010202022110221101202,False,200101112011001120011200021000102020221102211012022211021222,False,2001011120110011200112000210001020202211022110120222110212220110022202,False
11252,11252,0.221587186039082,010011111011,1021102221,False,10211022210112122120,False,102110222101121221202212111020,False,1021102221011212212022121110200202102020,False,10211022210112122120221211102002021020202011000110,False,102110222101121221202212111020020210202020110001101020022200,False,1021102221011212212022121110200202102020201100011010200222002021210102,False
11466,11466,0.240554450330974,000111111001,1022011111,False,10220111112121010222,False,102201111121210102220212112110,False,1022011111212101022202121121102222012101,False,10220111112121010222021211211022220121010002022121,False,102201111121210102220212112110222201210100020221212221120222,False,1022011111212101022202121121102222012101000202212122211202221000111012,False
11510,11510,0.001463607475101,100100000111,1000001011,True,10000010112000122002,False,100000101120001220022002110101,False,1000001011200012200220021101011111021211,False,10000010112000122002200211010111110212110111021200,False,100000101120001220022002110101111102121101110212001202110100,False,1000001011200012200220021101011111021211011102120012021101001021012222,False
11522,11522,0.572620650332590,000001001011,1212122112,False,12121221120222010200,False,121212211202220102002010011000,False,1212122112022201020020100110000102111100,False,12121221120222010200201001100001021111002110100210,False,121212211202220102002010011000010211110021101002100100112211,False,1212122112022201020020100110000102111100211010021001001122110101102111,False
12546,12546,0.644688307505006,111001001001,2000211012,False,20002110121122111100,False,200021101211221111002102200200,False,2000211012112211110021022002002111112020,False,20002110121122111100210220020021111120200011110002,False,200021101211221111002102200200211111202000111100020211010211,False,2000211012112211110021022002002111112020001111000202110102110011000022,False
12660,12660,0.570680214651154,101110000101,1212112121,False,12121121212002012111,False,121211212120020121111222110220,False,1212112121200201211112221102202220021002,False,12121121212002012111122211022022200210022010222111,False,121211212120020121111222110220222002100220102221111110221001,False,1212112121200201211112221102202220021002201022211111102210011200202120,False
12854,12854,0.971052407513896,101000110011,2220110112,False,22201101121222102011,False,222011011212221020112120002012,False,2220110112122210201121200020122202000112,False,22201101121222102011212000201222020001122022011220,False,222011011212221020112120002012220200011220220112202220000112,False,2220110112122210201121200020122202000112202201122022200001121100202200,False
12894,12894,0.208242550372194,000101001101,1020221101,False,10202211012022000011,False,102022110120220000112211020200,False,1020221101202200001122110202002212012101,False,10202211012022000011221102020022120121010002220122,False,102022110120220000112211020200221201210100022201222020122102,False,1020221101202200001122110202002212012101000222012220201221021222202022,False
13038,13038,0.062127064662065,010101110101,1001220111,False,10012201111000210002,False,100122011110002100021021202021,False,1001220111100021000210212020210201021100,False,10012201111000210002102120202102010211001020121021,False,100122011110002100021021202021020102110010201210212001002120,False,1001220111100021000210212020210201021100102012102120010021200222120120,False
13124,13124,0.322085871807404,101000000011,1102110111,False,11021101110112120112,False,110211011101121201121112122022,False,1102110111011212011211121220222110112201,False,11021101110112120112111212202221101122011011021121,False,110211011101121201121112122022211011220110110211210200121222,False,1102110111011212011211121220222110112201101102112102001212220010010021,False
13146,13146,0.202540450379468,111101000101,1020201200,False,10202012000202100222,False,102020120002021002222000220021,False,1020201200020210022220002200210020112221,False,10202012000202100222200022002100201122212020201221,False,102020120002021002222000220021002011222120202012211001010110,False,1020201200020210022220002200210020112221202020122110010101101111110002,False
13194,13194,0.487168621809425,101011101001,1201002222,False,12010022222020012011,False,120100222220200120111201210112,False,1201002222202001201112012101120220121221,False,12010022222020012011120121011202201212210200111110,False,120100222220200120111201210112022012122102001111101112211111,False,1201002222202001201112012101120220121221020011111011122111111220122211,False
13202,13202,0.534606650381085,100110011111,1210120121,False,12101201210012002010,False,121012012100120020100010122010,False,1210120121001200201000101220101012121111,False,12101201210012002010001012201010121211112001211011,False,121012012100120020100010122010101212111120012110112220001221,False,1210120121001200201000101220101012121111200121101122200012210102202102,False
13248,13248,0.557375314668127,011100011001,1211210211,False,12112102110011102102,False,121121021100111021020010001102,False,1211210211001110210200100011021012221010,False,12112102110011102102001000110210122210101010000000,False,121121021100111021020010001102101222101010100000002201120000,False,1211210211001110210200100011021012221010101000000022011200001200220021,False
13310,13310,0.675020036098488,100101101111,2002200100,False,20022001002020212010,False,200220010020202120101200111200,False,2002200100202021201012001112000222102210,False,20022001002020212010120011120002221022102202212011,False,200220010020202120101200111200022210221022022120110021121220,False,2002200100202021201012001112000222102210220221201100211212202212111002,False
13340,13340,0.602912643242211,010101110011,1221100210,False,12211002102022202022,False,122110021020222020221120102000,False,1221100210202220202211201020001000121200,False,12211002102022202022112010200010001212001012101021,False,122110021020222020221120102000100012120010121010210212101012,False,1221100210202220202211201020001000121200101210102102121010122010201120,False
13362,13362,0.483367221814275,111100010101,1200220210,False,12002202101221210102,False,120022021012212101021020001001,False,1200220210122121010210200010011000200202,False,12002202101221210102102000100110002002020102122011,False,120022021012212101021020001001100020020201021220112212001100,False,1200220210122121010210200010011000200202010212201122120011000200022220,False
13610,13610,0.953946107535719,000101000011,2212000002,False,22120000022010220000,False,221200000220102200002120021211,False,2212000002201022000021200212110100112122,False,22120000022010220000212002121101001121222210122002,False,221200000220102200002120021211010011212222101220021110011011,False,2212000002201022000021200212110100112122221012200211100110111120222221,False
13772,13772,0.164566186111824,110011100011,1012100110,False,10121001101200011021,False,101210011012000110210122001010,False,1012100110120001102101220010100022211020,False,10121001101200011021012200101000222110202212201100,False,101210011012000110210122001010002221102022122011002110120221,False,1012100110120001102101220010100022211020221220110021101202210200001120,False
14114,14114,0.942541907550267,111000101011,2211001012,False,22110010122100221022,False,221100101221002210222222101000,False,2211001012210022102222221010001200212211,False,22110010122100221022222210100012002122111111111110,False,221100101221002210222222101000120021221111111111102102100211,False,2211001012210022102222221010001200212211111111111021021002111202212000,False
14166,14166,0.750889093266054,001100101001,2021121101,False,20211211011011002212,False,202112110110110022120110120210,False,2021121101101100221201101202102102211201,False,20211211011011002212011012021021022112010120100120,False,202112110110110022120110120210210221120101201001200002022221,False,2021121101101100221201101202102102211201012010012000020222210221001111,False
14352,14352,0.103823257557137,010011001101,1010021002,False,10100210020100210111,False,101002100201002101110121200010,False,1010021002010021011101212000101111201102,False,10100210020100210111012120001011112011022120220001,False,101002100201002101110121200010111120110221202200012210002121,False,1010021002010021011101212000101111201102212022000122100021210000020211,False
14600,14600,0.574402143278582,001101101011,1212202012,False,12122020121222100111,False,121220201212221001110211012200,False,1212202012122210011102110122001212212222,False,12122020121222100111021101220012122122220001022211,False,121220201212221001110211012200121221222200010222111102110100,False,1212202012122210011102110122001212212222000102221111021101001112022000,False
14706,14706,0.452956021853070,000010011001,1122102001,False,11221020012012122000,False,112210200120121220000200202012,False,1122102001201212200002002020120221112201,False,11221020012012122000020020201202211122011112222201,False,112210200120121220000200202012022111220111122222010110120021,False,1122102001201212200002002020120221112201111222220101101200212010022000,False
14796,14796,0.236633843284239,100101010001,1022000102,False,10220001022001001110,False,102200010220010011101021202011,False,1022000102200100111010212020112020100221,False,10220001022001001110102120201120201002210222222101,False,102200010220010011101021202011202010022102222221010102202011,False,1022000102200100111010212020112020100221022222210101022020110000100121,False
14798,14798,0.498493350427154,101111110011,1201200120,False,12012001201201101221,False,120120012012011012211201022220,False,1201200120120110122112010222200222111020,False,12012001201201101221120102222002221110202022222011,False,120120012012011012211201022220022211102020222220111120122212,False,1201200120120110122112010222200222111020202222201111201222121000110210,False
14820,14820,0.378947928999218,011010010101,1111221102,False,11112211021220121010,False,111122110212201210102212011110,False,1111221102122012101022120111100110001211,False,11112211021220121010221201111001100012111011001111,False,111122110212201210102212011110011000121110110011111000010220,False,1111221102122012101022120111100110001211101100111110000102201100021201,False
14976,14976,0.803989486146578,000000001001,2102022022,False,21020220220220000121,False,210202202202200001212021020202,False,2102022022022000012120210202021221212120,False,21020220220220000121202102020212212121202112112111,False,210202202202200001212021020202122121212021121121111211110210,False,2102022022022000012120210202021221212120211211211112111102100202211012,False
14978,14978,0.065848993289493,000000011011,1002000200,False,10020002002001200021,False,100200020020012000211100020000,False,1002000200200120002111000200000112111111,False,10020002002001200021110002000001121111110010110110,False,100200020020012000211100020000011211111100101101100010222200,False,1002000200200120002111000200000112111111001011011000102222001100020212,False
15306,15306,0.010808164727532,001001010101,1000022201,False,10000222010022210200,False,100002220100222102000110112000,False,1000022201002221020001101120001022000220,False,10000222010022210200011011200010220002202022111211,False,100002220100222102000110112000102200022020221112111002010121,False,1000022201002221020001101120001022000220202211121110020101210110201100,False
15308,15308,0.272667671870447,011011111111,1100102121,False,11001021211102201220,False,110010212111022012200121200200,False,1100102121110220122001212002001201201020,False,11001021211102201220012120020012012010200002100102,False,110010212111022012200121200200120120102000021001022102211210,False,1100102121110220122001212002001201201020000210010221022112101121221210,False
15452,15452,0.126552186160318,011011010111,1011000201,False,10110002012210012220,False,101100020122100122202201110222,False,1011000201221001222022011102222212210201,False,10110002012210012220220111022222122102011210001222,False,101100020122100122202201110222221221020112100012222112102121,False,1011000201221001222022011102222212210201121000122221121021210111002200,False
15464,15464,0.697709229017807,000101011011,2011002222,False,20110022221222020200,False,201100222212220202001110111210,False,2011002222122202020011101112101221000102,False,20110022221222020200111011121012210001020212101222,False,201100222212220202001110111210122100010202121012222112110100,False,2011002222122202020011101112101221000102021210122221121101000112210101,False
15576,15576,0.361841629021040,001000000101,1111011211,False,11110112112212212021,False,111101121122122120212102211100,False,1111011211221221202121022111002202112110,False,11110112112212212021210221110022021121101220001121,False,111101121122122120212102211100220211211012200011210212210120,False,1111011211221221202121022111002202112110122000112102122101200201200020,False
15578,15578,0.623701136163955,011000001111,1222120110,False,12221201101211211001,False,122212011012112110011020202211,False,1222120110121121100110202022110200101021,False,12221201101211211001102020221102001010212112002010,False,122212011012112110011020202211020010102121120020102011201202,False,1222120110121121100110202022110200101021211200201020112012020222020100,False
15714,15714,0.430147621882167,100011100001,1121022101,False,11210221011202012111,False,112102210112020121111022001002,False,1121022101120201211110220010022002021211,False,11210221011202012111102200100220020212111110101022,False,112102210112020121111022001002200202121111101010221112210011,False,1121022101120201211110220010022002021211111010102211122100112112122100,False
15896,15896,0.259362771887420,010101001011,1022220100,False,10222201000100010201,False,102222010001000102011111200210,False,1022220100010001020111112002102212120120,False,10222201000100010201111120021022121201200122221212,False,102222010001000102011111200210221212012001222212122001012001,False,1022220100010001020111112002102212120120012222121220010120012110212022,False
16026,16026,0.280230736176887,111000011101,1100201211,False,11002012110011212211,False,110020121100112122112020220021,False,1100201211001121221120202200212202121222,False,11002012110011212211202022002122021212221110221201,False,110020121100112122112020220021220212122211102212011202100222,False,1100201211001121221120202200212202121222111022120112021002222020202012,False
16202,16202,0.323867364753396,100000100011,1102112112,False,11021121120100000000,False,110211211201000000002100011100,False,1102112112010000000021000111001210010012,False,11021121120100000000210001110012100100120112210100,False,110211211201000000002100011100121001001201122101001202002220,False,1102112112010000000021000111001210010012011221010012020022200010022001,False
16436,16436,0.961429700474436,001010011011,2212122021,False,22121220210102101122,False,221212202101021011222001020022,False,2212122021010210112220010200222020200112,False,22121220210102101122200102002220202001121120122200,False,221212202101021011222001020022202020011211201222001111222022,False,2212122021010210112220010200222020200112112012220011112220220011120011,False
16458,16458,0.841884279046500,001011101101,2112002021,False,21120020210120021022,False,211200202101200210222011010221,False,2112002021012002102220110102211011200001,False,21120020210120021022201101022110112000012120201011,False,211200202101200210222011010221101120000121202010112112222012,False,2112002021012002102220110102211011200001212020101121122220120001011211,False
16650,16650,0.980396964766328,010111011001,2221021101,False,22210211012201121001,False,222102110122011210012010221212,False,2221021101220112100120102212122202212111,False,22210211012201121001201022121222022121112221120202,False,222102110122011210012010221212220221211122211202022120120201,False,2221021101220112100120102212122202212111222112020221201202010210011212,False
16920,16920,0.331430429059836,000101001001,1102212012,False,11022120121112122020,False,110221201211121220201120201202,False,1102212012111212202011202012021011222102,False,11022120121112122020112020120210112221021110200010,False,110221201211121220201120201202101122210211102000102202211011,False,1102212012111212202011202012021011222102111020001022022110110110211002,False
16922,16922,0.593289936202751,001111011011,1220210221,False,12202102211001111222,False,122021022110011112222002222100,False,1220210221100111122220022221000120122020,False,12202102211001111222200222210001201220200221220012,False,122021022110011112222002222100012012202002212200120200202112,False,1220210221100111122220022221000120122020022122001202002021121122002110,False
17036,17036,0.519281843348898,110010001111,1202202200,False,12022022002111220211,False,120220220021112202110221122200,False,1202202200211122021102211222001110220122,False,12022022002111220211022112220011102201222221200010,False,120220220021112202110221122200111022012222212000102011020021,False,1202202200211122021102211222001110220122222120001020110200210022112221,False
17160,17160,0.754571286209621,011011111101,2021212010,False,20212120101022000001,False,202121201010220000011120110010,False,2021212010102200000111201100102211222022,False,20212120101022000001112011001022112220221222002111,False,202121201010220000011120110010221122202212220021111111210210,False,2021212010102200000111201100102211222022122200211111112102101210122122,False
17198,17198,0.729901921925003,111000101111,2020012110,False,20200121102011021021,False,202001211020110210210111222122,False,2020012110201102102101112221220010012210,False,20200121102011021021011122212200100122102112021111,False,202001211020110210210111222122001001221021120211110100221101,False,2020012110201102102101112221220010012210211202111101002211010102101000,False
17228,17228,0.657794529068726,011100110011,2001121200,False,20011212000111011000,False,200112120001110110001020122022,False,2001121200011101100010201220221211011220,False,20011212000111011000102012202212110112202110120102,False,200112120001110110001020122022121101122021101201020121221202,False,2001121200011101100010201220221211011220211012010201212212022111022202,False
17430,17430,0.105604750503129,010000101101,1010022200,False,10100222001000120212,False,101002220010001202120010100210,False,1010022200100012021200101002100200112200,False,10100222001000120212001010021002001122000222122211,False,101002220010001202120010100210020011220002221222112000000210,False,1010022200100012021200101002100200112200022212221120000002100010210110,False
17498,17498,0.008827993362234,011100000011,1000021002,False,10000210022110211111,False,100002100221102111112211021020,False,1000021002211021111122110210201022111102,False,10000210022110211111221102102010221111021000222122,False,100002100221102111112211021020102211110210002221221112222120,False,1000021002211021111122110210201022111102100022212211122221202022220111,False
17990,17990,0.426266750519293,110001100111,1121010102,False,11210101020202111102,False,112101010202021111021110120002,False,1121010102020211110211101200022222121202,False,11210101020202111102111012000222221212020222002002,False,112101010202021111021110120002222212120202220020021100110222,False,1121010102020211110211101200022222121202022200200211001102222210201220,False
18062,18062,0.853209007664229,110111011111,2112221021,False,21122210211200002002,False,211222102112000020021011012202,False,2112221021120000200210110122022001211202,False,21122210211200002002101101220220012112022222100010,False,211222102112000020021011012202200121120222221000100001021010,False,2112221021120000200210110122022001211202222210001000010210102000220122,False
19010,19010,0.974615393405879,011001010011,2220202212,False,22202022120000002022,False,222020221200000020220221022202,False,2220202212000000202202210222020012000020,False,22202022120000002022022102220200120000200121101120,False,222020221200000020220221022202001200002001211011200012220020,False,2220202212000000202202210222020012000020012110112000122200202222000222,False
19140,19140,0.995483357695346,101110100101,2222121011,False,22221210112011111201,False,222212101120111112010221210202,False,2222121011201111120102212102022210221212,False,22221210112011111201022121020222102212122011222201,False,222212101120111112010221210202221022121220112222010101001111,False,2222121011201111120102212102022210221212201122220101010011112102202221,False
19194,19194,0.065690050554048,010110010101,1002000112,False,10020001122222102101,False,100200011222221021011112220212,False,1002000112222210210111122202122100022012,False,10020001122222102101111222021221000220121120122101,False,100200011222221021011112220212210002201211201221012212110011,False,1002000112222210210111122202122100022012112012210122121100110100201210,False
19352,19352,0.752591114844323,010100011011,2021201111,False,20212011111022200201,False,202120111110222002012221212000,False,2021201111102220020122212120002200012111,False,20212011111022200201222121200022000121110222201200,False,202120111110222002012221212000220001211102222012000122102002,False,2021201111102220020122212120002200012111022220120001221020020112211212,False
19514,19514,0.963211193420428,000110111011,2212210101,False,22122101010001212221,False,221221010100012122210200120010,False,2212210101000121222102001200101021200110,False,22122101010001212221020012001010212001101022101120,False,221221010100012122210200120010102120011010221011202212211212,False,2212210101000121222102001200101021200110102210112022122112121020112002,False
19680,19680,0.697550286282362,000101010101,2011002201,False,20110022010210010101,False,201100220102100101011011001102,False,2011002201021001010110110011020120102101,False,20110022010210010101101100110201201021010011222121,False,201100220102100101011011001102012010210100112221210202122122,False,2011002201021001010110110011020120102101001122212102021221221210110100,False
19682,19682,0.959409793425277,001111111111,2212110121,False,22121101212001011111,False,221211012120010111112112101212,False,2212110121200101111121121012122202120011,False,22121101212001011111211210121222021200111020122110,False,221211012120010111112112101212220212001110201221102000112112,False,2212110121200101111121121012122202120011102012211020001121121101121111,False
19784,19784,0.314244657713936,000100001011,1102010120,False,11020101202000200110,False,110201012020002001101200201122,False,1102010120200020011012002011221110200220,False,11020101202000200110120020112211102002202211110220,False,110201012020002001101200201122111020022022111102201221112011,False,1102010120200020011012002011221110200220221111022012211120111210122110,False
19818,19818,0.765856279143488,000111110001,2022121221,False,20221212212220210122,False,202212122122202101220010020111,False,2022121221222021012200100201111122012020,False,20221212212220210122001002011111220120200020020210,False,202212122122202101220010020111112201202000200202102220021120,False,2022121221222021012200100201111122012020002002021022200211200102002112,False
19950,19950,0.048583750575870,000100000101,1001110222,False,10011102220100110201,False,100111022201001102010221010222,False,1001110222010011020102210102222012202120,False,10011102220100110201022101022220122021200012112001,False,100111022201001102010221010222201220212000121120012101200122,False,1001110222010011020102210102222012202120001211200121012001221100220022,False
19952,19952,0.310443257718785,001100001111,1101222021,False,11012220212110121221,False,110122202121101212212020112022,False,1101222021211012122120201120221221200102,False,11012220212110121221202011202212212001020021100202,False,110122202121101212212020112022122120010200211002021012020212,False,1101222021211012122120201120221221200102002110020210120202120211012102,False
19988,19988,0.023914386291253,111001110111,1000201101,False,10002011012221011110,False,100020110122210111100000200100,False,1000201101222101111000002001001201201112,False,10002011012221011110000020010012012011121011010201,False,100020110122210111100000200100120120111210110102010021102022,False,1000201101222101111000002001001201201112101101020100211020222021011012,False
20258,20258,0.374947850584761,111000000111,1111202120,False,11112021202021210000,False,111120212020212100000002012011,False,1111202120202121000000020120111112021021,False,11112021202021210000000201201111120210212001101101,False,111120212020212100000002012011111202102120011011012101002221,False,1111202120202121000000020120111112021021200110110121010022210100001212,False
20438,20438,0.942303493447099,111001001111,2211000200,False,22110002000210221200,False,221100020002102212000212222020,False,2211000200021022120002122220201111020221,False,22110002000210221200021222202011110202210211020212,False,221100020002102212000212222020111102022102110202121222202020,False,2211000200021022120002122220201111020221021102021212222020200020102201,False
20576,20576,0.010609486308226,010100100011,1000022112,False,10000221122021200122,False,100002211220212001221102222020,False,1000022112202120012211022220200201112122,False,10000221122021200122110222202002011121222100122221,False,100002211220212001221102222020020111212221001222210210002221,False,1000022112202120012211022220200201112122210012222102100022210112200122,False
20808,20808,0.386312314886351,001010001001,1112021102,False,11120211020021121020,False,111202110200211210201200201120,False,1112021102002112102012002011200001222120,False,11120211020021121020120020112000012221201212120011,False,111202110200211210201200201120000122212012121200111010001001,False,1112021102002112102012002011200001222120121212001110100010010212110010,False
20810,20810,0.648171822029266,011110011011,2001000212,False,20010002122101010122,False,200100021221010101222020222002,False,2001000212210101012220202220020002122102,False,20010002122101010122202022200200021221022111102012,False,200100021221010101222020222002000212210221111020122111001101,False,2001000212210101012220202220020002122102211110201221110011012011021012,False
20832,20832,0.528626400601330,100111101101,1210021000,False,12100210000111011001,False,121002100001110110011211110121,False,1210021000011101100112111101210021221010,False,12100210000111011001121111012100212210100111201001,False,121002100001110110011211110121002122101001112010012002200221,False,1210021000011101100112111101210021221010011120100120022002210002210210,False
20898,20898,0.169990136317521,011111000001,1012112200,False,10121122001112002011,False,101211220011120020112220200000,False,1012112200111200201122202000000010001221,False,10121122001112002011222020000000100012210012122212,False,101211220011120020112220200000001000122100121222122222211020,False,1012112200111200201122202000000010001221001212221222222110202122200222,False
20960,20960,0.287634857747882,101110110111,1101000220,False,11010002202022220001,False,110100022020222200012100202112,False,1101000220202222000121002021120112202121,False,11010002202022220001210020211201122021210120022211,False,110100022020222200012100202112011220212101200222112202200120,False,1101000220202222000121002021120112202121012002221122022001202000001212,False
21084,21084,0.522924300608604,011011100101,1202221212,False,12022212121101110100,False,120222121211011101001212121001,False,1202221212110111010012121210010001020002,False,12022212121101110100121212100100010200022000010211,False,120222121211011101001212121001000102000220000102111112010011,False,1202221212110111010012121210010001020002200001021111120100111110111020,False
21408,21408,0.944164457760813,100010000101,2211011212,False,22110112122002102022,False,221101121220021020222110210112,False,2211011212200210202221102101120122012202,False,22110112122002102022211021011201220122020211000220,False,221101121220021020222110210112012201220202110002201012100220,False,2211011212200210202221102101120122012202021100022010121002202012100202,False
21410,21410,0.206023964903728,100110001111,1020212011,False,10202120111121002000,False,102021201111210020002202200120,False,1020212011112100200022022001200221122120,False,10202120111121002000220220012002211221200000210101,False,102021201111210020002202200120022112212000002101012112101101,False,1020212011112100200022022001200221122120000021010121121011012222101100,False
21446,21446,0.919495093476196,100011110111,2202010212,False,22020102122022222022,False,220201021220222220220221002110,False,2202010212202222202202210021101201112222,False,22020102122022222022022100211012011122220010111211,False,220201021220222220220221002110120111222200101112110000212121,False,2202010212202222202202210021101201112222001011121100002121211010120122,False
21534,21534,0.441313407764451,110111111101,1121211211,False,11212112110211102221,False,112121121102111022210110010112,False,1121211211021110222101100101120201010010,False,11212112110211102221011001011202010100100120022111,False,112121121102111022210110010112020101001001200221110011022000,False,1121211211021110222101100101120201010010012002211100110220002021002202,False
21572,21572,0.416644043479833,101100101111,1120200011,False,11202000111220211001,False,112020001112202110012222121020,False,1120200011122021100122221210202010022110,False,11202000111220211001222212102020100221101212212211,False,112020001112202110012222121020201002211012122122111012011112,False,1120200011122021100122221210202010022110121221221110120111122121100002,False
21716,21716,0.270528557769704,000010000111,1100100022,False,11001000220102100000,False,110010002201021000000220100020,False,1100100022010210000002201000202212112001,False,11001000220102100000022010002022121120010202222012,False,110010002201021000000220100020221211200102022220122002002020,False,1100100022010210000002201000202212112001020222201220020020200221022222,False
21894,21894,0.576024693489128,110001000101,1212211122,False,12122111221222210122,False,121221112212222101221002202011,False,1212211122122221012210022020111222100020,False,12122111221222210122100220201112221000200112220112,False,121221112212222101221002202011122210002001122201122201011121,False,1212211122122221012210022020111222100020011222011222010111210202020121,False
21950,21950,0.908090893490744,011010011111,2201012221,False,22010122212102200111,False,220101222121022001110210022121,False,2201012221210220011102100221210220020211,False,22010122212102200111021002212102200202112121220210,False,220101222121022001110210022121022002021121212202102100000022,False,2201012221210220011102100221210220020211212122021021000000220110210102,False
22034,22034,0.906190193493169,001110100011,2201001211,False,22010012111101211221,False,220100121111012112211012110020,False,2201001211110121122110121100200221011221,False,22010012111101211221101211002002210112210112001020,False,220100121111012112211012110020022101122101120010202100122200,False,2201001211110121122110121100200221011221011200102021001222002010121002,False
22056,22056,0.786644772065233,001000100101,2101002000,False,21010020002001110101,False,210100200020011101011102020021,False,2101002000200111010111020200210111021021,False,21010020002001110101110202002101110210212202200220,False,210100200020011101011102020021011102102122022002200101021100,False,2101002000200111010111020200210111021021220220022001010211002212200202,False
22058,22058,0.048504279208148,011001101111,1001110220,False,10011102200220122111,False,100111022002201221111221222210,False,1001110220022012211112212222100112220020,False,10011102200220122111122122221001122200201120012101,False,100111022002201221111221222210011222002011200121012011120021,False,1001110220022012211112212222100112220020112001210120111200211021112022,False
22110,22110,0.856851464923934,110000010101,2120012202,False,21200122020011220021,False,212001220200112200210020021000,False,2120012202001122002100200210001010011110,False,21200122020011220021002002100010100111101020110101,False,212001220200112200210020021000101001111010201101012220002211,False,2120012202001122002100200210001010011110102011010122200022112002121002,False
22248,22248,0.925157457785061,010110110001,2202121101,False,22021211010011222101,False,220212110100112221011101100012,False,2202121101001122210111011000121001010112,False,22021211010011222101110110001210010101120021112222,False,220212110100112221011101100012100101011200211122220101201212,False,2202121101001122210111011000121001010112002111222201012012122122002202,False
22364,22364,0.113008872074123,000101100111,1010120100,False,10101201002121222102,False,101012010021212221021012002121,False,1010120100212122210210120021212221210012,False,10101201002121222102101200212122212100120111112001,False,101012010021212221021012002121222121001201111120010122001101,False,1010120100212122210210120021212221210012011111200101220011012022021121,False
22644,22644,0.773339872082206,011010111001,2100010220,False,21000102202122120211,False,210001022021221202110111002101,False,2100010220212212021101110021012120002010,False,21000102202122120211011100210121200020102201012221,False,210001022021221202110111002101212000201022010122211001012012,False,2100010220212212021101110021012120002010220101222110010120122200000222,False
22734,22734,0.557017693513375,011001110001,1211210021,False,12112100212101010100,False,121121002121010101000222111202,False,1211210021210101010002221112021120021211,False,12112100212101010100022211120211200212110200102122,False,121121002121010101000222111202112002121102001021220221202201,False,1211210021210101010002221112021120021211020010212202212022010000211110,False
22752,22752,0.913753257799609,001111001001,2201200021,False,22012000212200112111,False,220120002122001121110010101022,False,2201200021220011211100101010220100000221,False,22012000212200112111001010102201000002210020201100,False,220120002122001121110010101022010000022100202011001121122001,False,2201200021220011211100101010220100000221002020110011211220011022220111,False
22914,22914,0.124373336375714,010000101001,1010221201,False,10102212012112212101,False,101022120121122121011202212201,False,1010221201211221210112022122010202201121,False,10102212012112212101120221220102022011210101011221,False,101022120121122121011202212201020220112101010112210210222120,False,1010221201211221210112022122010202201121010101122102102221200102210020,False
22916,22916,0.386232843518629,110001111011,1112021022,False,11120210221101211012,False,111202102211012110120100211121,False,1112021022110121101201002111212000122010,False,11120210221101211012010021112120001220101111120120,False,111202102211012110120100211121200012201011111201202002022102,False,1112021022110121101201002111212000122010111112012020020221020120201100,False
23004,23004,0.908051157806883,000001100001,2201012212,False,22010122121102221112,False,220101221211022211121210102020,False,2201012212110222111212101020200220221200,False,22010122121102221112121010202002202212001112021220,False,220101221211022211121210102020022022120011120212200112102200,False,2201012212110222111212101020200220221200111202122001121022000011112100,False
23058,23058,0.978257850665585,001110010001,2221002101,False,22210021010202202002,False,222100210102022020022102112100,False,2221002101020220200221021121000010012100,False,22210021010202202002210211210000100121000012100010,False,222100210102022020022102112100001001210000121000100200002101,False,2221002101020220200221021121000010012100001210001002000021010100002100,False
23516,23516,0.944084986393091,110011101111,2211011200,False,22110112002112200122,False,221101120021122001220020221210,False,2211011200211220012200202212100210000200,False,22110112002112200122002022121002100002000111000000,False,221101120021122001220020221210021000020001110000000202000212,False,2211011200211220012200202212100210000200011100000002020002121120220110,False
23940,23940,0.458300500691044,100101011001,1122200010,False,11222000101011002121,False,112220001010110021211122202211,False,1122200010101100212111222022110022120111,False,11222000101011002121112220221100221201110122222022,False,112220001010110021211122202211002212011101222220221110021222,False,1122200010101100212111222022110022120111012222202211100212221222201020,False
24362,24362,0.710656507846083,001101110111,2011221110,False,20112211101121001002,False,201122111011210010021021110220,False,2011221110112100100210211102200221101002,False,20112211101121001002102111022002211010021102001121,False,201122111011210010021021110220022110100211020011210100121022,False,2011221110112100100210211102200221101002110200112101001210220112001221,False
24374,24374,0.281813550703572,111011111011,1100210112,False,11002101122000000111,False,110021011220000001110102222211,False,1100210112200000011101022222110200110200,False,11002101122000000111010222221102001102002122020012,False,110021011220000001110102222211020011020021220200120102102012,False,1100210112200000011101022222110200110200212202001201021020122101122212,False
24450,24450,0.232474822134337,100001111101,1021212010,False,10212120100221010222,False,102121201002210102221201222220,False,1021212010022101022212012222202010020121,False,10212120100221010222120122222020100201210202022022,False,102121201002210102221201222220201002012102020220220100001220,False,1021212010022101022212012222202010020121020202202201000012201122101111,False
24632,24632,0.061689972139591,001100000111,1001220010,False,10012200100200022110,False,100122001002000221100201001112,False,1001220010020002211002010011121120100010,False,10012200100200022110020100111211201000102122010220,False,100122001002000221100201001112112010001021220102202020211101,False,1001220010020002211002010011121120100010212201022020202111012200110212,False
24644,24644,0.632847014997080,101001001011,2000010002,False,20000100020000102001,False,200001000200001020011101010200,False,2000010002000010200111010102000022010222,False,20000100020000102001110101020000220102221010100122,False,200001000200001020011101010200002201022210101001222011211000,False,2000010002000010200111010102000022010222101010012220112110002200210000,False
24806,24806,0.843467093573185,000011101011,2112012110,False,21120121101201020012,False,211201211012010200122102000212,False,2112012110120102001221020002120022021110,False,21120121101201020012210200021200220211100002200012,False,211201211012010200122102000212002202111000022000120211011000,False,2112012110120102001221020002120022021110000220001202110110002110220102,False
24812,24812,0.629045615001929,101101001111,1222212222,False,12222122221210112020,False,122221222212101120201202101100,False,1222212222121011202012021011000202112112,False,12222122221210112020120210110002021121122112010001,False,122221222212101120201202101100020211211221120100010111111111,False,1222212222121011202012021011000202112112211201000101111111112221212022,False
24858,24858,0.651814279288971,110101101001,2001020211,False,20010202111222000220,False,200102021112220002201022122101,False,2001020211122200022010221221011022020220,False,20010202111222000220102212210110220202201011122012,False,200102021112220002201022122101102202022010111220121101111011,False,2001020211122200022010221221011022020220101112201211011110110120010211,False
25458,25458,0.209666422163434,010111100101,1020222211,False,10202222111111112120,False,102022221111111121201210100011,False,1020222211111111212012101000112221001202,False,10202222111111112120121010001122210012022000100021,False,102022221111111121201210100011222100120220001000212022122100,False,1020222211111111212012101000112221001202200010002120221221002021120112,False
26160,26160,0.122353429326555,001101110101,1010212212,False,10102122122111101222,False,101021221221111012221021110021,False,1010212212211110122210211100210020020201,False,10102122122111101222102111002100200202011201111211,False,101021221221111012221021110021002002020112011112110211100202,False,1010212212211110122210211100210020020201120111121102111002020201210002,False
26324,26324,0.594833015045574,001110011111,1220220022,False,12202200221022111002,False,122022002210221110022111100122,False,1220220022102211100221111001222010210102,False,12202200221022111002211110012220102101021002201112,False,122022002210221110022111100122201021010210022011122101100022,False,1220220022102211100221111001222010210102100220111221011000221001010020,False
26430,26430,0.473386893620063,000100100101,1200102021,False,12001020211212111101,False,120010202112121111012121022100,False,1200102021121211110121210221001120001111,False,12001020211212111101212102210011200011110210220021,False,120010202112121111012121022100112000111102102200211021221011,False,1200102021121211110121210221001120001111021022002110212210112211101120,False
26432,26432,0.735246400762977,001101101111,2020120001,False,20201200010111022212,False,202012000101110222121110202010,False,2020120001011102221211102020102002001222,False,20201200010111022212111020201020020012222002012100,False,202012000101110222121110202010200200122220020121002201120120,False,2020120001011102221211102020102002001222200201210022011201201202212002,False
26462,26462,0.663139007906701,111101110011,2001221111,False,20012211112202211121,False,200122111122022111211210011211,False,2001221111220221112112100112110010011111,False,20012211112202211121121001121100100111111210022100,False,200122111122022111211210011211001001111112100221000020102220,False,2001221111220221112112100112110010011111121002210000201022202200012100,False
26630,26630,0.659337607911550,101100010111,2001201012,False,20012010122212022202,False,200120101222120222021111012020,False,2001201012221202220211110120201021010210,False,20012010122212022202111101202010210102101102210212,False,200120101222120222021111012020102101021011022102120220112221,False,2001201012221202220211110120201021010210110221021202201122212000110211,False
26718,26718,0.181155922199804,000101011101,1012221112,False,10122211120222022120,False,101222111202220221202110201200,False,1012221112022202212021102012000000011120,False,10122211120222022120211020120000000111202210210010,False,101222111202220221202110201200000001112022102100102010102000,False,1012221112022202212021102012000000011120221021001020101020002220212112,False
26732,26732,0.014172472200209,101101000011,1000102102,False,10001021022120221201,False,100010210221202212010110110100,False,1000102102212022120101101101002100012211,False,10001021022120221201011011010021000122110111012212,False,100010210221202212010110110100210001221101110122120111101120,False,1000102102212022120101101101002100012211011101221201111011201102112121,False
27108,27108,0.243759815068205,100101110001,1022021212,False,10220212120220122020,False,102202121202201220201101120201,False,1022021212022012202011011202012220221101,False,10220212120220122020110112020122202211011211122112,False,102202121202201220201101120201222022110112111221122010210012,False,1022021212022012202011011202012220221101121112211220102100122201221220,False
27116,27116,0.291197843639864,000001010111,1101011211,False,11010112111222121211,False,110101121112221212111002121000,False,1101011211122212121110021210002010111102,False,11010112111222121211100212100020101111020212122021,False,110101121112221212111002121000201011110202121220210011112200,False,1101011211122212121110021210002010111102021212202100111122001200120202,False
27434,27434,0.926859479363329,000010110011,2202202010,False,22022020102120020100,False,220220201021200201000001011100,False,2202202010212002010000010111000210222101,False,22022020102120020100000101110002102221010122001121,False,220220201021200201000001011100021022210101220011212000112120,False,2202202010212002010000010111000210222101012200112120001121200002212212,False
27474,27474,0.164049622221627,001011001101,1012022222,False,10120222220112101022,False,101202222201121010221002120001,False,1012022222011210102210021200010020202101,False,10120222220112101022100212000100202021012201112001,False,101202222201121010221002120001002020210122011120010112220022,False,1012022222011210102210021200010020202101220111200101122200220021111000,False
27888,27888,0.368967600805006,100010100101,1111111101,True,11111111010111211111,False,111111110101112111110112121020,False,1111111101011121111101121210200022211102,False,11111111010111211111011212102000222111021001001122,False,111111110101112111110112121020002221110210010011220101200222,False,1111111101011121111101121210200022211102100100112201012002221020201001,False
27890,27890,0.630827107947921,100111101111,1222222211,False,12222222111200102222,False,122222221112001022221201110122,False,1222222211120010222212011101220102202220,False,12222222111200102222120111012201022022200101102011,False,122222221112001022221201110122010220222001011020112112021022,False,1222222211120010222212011101220102202220010110201121120210220122221101,False
28100,28100,0.126075357953982,101000011011,1011000022,False,10110000220020201010,False,101100002200202010102110010100,False,1011000022002020101021100101001012221211,False,10110000220020201010211001010010122212110220100112,False,101100002200202010102110010100101222121102201001122020012202,False,1011000022002020101021100101001012221211022010011220200122021211010210,False
28176,28176,0.076736629384748,110011011101,1002101010,False,10021010100220122110,False,100210101002201221101102012012,False,1002101010022012211011020120122020011210,False,10021010100220122110110201201220200112100101200102,False,100210101002201221101102012012202001121001012001020012011111,False,1002101010022012211011020120122020011210010120010200120111110212220022,False
28446,28446,0.427770093678256,110000001101,1121012100,False,11210121000122212210,False,112101210001222122100101112000,False,1121012100012221221001011120001022010220,False,11210121000122212210010111200010220102200010212011,False,112101210001222122100101112000102201022000102120112000112122,False,1121012100012221221001011120001022010220001021201120001121222002002012,False
28586,28586,0.757935593682297,101101011011,2022002022,False,20220020221020010102,False,202200202210200101021112102021,False,2022002022102001010211121020211012211122,False,20220020221020010102111210202110122111220201200012,False,202200202210200101021112102021101221112202012000120001212022,False,2022002022102001010211121020211012211122020120001200012120221110012201,False
28590,28590,0.281654607968127,011000110101,1100210100,False,11002101002221122000,False,110021010022211220002110112200,False,1100210100222112200021101122001011110102,False,11002101002221122000211011220010111101020122122202,False,110021010022211220002110112200101111010201221222022221002211,False,1100210100222112200021101122001011110102012212220222210022110002020101,False
28746,28746,0.706696165115487,011010101001,2011200112,False,20112001122221112222,False,201120011222211122221021221022,False,2011200112222111222210212210221022122010,False,20112001122221112222102122102210221220101200110222,False,201120011222211122221021221022102212201012001102221010201112,False,2011200112222111222210212210221022122010120011022210102011121002101112,False
29018,29018,0.319589136551910,111101001011,1102100122,False,11021001221010102001,False,110210012210101020011121100200,False,1102100122101010200111211002001111200021,False,11021001221010102001112110020011112000211102200021,False,110210012210101020011121100200111120002111022000211012212010,False,1102100122101010200111211002001111200021110220002110122120100111100212,False
29180,29180,0.530209215128015,010111101011,1210100021,False,12101000211011202110,False,121010002110112021102002210111,False,1210100021101120211020022101110111121020,False,12101000211011202110200221011101111210200120021222,False,121010002110112021102002210111011112102001200212221110221020,False,1210100021101120211020022101110111121020012002122211102210200220012212,False
29376,29376,0.192440915133672,000011010001,1020100121,False,10201001212211020020,False,102010012122110200202011112110,False,1020100121221102002020111121102001021222,False,10201001212211020020201111211020010212221021200100,False,102010012122110200202011112110200102122210212001001202222110,False,1020100121221102002020111121102001021222102120010012022221100222101221,False
29492,29492,0.380292329422735,110101000111,1112000001,False,11120000012020221022,False,111200000120202210221021111000,False,1112000001202022102210211110000121021021,False,11120000012020221022102111100001210210210111221012,False,111200000120202210221021111000012102102101112210122200222201,False,1112000001202022102210211110000121021021011122101222002222010210012012,False
29538,29538,0.403060993709777,110100110001,1120001002,False,11200010022121020221,False,112000100221210202210122222100,False,1120001002212102022101222221001111102212,False,11200010022121020221012222210011111022121021111211,False,112000100221210202210122222100111110221210211112112111212022,False,1120001002212102022101222221001111102212102111121121112120220120221210,False
29934,29934,0.251243408006922,101000111001,1022120201,False,10221202012002021121,False,102212020120020211210202010210,False,1022120201200202112102020102101220022022,False,10221202012002021121020201021012200220222102002221,False,102212020120020211210202010210122002202221020022212022012122,False,1022120201200202112102020102101220022022210200222120220121222210111122,False
30158,30158,0.579508208013388,011010001111,1220000220,False,12200002202022112200,False,122000022020221122000012101220,False,1220000220202211220000121012200011000002,False,12200002202022112200001210122000110000022211201210,False,122000022020221122000012101220001100000222112012100021200121,False,1220000220202211220000121012200011000002221120121000212001210012210212,False
30348,30348,0.456161386590301,101100010001,1122120021,False,11221200212211101220,False,112212002122111012201000211211,False,1122120021221110122010002112110200201012,False,11221200212211101220100021121102002010120210110101,False,112212002122111012201000211211020020101202101101011112100221,False,1122120021221110122010002112110200201012021011010111121002212022200212,False
30552,30552,0.165831115167618,001000101101,1012101200,False,10121012001001122021,False,101210120010011220210010100221,False,1012101200100112202100101002211210020122,False,10121012001001122021001010022112100201220001010211,False,101210120010011220210010100221121002012200010102111010000021,False,1012101200100112202100101002211210020122000101021110100000211021100001,False
30618,30618,0.807194850883809,101100000001,2102112112,False,21021121120201221001,False,210211211202012210011102200001,False,2102112112020122100111022000012101100202,False,21021121120201221001110220000121011002021222200102,False,210211211202012210011102200001210110020212222001021222121011,False,2102112112020122100111022000012101100202122220010212221210112022110100,False
30690,30690,0.234137108028745,111111101001,1021220211,False,10212202112021100100,False,102122021120211001002020102211,False,1021220211202110010020201022111000022201,False,10212202112021100100202010221110000222012202222201,False,102122021120211001002020102211100002220122022222012110211022,False,1021220211202110010020201022111000022201220222220121102110222111201221,False
31112,31112,0.486493115183783,011001100111,1201002001,False,12010020012102022010,False,120100200121020220102001221121,False,1201002001210202201020012211212021220102,False,12010020012102022010200122112120212201021222002111,False,120100200121020220102001221121202122010212220021112202201102,False,1201002001210202201020012211212021220102122200211122022011021201100022,False
31178,31178,0.127856850899974,100100111011,1011001221,False,10110012211010010200,False,101100122110100102002000100011,False,1011001221101001020020001000110201022021,False,10110012211010010200200010001102010220210020102110,False,101100122110100102002000100011020102202100201021102100110200,False,1011001221101001020020001000110201022021002010211021001102002000201220,False
31184,31184,0.913435372328719,011111011111,2201122121,False,22011221210102102202,False,220112212101021022020202210201,False,2201122121010210220202022102010010202120,False,22011221210102102202020221020100102021202100020012,False,220112212101021022020202210201001020212021000200120220110002,False,2201122121010210220202022102010010202120210002001202201100020210202020,False
31266,31266,0.649675165188228,011010100001,2001010100,False,20010101000022121200,False,200101010000221212000112201221,False,2001010100002212120001122012211001002212,False,20010101000022121200011220122110010022121200122202,False,200101010000221212000112201221100100221212001222022012002010,False,2001010100002212120001122012211001002212120012220220120020101221122220,False
31346,31346,0.124055450904823,010101111111,1010221102,False,10102211022220122222,False,101022110222201222222110110220,False,1010221102222012222221101102200022102002,False,10102211022220122222211011022000221020020110120010,False,101022110222201222222110110220002210200201101200101100220001,False,1010221102222012222221101102200022102002011012001011002200011201112012,False
31500,31500,0.287237500909269,010011001001,1101000110,True,11010001102222110111,False,110100011022221101111101002210,False,1101000110222211011111010022102211022021,False,11010001102222110111110100221022110220211011101100,False,110100011022221101111101002210221102202110111011000221121000,False,1101000110222211011111010022102211022021101110110002211210002010220012,False
31778,31778,0.685708993774436,111010101111,2010100102,False,20101001022111020112,False,201010010221110201120202222022,False,2010100102211102011202022220222121102002,False,20101001022111020112020222202221211020022211000001,False,201010010221110201120202222022212110200222110000012001112001,False,2010100102211102011202022220222121102002221100000120011120011012110220,False
31806,31806,0.351742093775244,110010010001,1110201212,False,11102012122021121021,False,111020121220211210211110200120,False,1110201212202112102111102001200000221112,False,11102012122021121021111020012000002211121120010001,False,111020121220211210211110200120000022111211200100012011011200,False,1110201212202112102111102001200000221112112001000120110112002022021200,False
31848,31848,0.850791743776457,100111001101,2112202100,False,21122021000211100002,False,211220210002111000021021222222,False,2112202100021110000210212222222202212102,False,21122021000211100002102122222222022121021020211011,False,211220210002111000021021222222220221210210202110112001100101,False,2112202100021110000210212222222202212102102021101120011001010122220221,False
32076,32076,0.702775558068752,010010000001,2011102202,False,20111022020022022000,False,201110220200220220000220112100,False,2011102202002202200002201121000121010221,False,20111022020022022000022011210001210102210022001202,False,201110220200220220000220112100012101022100220012020121120022,False,2011102202002202200002201121000121010221002200120201211200220120022110,False
32078,32078,0.964635065211667,110110000011,2212220122,False,22122201222102001200,False,221222012221020012001012201010,False,2212220122210200120010122010100210112020,False,22122201222102001200101220101002101120201101202022,False,221222012221020012001012201010021011202011012020222211002101,False,2212220122210200120010122010100210112020110120202222110021012202102021,False
32084,32084,0.750213586640412,111110100111,2021120011,False,20211200110012101222,False,202112001100121012222121211202,False,2021120011001210122221212112022202000020,False,20211200110012101222212121120222020000202022211101,False,202112001100121012222121211202220200002020222111012012010020,False,2021120011001210122221212112022202000020202221110120120100200212210120,False
32202,32202,0.199924508072389,010110011001,1020122001,False,10201220012001202221,False,102012200120012022212001121101,False,1020122001200120222120011211010012022120,False,10201220012001202221200112110100120221200120112021,False,102012200120012022212001121101001202212001201120212201220121,False,1020122001200120222120011211010012022120012011202122012201212121010021,False
32316,32316,0.125916415218537,001110010101,1011000011,True,10110000110101222120,False,101100001101012221200121100011,False,1011000011010122212001211000111000220000,False,10110000110101222120012110001110002200001012211000,False,101100001101012221200121100011100022000010122110002120200001,False,1011000011010122212001211000111000220000101221100021202000011001100001,False
32472,32472,0.550957972365897,010100001001,1211110100,False,12111101002212222121,False,121111010022122221210022011202,False,1211110100221222212100220112020212121200,False,12111101002212222121002201120202121212002202120112,False,121111010022122221210022011202021212120022021201122121222002,False,1211110100221222212100220112020212121200220212011221212220020210011222,False
32474,32474,0.812817479508812,111100011011,2102221111,False,21022211110211222110,False,210222111102112221101101220100,False,2102221111021122211011012201000011111021,False,21022211110211222110110122010000111110210200102201,False,210222111102112221101101220100001111102102001022012111121210,False,2102221111021122211011012201000011111021020010220121111212100001020121,False
32636,32636,0.023437558084917,101110111011,1000201000,False,10002010001011222012,False,100020100010112220122012120002,False,1000201000101122201220121200022012102012,False,10002010001011222012201212000220121020121221110111,False,100020100010112220122012120002201210201212211101110021002000,False,1000201000101122201220121200022012102012122111011100210020000121222000,False
32906,32906,0.374471022378425,101100001011,1111202000,False,11112020000121012210,False,111120200001210122101212201210,False,1111202000012101221012122012100000120110,False,11112020000121012210121220121000001201101202221010,False,111120200001210122101212201210000012011012022210100212010202,False,1111202000012101221012122012100000120110120222101002120102021110100011,False
32964,32964,0.968396729522957,010100110101,2220020101,False,22200201010001022120,False,222002010100010221201001212211,False,2220020101000102212010012122111100210122,False,22200201010001022120100121221111002101222202122111,False,222002010100010221201001212211110021012222021221112012122222,False,2220020101000102212010012122111100210122220212211120121222220020002001,False
33210,33210,0.177116108101486,010111100001,1012210120,False,10122101202220101021,False,101221012022201010212110022200,False,1012210120222010102121100222002001021101,False,10122101202220101021211002220020010211010212211010,False,101221012022201010212110022200200102110102122110100121112101,False,1012210120222010102121100222002001021101021221101001211121010201121001,False
33698,33698,0.070835850972715,111100100011,1002011222,False,10020112222210110002,False,100201122222101100022021120200,False,1002011222221011000220211202000202122212,False,10020112222210110002202112020002021222122020210101,False,100201122222101100022021120200020212221220202101012212210010,False,1002011222221011000220211202000202122212202021010122122100102020222101,False
34532,34532,0.266250329568218,001110001111,1100011200,False,11000112002201001112,False,110001120022010011121120022200,False,1100011200220100111211200222002210120211,False,11000112002201001112112002220022101202111201222112,False,110001120022010011121120022200221012021112012221121022200021,False,1100011200220100111211200222002210120211120122211210222000210110011201,False
34568,34568,0.979721458140686,001011110111,2221012211,False,22210122110002222021,False,222101221100022220211121112210,False,2221012211000222202111211122100111202202,False,22210122110002222021112111221001112022022121210220,False,222101221100022220211121112210011120220221212102202020020121,False,2221012211000222202111211122100111202202212121022020200201210200210200,False
34656,34656,0.501539772428940,101111111101,1201211210,False,12012112102000200202,False,120121121020002002021102210120,False,1201211210200020020211022101202212102220,False,12012112102000200202110221012022121022201212121002,False,120121121020002002021102210120221210222012121210021222210221,False,1201211210200020020211022101202212102220121212100212222102210210022111,False
34908,34908,0.495837672436214,000001110101,1201112220,False,12011122201020202111,False,120111222010202021111122120000,False,1201112220102020211111221200000210102011,False,12011122201020202111112212000002101020110212111000,False,120111222010202021111122120000021010201102121110000120000021,False,1201112220102020211111221200000210102011021211100001200000211020112121,False
34926,34926,0.852573236722448,100100101101,2112212222,False,21122122221101212210,False,211221222211012122102212002101,False,2112212222110121221022120021011100112120,False,21122122221101212210221200210111001121200211000021,False,211221222211012122102212002101110011212002110000210000101001,False,2112212222110121221022120021011100112120021100002100001010012002200120,False
34980,34980,0.922779929581150,011010011101,2202102010,False,22021020100120002012,False,220210201001200020121222011001,False,2202102010012000201212220110010002220021,False,22021020100120002012122201100100022200211221120102,False,220210201001200020121222011001000222002112211201022111021110,False,2202102010012000201212220110010002220021122112010221110211101010112100,False
35016,35016,0.636251058153617,101001000101,2000022112,False,20000221122102120200,False,200002211221021202000002110020,False,2000022112210212020000021100201001110201,False,20000221122102120200000211002010011102011021201111,False,200002211221021202000002110020100111020110212011111021021220,False,2000022112210212020000021100201001110201102120111110210212201120012021,False
35018,35018,0.898110565296532,111011001111,2200102101,False,22001021012020102220,False,220010210120201022200010021022,False,2200102101202010222000100210221101221221,False,22001021012020102220001002102211012212212201021222,False,220010210120201022200010021022110122122122010212222200201112,False,2200102101202010222000100210221101221221220102122222002011122002021000,False
35232,35232,0.917077829588424,101000010101,2201221120,False,22012211201021201120,False,220122112010212011202000201010,False,2201221120102120112020002010102022220122,False,22012211201021201120200020101020222201221212101112,False,220122112010212011202000201010202222012212121011122202221001,False,2201221120102120112020002010102022220122121210111222022210011210120212,False
35234,35234,0.178937336731339,111000111111,1012212100,False,10122121002120102200,False,101221210021201022002220022111,False,1012212100212010220022200221112000221221,False,10122121002120102200222002211120002212212111101200,False,101221210021201022002220022111200022122121111012001220022010,False,1012212100212010220022200221112000221221211110120012200220102010121001,False
35628,35628,0.765260243885569,000100111101,2022120212,False,20221202120021000100,False,202212021200210001000202100011,False,2022120212002100010002021000110111222010,False,20221202120021000100020210001101112220101121221110,False,202212021200210001000202100011011122201011212211102022122102,False,2022120212002100010002021000110111222010112122111020221221020022022122,False
35640,35640,0.336417286743058,100110100001,1110001222,False,11100012220102102212,False,111000122201021022121122210211,False,1110001222010210221211222102111120222202,False,11100012220102102212112221021111202222022201210201,False,111000122201021022121122210211112022220222012102010110020221,False,1110001222010210221211222102111120222202220121020101100202211010002220,False
36152,36152,0.372451115329266,101110101111,1111122120,False,11111221201002121210,False,111112212010021212100121222210,False,1111122120100212121001212222100110201110,False,11111221201002121210012122221001102011100121102201,False,111112212010021212100121222210011020111001211022010220121010,False,1111122120100212121001212222100110201110012110220102201210102221022211,False
36384,36384,0.748153943907391,110010101101,2021102101,False,20211021011220100001,False,202110210112201000010122210020,False,2021102101122010000101222100202120000001,False,20211021011220100001012221002021200000010120110220,False,202110210112201000010122210020212000000101201102202201200210,False,2021102101122010000101222100202120000001012011022022012002101212122111,False
36638,36638,0.004311351057580,011011101111,1000010110,True,10000101101100102120,False,100001011011001021200112211022,False,1000010110110010212001122110220202202210,False,10000101101100102120011221102202022022100010102122,False,100001011011001021200112211022020220221000101021222110201212,False,1000010110110010212001122110220202202210001010212221102012122120212100,False
36666,36666,0.670344451058389,100001010001,2002101112,False,20021011120011001202,False,200210111200110012021100212100,False,2002101112001100120211002121000210020002,False,20021011120011001202110021210002100200020021222210,False,200210111200110012021100212100021002000200212222100021102111,False,2002101112001100120211002121000210020002002122221000211021110021212121,False
36668,36668,0.932203958201304,100011110011,2210012000,False,22100120002012102100,False,221001200020121021000211011010,False,2210012000201210210002110110101001022002,False,22100120002012102100021101101010010220022101122201,False,221001200020121021000211011010100102200221011222010100220022,False,2210012000201210210002110110101001022002210112220101002200221101111111,False
36692,36692,0.074518043916282,010010111111,1002022012,False,10020220120112001010,False,100202201201120010101112122110,False,1002022012011200101011121221100221112010,False,10020220120112001010111212211002211120100210000121,False,100202201201120010101112122110022111201002100001210202002011,False,1002022012011200101011121221100221112010021000012102020020111120022020,False
36836,36836,0.928402558206153,101010010111,2202212120,False,22022121200220211220,False,220221212002202112200110021212,False,2202212120022021122001100212121121122221,False,22022121200220211220011002121211211222211100112112,False,220221212002202112200110021212112112222111001121121121220122,False,2202212120022021122001100212121121122221110011211211212201222120222212,False
36870,36870,0.380014179635706,111001101101,1111222201,False,11112222011212012100,False,111122220112120121001102020110,False,1111222201121201210011020201101011012201,False,11112222011212012100110202011010110122010020202212,False,111122220112120121001102020110101101220100202022121100122101,False,1111222201121201210011020201101011012201002020221211001221010110222220,False
37086,37086,0.660840951070512,110010111101,2001210201,False,20012102010021002210,False,200121020100210022101110111112,False,2001210201002100221011101111120120012121,False,20012102010021002210111011111201200121211100012010,False,200121020100210022101110111112012001212111000120101100020021,False,2001210201002100221011101111120120012121110001201011000200212222001122,False
37478,37478,0.985304351081828,011010010011,2221200222,False,22212002220221211120,False,222120022202212111201001112020,False,2221200222022121112010011120201110012211,False,22212002220221211120100111202011100122112000120202,False,222120022202212111201001112020111001221120001202021101120012,False,2221200222022121112010011120201110012211200012020211011200120211000010,False
37928,37928,0.903693458237674,101011101011,2200212102,False,22002121021200101220,False,220021210212001012200220122021,False,2200212102120010122002201220210021020021,False,22002121021200101220022012202100210200212022021121,False,220021210212001012200220122021002102002120220211211210220122,False,2200212102120010122002201220210021020021202202112112102201220202100002,False
37980,37980,0.712040643953461,001101101001,2012000212,False,20120002122202122221,False,201200021222021222210120010110,False,2012000212220212222101200101102021101112,False,20120002122202122221012001011020211011120120010022,False,201200021222021222210120010110202110111201200100221020011210,False,2012000212220212222101200101102021101112012001002210200112100102011100,False
37988,37988,0.759478672525121,010100011111,2022012011,False,20220120110121022210,False,202201201101210222100021021022,False,2022012011012102221000210210222022200012,False,20220120110121022210002102102220222000121011121011,False,202201201101210222100021021022202220001210111210110120121201,False,2022012011012102221000210210222022200012101112101101201212010010202111,False
38304,38304,0.133280801105671,011110001001,1011020221,False,10110202212020210011,False,101102022120202100111001211021,False,1011020221202021001110012110212102122101,False,10110202212020210011100121102121021221011112002210,False,101102022120202100111001211021210212210111120022101211022002,False,1011020221202021001110012110212102122101111200221012110220020221220120,False
38474,38474,0.391338908253435,100001011111,1112111120,False,11121111202010211002,False,111211112020102110020222001200,False,1112111120201021100202220012002122021011,False,11121111202010211002022200120021220210111122121210,False,111211112020102110020222001200212202101111221212101022100022,False,1112111120201021100202220012002122021011112212121010221000221222101101,False
38580,38580,0.269892786827923,001111100101,1100022121,False,11000221211220212122,False,110002212112202121220021221012,False,1100022121122021212200212210120011012121,False,11000221211220212122002122101200110121211020211211,False,110002212112202121220021221012001101212110202112111120021010,False,1100022121122021212200212210120011012121102021121111200210100120011000,False
38652,38652,0.696835043972859,011110001101,2011001110,False,20110011102222100222,False,201100111022221002221021101000,False,2011001110222210022210211010000212020002,False,20110011102222100222102110100002120200020000010011,False,201100111022221002221021101000021202000200000100111221002021,False,2011001110222210022210211010000212020002000001001112210020210101122022,False
39098,39098,0.091505136842876,010000110011,1002212002,False,10022120021202011122,False,100221200212020111221202012200,False,1002212002120201112212020122002010201112,False,10022120021202011122120201220020102011121122202210,False,100221200212020111221202012200201020111211222022100211201111,False,1002212002120201112212020122002010201112112220221002112011112100200112,False
39224,39224,0.588654086846513,110011001011,1220112211,False,12201122111102012100,False,122011221111020121000112012100,False,1220112211110201210001120121001112120101,False,12201122111102012100011201210011121201012112202222,False,122011221111020121000112012100111212010121122022220212220022,False,1220112211110201210001120121001112120101211220222202122200222221202112,False
39354,39354,0.609522051135980,110110011101,1221202002,False,12212020022212222112,False,122120200222122221121002110120,False,1221202002221222211210021101201021112112,False,12212020022212222112100211012010211121122000111211,False,122120200222122221121002110120102111211220001112110000121021,False,1221202002221222211210021101201021112112200011121100001210210021010122,False
39368,39368,0.442538601136384,010000000011,1121220102,False,11212201020222122112,False,112122010202221221120010000110,False,1121220102022212211200100001100111102220,False,11212201020222122112001000011001111022201200112100,False,112122010202221221120010000110011110222012001121001110121022,False,1121220102022212211200100001100111102220120011210011101210221111000110,False
39374,39374,0.228117122565128,010000100111,1021200121,False,10212001212212001111,False,102120012122120011112021101100,False,1021200121221200111120211011001211121202,False,10212001212212001111202110110012111212020012222100,False,102120012122120011112021101100121112120200122221000111021220,False,1021200121221200111120211011001211121202001222210001110212200010121201,False
39390,39390,0.322993179708447,100101000101,1102111112,False,11021111120102120012,False,110211111201021200122200001210,False,1102111112010212001222000012101210202020,False,11021111120102120012220000121012102020202220202020,False,110211111201021200122200001210121020202022202020202011120122,False,1102111112010212001222000012101210202020222020202020111201221201101122,False
39392,39392,0.584852686851362,101111001111,1220100000,False,12201000002120102021,False,122010000021201020212120002101,False,1220100000212010202121200021012102000000,False,12201000002120102021212000210121020000000212222222,False,122010000021201020212120002101210200000002122222222220002212,False,1220100000212010202121200021012102000000021222222222200022121021212012,False
39492,39492,0.677828043997106,100100011001,2002212002,False,20022120021020200122,False,200221200210202001220200020111,False,2002212002102020012202000201110101000201,False,20022120021020200122020002011101010002012200002202,False,200221200210202001220200020111010100020122000022022022022212,False,2002212002102020012202000201110101000201220000220220220222120011212110,False
39606,39606,0.603819951143254,100100010101,1221102012,False,12211020122112022210,False,122110201221120222102122222101,False,1221102012211202221021222221012201101221,False,12211020122112022210212222210122011012212211200222,False,122110201221120222102122222101220110122122112002222110212101,False,1221102012211202221021222221012201101221221120022221102121010011201201,False
39608,39608,0.865679458286169,101100111111,2120212221,False,21202122212101002202,False,212021222121010022020112222012,False,2120212221210100220201122220121121212121,False,21202122212101002202011222201211212121211210021022,False,212021222121010022020112222012112121212112100210222022011011,False,2120212221210100220201122220121121212121121002102220220110111020022021,False
39698,39698,0.649357279717338,010011000111,2001002211,False,20010022110020001202,False,200100221100200012021120200222,False,2001002211002000120211202002222012021001,False,20010022110020001202112020022220120210012012201210,False,200100221100200012021120200222201202100120122012101221012001,False,2001002211002000120211202002222012021001201220121012210120012020211101,False
40556,40556,0.987085844027819,101010110011,2221212012,False,22212120120110000112,False,222121201201100001121012210201,False,2221212012011000011210122102010120102212,False,22212120120110000112101221020101201022121020211110,False,222121201201100001121012210201012010221210202111101011112220,False,2221212012011000011210122102010120102212102021111010111122200120002100,False
40826,40826,0.338119308321327,001010000011,1110010221,False,11100102211100122112,False,111001022111001221122000010122,False,1110010221110012211220000101220220201012,False,11100102211100122112200001012202202010120102102211,False,111001022111001221122000010122022020101201021022110121200111,False,1110010221110012211220000101220220201012010210221101212001110122221121,False
41012,41012,0.691053472612410,001111101111,2010200120,False,20102001200002012201,False,201020012000020122012000222211,False,2010200120000201220120002222111022110000,False,20102001200002012201200022221110221100000020212010,False,201020012000020122012000222211102211000000202120100120011020,False,2010200120000201220120002222111022110000002021201001200110201211122201,False
41042,41042,0.618946079756133,010111110011,1222021221,False,12220212210101021222,False,122202122101010212222102202002,False,1222021221010102122221022020022121200100,False,12220212210101021222210220200221212001000111011000,False,122202122101010212222102202002212120010001110110002001020120,False,1222021221010102122221022020022121200100011101100020010201202001002200,False
41064,41064,0.499400658328197,000010010101,1201201211,False,12012012111112210000,False,120120121111122100001220121101,False,1201201211111221000012201211010211020102,False,12012012111112210000122012110102110201021020222201,False,120120121111122100001220121101021102010210202222012002200110,False,1201201211111221000012201211010211020102102022220120022001101022222121,False
41066,41066,0.761260165471112,000110111111,2022022110,False,20220221100001201000,False,202202211000012010002112210211,False,2022022110000120100021122102112002122120,False,20220221100001201000211221021120021221200200022122,False,202202211000012010002112210211200212212002000221220210120121,False,2022022110000120100021122102112002122120020002212202101201211202222111,False
41298,41298,0.136962994049237,101011011101,1011101101,True,10111011010100102120,False,101110110101001021202221110022,False,1011101101010010212022211100222101021100,False,10111011010100102120222111002221010211002122011001,False,101110110101001021202221110022210102110021220110011111001221,False,1011101101010010212022211100222101021100212201100111110012212000102121,False
41372,41372,0.825764758337088,101000110111,2110212222,False,21102122222220021022,False,211021222222200210221220001222,False,2110212222222002102212200012222110012211,False,21102122222220021022122000122221100122111201201221,False,211021222222200210221220001222211001221112012012212101220010,False,2110212222222002102212200012222110012211120120122121012200101012020022,False
41568,41568,0.487996458342745,101000001101,1201011010,False,12010110100222121202,False,120101101002221212022202011202,False,1201011010022212120222020112022121022011,False,12010110100222121202220201120221210220110200221121,False,120101101002221212022202011202212102201102002211210210202222,False,1201011010022212120222020112022121022011020022112102102022220220221022,False
41688,41688,0.199566886917638,000011110001,1020121201,False,10201212010011200102,False,102012120100112001020200111120,False,1020121201001120010202001111202212221012,False,10201212010011200102020011112022122210121122011011,False,102012120100112001020200111120221222101211220110110022000011,False,1020121201001120010202001111202212221012112201101100220000111120200221,False
42270,42270,0.400683465505866,100000011101,1112221010,False,11122210102202112101,False,111222101022021121010201200121,False,1112221010220211210102012001211122120202,False,11122210102202112101020120012111221202021202220222,False,111222101022021121010201200121112212020212022202222001110011,False,1112221010220211210102012001211122120202120222022220011100110122220020,False
42302,42302,0.590435579792504,111111101011,1220122120,False,12201221200021112102,False,122012212000211121021021122202,False,1220122120002111210210211222022100120202,False,12201221200021112102102112220221001202022200121002,False,122012212000211121021021122202210012020222001210022112021110,False,1220122120002111210210211222022100120202220012100221120211100020121120,False
42614,42614,0.440518694087225,011101000111,1121210210,False,11212102101010222220,False,112121021010102222200222101102,False,1121210210101022222002221011022112101222,False,11212102101010222220022210110221121012220112211102,False,112121021010102222200222101102211210122201122111021122210011,False,1121210210101022222002221011022112101222011221110211222100112011220002,False
42660,42660,0.463287358374267,001100110001,1122220202,False,11222202020212020200,False,112222020202120202000020112102,False,1122220202021202020000201121022201212102,False,11222202020212020200002011210222012121020102022111,False,112222020202120202000020112102220121210201020221112122010001,False,1122220202021202020000201121022201212102010202211121220100011122011021,False
42768,42768,0.603700744091670,011011000001,1221102000,False,12211020002112000101,False,122110200021120001011000210102,False,1221102000211200010110002101021211221200,False,12211020002112000101100021010212112212000001110111,False,122110200021120001011000210102121122120000011101111110002111,False,1221102000211200010110002101021211221200000111011111100021111201202221,False
42930,42930,0.814320822667775,000100100001,2110001102,False,21100011022020111002,False,211000110220201110020121112001,False,2110001102202011100201211120012202212210,False,21100011022020111002012111200122022122101021001202,False,211000110220201110020121112001220221221010210012022102020201,False,2110001102202011100201211120012202212210102100120221020202012202212121,False
42932,42932,0.076180329810690,001101100011,1002100122,False,10021001220122212210,False,100210012201222122102221100020,False,1002100122012221221022211000202120021120,False,10021001220122212210222110002021200211201120010210,False,100210012201222122102221100020212002112011200102100201222222,False,1002100122012221221022211000202120021120112001021002012222222120021111,False
43112,43112,0.643535972673028,100010001011,2000202022,False,20002020222221212202,False,200020202222212122022110100012,False,2000202022222121220221101000120012200101,False,20002020222221212202211010001200122001011221102022,False,200020202222212122022110100012001220010112211020220002221120,False,2000202022222121220221101000120012200101122110202200022211202002012211,False
43404,43404,0.875024015538600,000011111101,2121121102,False,21211211021112221010,False,212112110211122210102101200122,False,2121121102111222101021012001220202011100,False,21211211021112221010210120012202020111001010212222,False,212112110211122210102101200122020201110010102122220020001022,False,2121121102111222101021012001220202011100101021222200200010221000200102,False
43904,43904,0.339900801267318,000010100011,1110020000,False,11100200001002010220,False,111002000010020102200102212112,False,1110020000100201022001022121122200020020,False,11100200001002010220010221211222000200200022100120,False,111002000010020102200102212112220002002000221001200221001111,False,1110020000100201022001022121122200020020002210012002210011111100200102,False
44118,44118,0.358868065559210,010010110001,1111001022,False,11110010221021211010,False,111100102210212110101220120200,False,1111001022102121101012201202002022101202,False,11110010221021211010122012020020221012021001010120,False,111100102210212110101220120200202210120210010101202202212220,False,1111001022102121101012201202002022101202100101012022022122201200220110,False
44732,44732,0.749736758434076,100100101011,2021112021,False,20211120211200122112,False,202111202112001221120022000000,False,2021112021120012211200220000001101202021,False,20211120211200122112002200000011012020211012120022,False,202111202112001221120022000000110120202110121200222000100100,False,2021112021120012211200220000001101202021101212002220001001001221122020,False
44928,44928,0.411968458439734,001010010001,1120110021,False,11201100210202122211,False,112011002102021222111212022220,False,1120110021020212221112120222202002200012,False,11201100210202122211121202222020022000120002111101,False,112011002102021222111212022220200220001200021111011022201120,False,1120110021020212221112120222202002200012000211110110222011201221101021,False
44930,44930,0.673827965582649,011110110011,2002121100,False,20021211002000112210,False,200212110020001122100111002212,False,2002121100200011221001110022122210120020,False,20021211002000112210011100221222101200202010022211,False,200212110020001122100111002212221012002020100222112202122002,False,2002121100200011221001110022122210120020201002221122021220022120211200,False
45692,45692,0.442300187033216,101011100111,1121220002,False,11212200022211200202,False,112122000222112002021112102121,False,1121220002221120020211121021212100210002,False,11212200022211200202111210212121002100020221001210,False,112122000222112002021112102121210021000202210012101001201111,False,1121220002221120020211121021212100210002022100121010012011111210021012,False
45810,45810,0.892011108465194,000001011001,2122221100,False,21222211000102222022,False,212222110001022220221011100102,False,2122221100010222202210111001020200002210,False,21222211000102222022101110010202000022101210011022,False,212222110001022220221011100102020000221012100110222102120212,False,2122221100010222202210111001020200002210121001102221021202121212121020,False
45926,45926,0.079862522754256,110111111111,1002110211,False,10021102112220121112,False,100211021122201211121000102120,False,1002110211222012111210001021201022102000,False,10021102112220121112100010212010221020001021101012,False,100211021122201211121000102120102210200010211010122001212010,False,1002110211222012111210001021201022102000102110101220012120102211212020,False
46070,46070,0.933747037044127,010111010111,2210022110,False,22100221102012010120,False,221002211020120101201022122222,False,2210022110201201012010221222220102210012,False,22100221102012010120102212222201022100121120112121,False,221002211020120101201022122222010221001211201121211100101112,False,2210022110201201012010221222220102210012112011212111001011120011200010,False
46086,46086,0.028623094187446,001100110101,1000212021,False,10002120212100011100,False,100021202121000111002010121112,False,1000212021210001110020101211122110121122,False,10002120212100011100201012111221101211220101001100,False,100021202121000111002010121112211012112201010011002102010112,False,1000212021210001110020101211122110121122010100110021020101121101010012,False
46190,46190,0.645317465619020,001110101011,2000212020,False,20002120200112211102,False,200021202001122111020221001001,False,2000212020011221110202210010011200121201,False,20002120200112211102022100100112001212011212102001,False,200021202001122111020221001001120012120112121020011020012201,False,2000212020011221110202210010011200121201121210200110200122011101122021,False
46196,46196,0.430895987047764,110100001111,1121100100,False,11211001001122201101,False,112110010011222011010210210011,False,1121100100112220110102102100111201001012,False,11211001001122201101021021001112010010122111211101,False,112110010011222011010210210011120100101221112111012100020112,False,1121100100112220110102102100111201001012211121110121000201120010201222,False
46712,46712,0.990648829919802,011011010011,2222011122,False,22220111221102121112,False,222201112211021211121011200121,False,2222011122110212111210112001210212210022,False,22220111221102121112101120012102122100220120022002,False,222201112211021211121011200121021221002201200220020220212021,False,2222011122110212111210112001210212210022012002200202202120212221000101,False
46728,46728,0.085524887063121,010001101001,1002122211,False,10021222110011201111,False,100212221100112011110201022002,False,1002122211001120111102010220020011011000,False,10021222110011201111020102200200110110000100212111,False,100212221100112011110201022002001101100001002121112120211012,False,1002122211001120111102010220020011011000010021211121202110120010222111,False
47142,47142,0.290442865646500,100111000001,1101011000,True,11010110000120110021,False,110101100001201100211011002210,False,1101011000012011002110110022101221020001,False,11010110000120110021101100221012210200011000110120,False,110101100001201100211011002210122102000110001101202122220001,False,1101011000012011002110110022101221020001100011012021222200012202101220,False
47328,47328,0.643377029937583,000011100101,2000202002,False,20002020020001101010,False,200020200200011010100210202110,False,2000202002000110101002102021100012210012,False,20002020020001101010021020211000122100122101102222,False,200020200200011010100210202110001221001221011022222200200220,False,2000202002000110101002102021100012210012210110222222002002200111000010,False
47430,47430,0.998211894226242,111100111001,2222211201,False,22222112010100101120,False,222221120101001011200100221111,False,2222211201010010112001002211112022211001,False,22222112010100101120010022111120222110011210101212,False,222221120101001011200100221111202221100112101012120112120220,False,2222211201010010112001002211112022211001121010121201121202202102022200,False
47486,47486,0.330278094227858,110110001011,1102210212,False,11022102122000120102,False,110221021220001201021200222202,False,1102210212200012010212002222022122211120,False,11022102122000120102120022220221222111201201110110,False,110221021220001201021200222202212221112012011101102211101012,False,1102210212200012010212002222022122211120120111011022111010121011212012,False
47886,47886,0.702179522810833,111001001101,2011101201,False,20111012010122120221,False,201110120101221202212002022200,False,2011101201012212022120020222001222012211,False,20111012010122120221200202220012220122110022110212,False,201110120101221202212002022200122201221100221102120121212101,False,2011101201012212022120020222001222012211002211021201212121012201010000,False
48332,48332,0.096849615680850,110001110011,1010000211,False,10100002112020200120,False,101000021120202001202020021002,False,1010000211202020012020200210021002122122,False,10100002112020200120202002100210021221220211210011,False,101000021120202001202020021002100212212202112100112112121011,False,1010000211202020012020200210021002122122021121001121121210110120102220,False
48602,48602,0.447883079974358,100001000011,1122011101,False,11220111012102101111,False,112201110121021011111002212200,False,1122011101210210111110022122000012002001,False,11220111012102101111100221220000120020010101100010,False,112201110121021011111002212200001200200101011000102022120100,False,1122011101210210111110022122000012002001010110001020221201001222211111,False
48888,48888,0.893792601411185,100010111001,2200002010,False,22000020102122222010,False,220000201021222220102211202200,False,2200002010212222201022112022002120010202,False,22000020102122222010221120220021200102022002010102,False,220000201021222220102211202200212001020220020101021012211100,False,2200002010212222201022112022002120010202200201010210122111002000100001,False
48978,48978,0.677470422842354,100001110001,2002211111,False,20022111110101221012,False,200221111101012210120211112012,False,2002211111010122101202111120120012002020,False,20022111110101221012021111201200120020200112012011,False,200221111101012210120211112012001200202001120120112200201111,False,2002211111010122101202111120120012002020011201201122002011111101220220,False
49506,49506,0.808380308571881,101010101101,2102121211,False,21021212111112021121,False,210212121111120211212012122021,False,2102121211111202112120121220212012212110,False,21021212111112021121201212202120122121100120222011,False,210212121111120211212012122021201221211001202220112212201010,False,2102121211111202112120121220212012212110012022201122122010100110111222,False
49592,49592,0.068339115717221,001001101011,1002002211,False,10020022111221212112,False,100200221112212121120222012212,False,1002002211122121211202220122121202110121,False,10020022111221212112022201221212021101212212011010,False,100200221112212121120222012212120211012122120110100001122220,False,1002002211122121211202220122121202110121221201101000011222201011221010,False
50208,50208,0.721067315735002,101010111101,2012121202,False,20121212022102221112,False,201212120221022211120102201010,False,2012121202210222111201022010100120212202,False,20121212022102221112010220101001202122022112100022,False,201212120221022211120102201010012021220221121000222210121001,False,2012121202210222111201022010100120212202211210002222101210012101221202,False
50456,50456,0.191646201456446,000001011011,1020022211,False,10200222112011021222,False,102002221120110212222200102000,False,1020022211201102122222001020001210210201,False,10200222112011021222220010200012102102010010122222,False,102002221120110212222200102000121021020100101222220210212000,False,1020022211201102122222001020001210210201001012222202102120000000212222,False
50606,50606,0.831109237175062,110101110111,2111021122,False,21110211220100022012,False,211102112201000220121102021201,False,2111021122010002201211020212011221212022,False,21110211220100022012110202120112212120220201120110,False,211102112201000220121102021201122121202202011201102020220120,False,2111021122010002201211020212011221212022020112011020202201202121110010,False
50876,50876,0.182142701468570,110100000111,1012222111,False,10122221111010110010,False,101222211110101100102100222012,False,1012222111101011001021002220121001002112,False,10122221111010110010210022201210010021122110101222,False,101222211110101100102100222012100100211221101012220201221210,False,1012222111101011001021002220121001002112211010122202012212100021210120,False
50888,50888,0.753299744326059,010001001011,2021202210,False,20212022101110011202,False,202120221011100112022201220211,False,2021202210111001120222012202112100010200,False,20212022101110011202220122021121000102000200020000,False,202120221011100112022201220211210001020002000200002111200002,False,2021202210111001120222012202112100010200020002000021112000020010101101,False
51408,51408,0.836771601483926,110000110001,2111200222,False,21112002220120012202,False,211120022201200122020122222222,False,2111200222012001220201222222222000120022,False,21112002220120012202012222222220001200220220200001,False,211120022201200122020122222222200012002202202000010102021212,False,2111200222012001220201222222222000120022022020000101020212121020122022,False
51596,51596,0.451565272917925,001001011111,1122100020,False,11221000200221000022,False,112210002002210000220120201221,False,1122100020022100002201202012212011212210,False,11221000200221000022012020122120112122102011210220,False,112210002002210000220120201221201121221020112102200110010200,False,1122100020022100002201202012212011212210201121022001100102000002210022,False
51642,51642,0.474333937204967,101011011001,1200110120,False,12001101200021021012,False,120011012000210210120110020120,False,1200110120002102101201100201201221102221,False,12001101200021021012011002012012211022212221201000,False,120011012000210210120110020120122110222122212010000100201102,False,1200110120002102101201100201201221102221222120100001002011020120221000,False
51756,51756,0.400325844351115,111111010101,1112220200,False,11122202002201221020,False,111222020022012210201111100202,False,1112220200220122102011111002022000112011,False,11122202002201221020111110020220001120111011020212,False,111222020022012210201111100202200011201110110202122012112210,False,1112220200220122102011111002022000112011101102021220121122100220111121,False
51914,51914,0.087226908641390,001011011011,1002201022,False,10022010221120122012,False,100220102211201220120110101000,False,1002201022112012201201101010001122000100,False,10022010221120122012011010100011220001002020002121,False,100220102211201220120110101000112200010020200021210000100100,False,1002201022112012201201101010001122000100202000212100001001002221010020,False
52026,52026,0.751359308644623,011110000101,2021122020,False,20211220201202211111,False,202112202012022111111201202221,False,2021122020120221111112012022212110120201,False,20211220201202211111120120222121101202011021101110,False,202112202012022111111201202221211012020110211011101211210222,False,2021122020120221111112012022212110120201102110111012112102222100210111,False
52218,52218,0.889871994364450,101000010001,2122202210,False,21222022100010220022,False,212220221000102200220000120121,False,2122202210001022002200001201212111121001,False,21222022100010220022000012012121111210010012121100,False,212220221000102200220000120121211112100100121211001002212201,False,2122202210001022002200001201212111121001001212110010022122012122020100,False
52220,52220,0.151731501507365,111000110011,1011220020,False,10112200201001201210,False,101122002010012012101200020221,False,1011220020100120121012000202211110001010,False,10112200201001201210120002022111100010101102111021,False,101122002010012012101200020221111000101011021110210111021112,False,1011220020100120121012000202211110001010110211102101110211122111122211,False
52476,52476,0.669748415800469,101110011101,2002100112,False,20021001120102102021,False,200210011201021020212212221221,False,2002100112010210202122122212212122000221,False,20021001120102102021221222122121220002211212210100,False,200210011201021020212212221221212200022112122101002110110102,False,2002100112010210202122122212212122000221121221010021101101022121002201,False
52488,52488,0.240905458657958,101000000001,1022011212,False,10220112122021002010,False,102201121220210020101211022110,False,1022011212202100201012110221100022212200,False,10220112122021002010121102211000222122002122220110,False,102201121220210020101211022110002221220021222201101222121021,False,1022011212202100201012110221100022212200212222011012221210210001000021,False
52490,52490,0.502764965800873,111000000011,1201220111,False,12012201112000102211,False,120122011120001022112102202021,False,1201220111200010221121022020210102211121,False,12012201112000102211210220202101022111210112212121,False,120122011120001022112102202021010221112101122121212122110200,False,1201220111200010221121022020210102211121011221212121221102001001100101,False
52560,52560,0.667847715802894,011011101001,2002020100,False,20020201001100020220,False,200202010011000202202021202021,False,2002020100110002022020212020212212022000,False,20020201001100020220202120202122120220000100212022,False,200202010011000202202021202021221202200001002120222022101010,False,2002020100110002022020212020212212022000010021202220221010102122101100,False
52568,52568,0.715285744374553,110110011111,2012020120,False,20120201201212012021,False,201202012012120120212021001111,False,2012020120121201202120210011110210202122,False,20120201201212012021202100111102102021222001101120,False,201202012012120120212021001111021020212220011011201101101020,False,2012020120121201202120210011110210202122200110112011011010201121012102,False
52676,52676,0.855699130091957,110101101111,2120010101,False,21200101010200020020,False,212001010102000200201000010020,False,2120010101020002002010000100202101021010,False,21200101010200020020100001002021010210100111121020,False,212001010102000200201000010020210102101001111210202100100012,False,2120010101020002002010000100202101021010011112102021001000121101010002,False
52976,52976,0.134625201529188,010101000011,1011022012,False,10110220121021220000,False,101102201210212200002021011022,False,1011022012102122000020210110220021120220,False,10110220121021220000202101102200211202202010211211,False,101102201210212200002021011022002112022020102112112222021120,False,1011022012102122000020210110220021120220201021121122220211201201101200,False
53516,53516,0.836692130116204,001100010011,2111200210,False,21112002102122012010,False,211120021021220120101102200020,False,2111200210212201201011022000202120222012,False,21112002102122012010110220002021202220122000112220,False,211120021021220120101102200020212022201220001122200112102201,False,2111200210212201201011022000202120222012200011222001121022010021210112,False
53622,53622,0.715246008690692,101101100001,2012020111,False,20120201112012111002,False,201202011120121110021112201020,False,2012020111201211100211122010202022020221,False,20120201112012111002111220102020220202212010000200,False,201202011120121110021112201020202202022120100002000012022222,False,2012020111201211100211122010202022020221201000020000120222220120110022,False
53748,53748,0.212394958694329,111001111001,1021002120,False,10210021202200122212,False,102100212022001222121211020020,False,1021002120220012221212110200200200012121,False,10210021202200122212121102002002000121212110202120,False,102100212022001222121211020020020001212121102021201000000102,False,1021002120220012221212110200200200012121211020212010000001021120010100,False
53954,53954,0.183924194414561,100010100111,1020001020,False,10200010201102210112,False,102000102011022101120010220022,False,1020001020110221011200102200221110012010,False,10200010201102210112001022002211100120101001020200,False,102000102011022101120010220022111001201010010202000011122200,False,1020001020110221011200102200221110012010100102020000111222000021120022,False
53966,53966,0.755081237272051,011101101011,2021220001,False,20212200012002212212,False,202122000120022122122201011020,False,2021220001200221221222010110201120000202,False,20212200012002212212220101102011200002020100000101,False,202122000120022122122201011020112000020201000001011200101100,False,2021220001200221221222010110201120000202010000010112001011002121211200,False
54162,54162,0.417312937277708,010101010001,1120201000,False,11202010001112012000,False,112020100011120120000112221120,False,1120201000111201200001122211200100120222,False,11202010001112012000011222112001001202222000201000,False,112020100011120120000112221120010012022220002010000001211012,False,1120201000111201200001122211200100120222200020100000012110121201220221,False
54164,54164,0.679172444420623,111111110011,2002221100,False,20022211002000220200,False,200222110020002202000201221002,False,2002221100200022020002012210020110210022,False,20022211002000220200020122100201102100221200221100,False,200222110020002202000201221002011021002212002211000002102121,False,2002221100200022020002012210020110210022120022110000021021211022120020,False
54344,54344,0.246528087282962,010000011011,1022101202,False,10221012021222222221,False,102210120212222222212012100010,False,1022101202122222222120121000100012010121,False,10221012021222222221201210001000120101212222102210,False,102210120212222222212012100010001201012122221022101022000000,False,1022101202122222222120121000100012010121222210221010220000001021012022,False
54432,54432,0.768346401571216,000101000001,2022210121,False,20222101210010120002,False,202221012100101200022110221010,False,2022210121001012000221102210101012222011,False,20222101210010120002211022101010122220110222021222,False,202221012100101200022110221010101222201102220212221200001112,False,2022210121001012000221102210101012222011022202122212000011121102221102,False
54434,54434,0.030205908714131,001111000011,1000220121,False,10002201210101120201,False,100022012101011202010202202011,False,1000220121010112020102022020111112122121,False,10002201210101120201020220201111121221212202200112,False,100022012101011202010202202011111212212122022001122102000200,False,1000220121010112020102022020111112122121220220011221020002001022022022,False
54506,54506,0.457148165859067,000010111011,1122121121,False,11221211210112211201,False,112212112101122112010022122102,False,1122121121011221120100221221020111202021,False,11221211210112211201002212210201112020211200010001,False,112212112101122112010022122102011120202112000100010001112022,False,1122121121011221120100221221020111202021120001000100011120220010220110,False
54776,54776,0.808181630152575,000000001011,2102121110,False,21021211100012120112,False,210212111000121201122211220220,False,2102121110001212011222112202200010000112,False,21021211100012120112221122022000100001120001220001,False,210212111000121201122211220220001000011200012200012221222221,False,2102121110001212011222112202200010000112000122000122212222211201020021,False
54830,54830,0.878388323011276,010101011011,2121212111,False,21212121110100200002,False,212121211101002000022122101001,False,2121212111010020000221221010012211221222,False,21212121110100200002212210100122112212221012002222,False,212121211101002000022122101001221122122210120022221211222020,False,2121212111010020000221221010012211221222101200222212112220201011021101,False
54834,54834,0.402107337297106,000000110101,1112222220,False,11122222202022201201,False,111222222020222012012010021222,False,1112222220202220120120100212220110121101,False,11122222202022201201201002122201101211011221000202,False,111222222020222012012010021222011012110112210002022022121112,False,1112222220202220120120100212220110121101122100020220221211122100112101,False
54990,54990,0.827148894444466,100010101001,2110222202,False,21102222020111220020,False,211022220201112200200102221122,False,2110222202011122002001022211220021200122,False,21102222020111220020010222112200212001221210222022,False,211022220201112200200102221122002120012212102220221022012020,False,2110222202011122002001022211220021200122121022202210220120202111210210,False
54992,54992,0.089008401587381,100111111011,1002202212,False,10022022122220011202,False,100220221222200112022012022101,False,1002202212222001120220120221011210102021,False,10022022122220011202201202210112101020212110202200,False,100220221222200112022012022101121010202121102022002020122100,False,1002202212222001120220120221011210102021211020220020201221000010010200,False
55068,55068,0.039669673018146,111101111101,1001012110,False,10010121102100110110,False,100101211021001101101202000121,False,1001012110210011011012020001211112001012,False,10010121102100110110120200012111120010120111120020,False,100101211021001101101202000121111200101201111200201102021000,False,1001012110210011011012020001211112001012011112002011020210000010002220,False
55080,55080,0.610826715875635,010011100001,1221211011,False,12212110110100022010,False,122121101101000220101010111211,False,1221211011010002201010101112111202010111,False,12212110110100022010101011121112020101112201220220,False,122121101101000220101010111211120201011122012202202220212200,False,1221211011010002201010101112111202010111220122022022202122002010211010,False
55568,55568,0.504546458746865,110000100011,1201222222,False,12012222221222210222,False,120122222212222102220002012012,False,1201222222122221022200020120121022120102,False,12012222221222210222000201201210221201021101101201,False,120122222212222102220002012012102212010211011012012020221200,False,1201222222122221022200020120121022120102110110120120202212002221221210,False
55802,55802,0.142108794467905,011010011011,1011120011,False,10111200112110201201,False,101112001121102012010021210010,False,1011120011211020120100212100101212012110,False,10111200112110201201002121001012120121100101102011,False,101112001121102012010021210010121201211001011020111000011010,False,1011120011211020120100212100101212012110010110201110000110100220110101,False
56288,56288,0.773969030196219,011111011011,2100012002,False,21000120022010201202,False,210001200220102012022102111001,False,2100012002201020120221021110010220200002,False,21000120022010201202210211100102202000022020002201,False,210001200220102012022102111001022020000220200022010102102012,False,2100012002201020120221021110010220200002202000220101021020121122200211,False
56870,56870,0.975085608784448,101100100111,2220210221,False,22202102212000120010,False,222021022120001200100100020210,False,2220210221200012001001000202101221120110,False,22202102212000120010010002021012211201100001110022,False,222021022120001200100100020210122112011000011100221110122222,False,2220210221200012001001000202101221120110000111002211101222221202221020,False
57026,57026,0.400127165931808,101010100011,1112220110,False,11122201100201202201,False,111222011002012022012022022112,False,1112220110020120220120220221120221110022,False,11122201100201202201202202211202211100220202212122,False,111222011002012022012022022112022111002202022121222220112201,False,1112220110020120220120220221120221110022020221212222201122012111012220,False
57194,57194,0.396325765936657,101111000111,1112201201,False,11122012012210012022,False,111220120122100120221001221002,False,1112201201221001202210012210021112221220,False,11122012012210012022100122100211122212200002221211,False,111220120122100120221001221002111222122000022212111012100212,False,1112201201221001202210012210021112221220000222121110121002121101222100,False
57510,57510,0.770127894517208,100010100001,2022220220,False,20222202202012101000,False,202222022020121010000121210120,False,2022220220201210100001212101202220202021,False,20222202202012101000012121012022202020210201222221,False,202222022020121010000121210120222020202102012222211112001002,False,2022220220201210100001212101202220202021020122222111120010021111020202,False
57512,57512,0.031987401660122,100111100011,1000222001,False,10002220012222101110,False,100022200122221011100021110121,False,1000222001222210111000211101210022000000,False,10002220012222101110002111012100220000000122212222,False,100022200122221011100021110121002200000001222122221000020111,False,1000222001222210111000211101210022000000012221222210000201110022212222,False
58122,58122,0.899137080249159,000101111001,2200111121,False,22001111210221220021,False,220011112102212200211001021201,False,2200111121022122002110010212010201002000,False,22001111210221220021100102120102010020000000020112,False,220011112102212200211001021201020100200000000201121102020012,False,2200111121022122002110010212010201002000000002011211020200122102211012,False
58506,58506,0.176162451688815,011110100101,1012202122,False,10122021222210021101,False,101220212222100211010022200221,False,1012202122221002110100222002211020001221,False,10122021222210021101002220022110200012210222220002,False,101220212222100211010022200221102000122102222200020000201110,False,1012202122221002110100222002211020001221022222000200002011100002101210,False
58880,58880,0.143890287413896,010110111011,1011121211,False,10111212112200220112,False,101112121122002201120120200201,False,1011121211220022011201202002012020021010,False,10111212112200220112012020020120200210102001110012,False,101112121122002201120120200201202002101020011100120212122121,False,1011121211220022011201202002012020021010200111001202121221211220021022,False
59048,59048,0.140088887418746,011111111111,1011111021,False,10111110212110120000,False,101111102121101200000121120110,False,1011111021211012000001211201100010121011,False,10111110212110120000012112011000101210112221220201,False,101111102121101200000121120110001012101122212202011112112121,False,1011111021211012000001211201100010121011222122020111121121211110121022,False
59150,59150,0.494923751707404,010100001011,1201111122,False,12011111221002011202,False,120111112210020112022201111102,False,1201111122100201120222011111022220011011,False,12011111221002011202220111110222200110111120222200,False,120111112210020112022201111102222001101111202222002210110121,False,1201111122100201120222011111022220011011112022220022101101211010111210,False
59318,59318,0.491122351712254,011100001111,1201022102,False,12010221020012200120,False,120102210200122001200002220001,False,1201022102001220012000022200011212100022,False,12010221020012200120000222000112121000220010012022,False,120102210200122001200002220001121210002200100120221002111121,False,1201022102001220012000022200011212100022001001202210021111211201022110,False
59994,59994,0.999635766017481,101111010001,2222222010,False,22222220101010110122,False,222222201010101101221211122101,False,2222222010101011012212111221010121200010,False,22222220101010110122121112210101212000100210122011,False,222222201010101101221211122101012120001002101220112120100101,False,2222222010101011012212111221010121200010021012201121201001011010222200,False
60198,60198,0.709305494594799,010111101101,2011212002,False,20112120022101221001,False,201121200221012210011220222021,False,2011212002210122100112202220210202211101,False,20112120022101221001122022202102022111010110211200,False,201121200221012210011220222021020221110101102112002011222111,False,2011212002210122100112202220210202211101011021120020112221111112020011,False
60326,60326,0.468313951741350,111110110111,1200011110,False,12000111101211102120,False,120001111012111021201020111012,False,1200011110121110212010201110120010221211,False,12000111101211102120102011101200102212111020222220,False,120001111012111021201020111012001022121110202222200012221210,False,1200011110121110212010201110120010221211102022222000122212100021020010,False
60504,60504,0.773810087460774,110011010101,2100011210,False,21000112102000020211,False,210001121020000202111020201210,False,2100011210200002021110202012100010220000,False,21000112102000020211102020121000102200001011220220,False,210001121020000202111020201210001022000010112202202012010002,False,2100011210200002021110202012100010220000101122022020120100022112201200,False
60774,60774,0.124843551754282,010010000101,1010222011,False,10102220111112022001,False,101022201111120220012200222122,False,1010222011111202200122002221220121201210,False,10102220111112022001220022212201212012100210001102,False,101022201111120220012200222122012120121002100011021100010001,False,1010222011111202200122002221220121201210021000110211000100012102200020,False
60776,60776,0.386703058897197,110110001111,1112021220,False,11120212200001001202,False,111202122000010012021121022111,False,1112021220000100120211210221112211022101,False,11120212200001001202112102211122110221011001001220,False,111202122000010012021121022111221102210110010012200210011002,False,1112021220000100120211210221112211022101100100122002100110021020120022,False
60812,60812,0.100174187469665,110011110111,1010010210,False,10100102102120101221,False,101001021021201012211121210020,False,1010010210212010122111212100202210010201,False,10100102102120101221112121002022100102011100121001,False,101001021021201012211121210020221001020111001210011000022111,False,1010010210212010122111212100202210010201110012100110000221111011010010,False
60938,60938,0.597323137473302,111100101111,1221001011,False,12210010110020220210,False,122100101100202202102021000121,False,1221001011002022021020210001210010201202,False,12210010110020220210202100012100102012021011012212,False,122100101100202202102021000121001020120210110122121221012021,False,1221001011002022021020210001210010201202101101221212210120211201020111,False
61082,61082,0.451207651763173,010010000111,1122022202,False,11220222021211111102,False,112202220212111111022022112220,False,1122022202121111110220221122200210002010,False,11220222021211111102202211222002100020102101202020,False,112202220212111111022022112220021000201021012020201210220011,False,1122022202121111110220221122200210002010210120202012102200110221112022,False
61224,61224,0.043232658910129,000010011101,1001022110,False,10010221101020221201,False,100102211010202212012222200102,False,1001022110102022120122222001021020122200,False,10010221101020221201222220010210201222002000122200,False,100102211010202212012222200102102012220020001222001000111202,False,1001022110102022120122222001021020122200200012220010001112022020012212,False
61362,61362,0.111538651771255,000000011001,1010112000,False,10101120002201202211,False,101011200022012022110022011022,False,1010112000220120221100220110221122110010,False,10101120002201202211002201102211221100102010210102,False,101011200022012022110022011022112211001020102101022122010001,False,1010112000220120221100220110221122110010201021010221220100012120102212,False
61400,61400,0.086869287486638,011110100011,1002201000,False,10022010000001101110,False,100220100000011011100210002102,False,1002201000000110111002100021020211012120,False,10022010000001101110021000210202110121201111221001,False,100220100000011011100210002102021101212011112210010100102210,False,1002201000000110111002100021020211012120111122100101001022101201111102,False
61710,61710,0.675092894638443,111001011101,2002200111,False,20022001110011202122,False,200220011100112021220120201110,False,2002200111001120212201202011101201012021,False,20022001110011202122012020111012010120212212111211,False,200220011100112021220120201110120101202122121112111022022110,False,2002200111001120212201202011101201012021221211121110220221102211121102,False
61730,61730,0.293687966067592,010101100111,1101021120,False,11010211202201202011,False,110102112022012020110200002112,False,1101021120220120201102000021120012000122,False,11010211202201202011020000211200120001222200120210,False,110102112022012020110200002112001200012222001202102212112021,False,1101021120220120201102000021120012000122220012021022121120212122212002,False
62694,62694,0.509970408952562,111110000001,1202021120,False,12020211201022112210,False,120202112010221122100101212222,False,1202021120102211221001012122220020122122,False,12020211201022112210010121222200201221222212001101,False,120202112010221122100101212222002012212222120011010002220010,False,1202021120102211221001012122220020122122221200110100022200101201220010,False
62750,62750,0.842036608954178,001101010011,2112002120,False,21120021201111010110,False,211200212011110101102201222200,False,2112002120111101011022012222002020220100,False,21120021201111010110220122220020202201000002211001,False,211200212011110101102201222200202022010000022110011102112222,False,2112002120111101011022012222002020220100000221100111021122220100012021,False
63114,63114,0.500466908964685,100001101101,1201210022,False,12012100221100021220,False,120121002211000212202111211201,False,1201210022110002122021112112010011212101,False,12012100221100021220211121120100112121011121001121,False,120121002211000212202111211201001121210111210011211002120211,False,1201210022110002122021112112010011212101112100112110021202112020112010,False
63306,63306,0.638979594684513,010101011001,2000110221,False,20001102212001100021,False,200011022120011000212001121201,False,2000110221200110002120011212011212111220,False,20001102212001100021200112120112121112200112120202,False,200011022120011000212001121201121211122001121202022211110122,False,2000110221200110002120011212011212111220011212020222111101222121022112,False
63578,63578,0.251872566120936,101001011011,1022121101,False,10221211011220002001,False,102212110112200020011200102102,False,1022121101122000200112001021021011020112,False,10221211011220002001120010210210110201121001000011,False,102212110112200020011200102102101102011210010000112211200000,False,1022121101122000200112001021021011020112100100001122112000001002010001,False
63728,63728,0.891335601839551,011101110111,2122212220,False,21222122200201200210,False,212221222002012002102111111221,False,2122212220020120021021111112212200102111,False,21222122200201200210211111122122001021111200102212,False,212221222002012002102111111221220010211112001022121011102011,False,2122212220020120021021111112212200102111120010221210111020110110002000,False
63816,63816,0.413153916127806,010001111101,1120111202,False,11201112021202122201,False,112011120212021222011110200211,False,1120111202120212220111102002110200102212,False,11201112021202122201111020021102001022120211011002,False,112011120212021222011110200211020010221202110110021020210010,False,1120111202120212220111102002110200102212021101100210202100102120002200,False
63954,63954,0.481459908988932,101111111001,1200211012,False,12002110121202011221,False,120021101212020112212100122102,False,1200211012120201122121001221022101021221,False,12002110121202011221210012210221010212212022101021,False,120021101212020112212100122102210102122120221010211101210222,False,1200211012120201122121001221022101021221202210102111012102222021022111,False
63998,63998,0.242369066133059,011100000111,1022020102,False,10220201020002001222,False,102202010200020012222111100010,False,1022020102000200122221111000102210011112,False,10220201020002001222211110001022100111121222201002,False,102202010200020012222111100010221001111212222010020220010220,False,1022020102000200122221111000102210011112122220100202200102202011201211,False
64010,64010,0.813526108990549,111001001011,2102222212,False,21022222122011121212,False,210222221220111212121110102011,False,2102222212201112121211101020112101220002,False,21022222122011121212111010201121012200022012102211,False,210222221220111212121110102011210122000220121022112021121222,False,2102222212201112121211101020112101220002201210221120211212220000220002,False
64172,64172,0.024146187566654,010011101011,1000201121,False,10002011210101000222,False,100020112101010002220110020220,False,1000201121010100022201100202201222121121,False,10002011210101000222011002022012221211210212202222,False,100020112101010002220110020220122212112102122022221101220101,False,1000201121010100022201100202201222121121021220222211012201010012220221,False
64178,64178,0.809724708995398,111101001111,2102201110,False,21022011100122210021,False,210220111001222100212222001101,False,2102201110012221002122220011011101002100,False,21022011100122210021222200110111010021001212100201,False,210220111001222100212222001101110100210012121002012012211202,False,2102201110012221002122220011011101002100121210020120122112022122001011,False
64484,64484,0.874229301861374,000001000111,2121112202,False,21211122021210022220,False,212111220212100222202000112122,False,2121112202121002222020001121220102001111,False,21211122021210022220200011212201020011110202020222,False,212111220212100222202000112122010200111102020202221212211021,False,2121112202121002222020001121220102001111020202022212122110211200101001,False
64530,64530,0.896997966148416,001000110001,2200100000,False,22001000000202110100,False,220010000002021101001220210110,False,2200100000020211010012202101101100110110,False,22001000000202110100122021011011001101102202000100,False,220010000002021101001220210110110011011022020001000112020222,False,2200100000020211010012202101101100110110220200010001120202221101201112,False
64548,64548,0.253733530434650,100110001001,1022200100,False,10222001002021010110,False,102220010020210101101100202012,False,1022200100202101011011002020120100112022,False,10222001002021010110110020201201001120222201100102,False,102220010020210101101100202012010011202222011001022102211221,False,1022200100202101011011002020120100112022220110010221022112210211200101,False
64800,64800,0.248031430441924,000000100001,1022110100,False,10221101000222002210,False,102211010002220022102212210002,False,1022110100022200221022122100021002112100,False,10221101000222002210221221000210021121001201120122,False,102211010002220022102212210002100211210012011201221112200111,False,1022110100022200221022122100021002112100120112012211122001110200112021,False
64802,64802,0.509890937584839,000001100011,1202021110,False,12020211101021210202,False,120202111010212102020211201010,False,1202021110102121020202112010100110101010,False,12020211101021210202021120101001101010102022002212,False,120202111010212102020211201010011010101020220022121001120122,False,1202021110102121020202112010100110101010202200221210011201221220201001,False
64896,64896,0.817287773301838,000110001101,2110021020,False,21100210202212121020,False,211002102022121210202012012222,False,2110021020221212102020120122220010120022,False,21100210202212121020201201222200101200221102121001,False,211002102022121210202012012222001012002211021210011001120010,False,2110021020221212102020120122220010120022110212100110011200102121221220,False
65186,65186,0.786916309024495,000111110111,2101002112,False,21010021121212022120,False,210100211212120221200112121121,False,2101002112121202212001121211210010002211,False,21010021121212022120011212112100100022111101201200,False,210100211212120221200112121121001000221111012012002112011210,False,2101002112121202212001121211210010002211110120120021120112101101202020,False
65690,65690,0.775512109039043,011110011111,2100021222,False,21000212222121110121,False,210002122221211101211120102112,False,2100021222212111012111201021120121101220,False,21000212222121110121112010211201211012202022000011,False,210002122221211101211120102112012110122020220000112122022100,False,2100021222212111012111201021120121101220202200001121220221000200021220,False
65798,65798,0.915925494756446,011101101111,2201212001,False,22012120010200100212,False,220121200102001002122112222122,False,2201212001020010021221122221221212220201,False,22012120010200100212211222212212122202012010112210,False,220121200102001002122112222122121222020120101122100210012102,False,2201212001020010021221122221221212220201201011221002100121022102222000,False
65996,65996,0.840016701905019,111100010111,2111221111,False,21112211111101010110,False,211122111111010101101122101221,False,2111221111110101011011221012210002011122,False,21112211111101010110112210122100020111222122001101,False,211122111111010101101122101221000201112221220011012021211020,False,2111221111110101011011221012210002011122212200110120212110200001000101,False
66098,66098,0.194851566193677,111101000011,1020110000,False,10201100001021120022,False,102011000010211200222102020010,False,1020110000102112002221020200100111021200,False,10201100001021120022210202001001110212000221211101,False,102011000010211200222102020010011102120002212111011202022112,False,1020110000102112002221020200100111021200022121110112020221120101121021,False
66170,66170,0.621793823338613,100000111011,1222110102,False,12221101022121010102,False,122211010221210101021200020020,False,1222110102212101010212000200201112120201,False,12221101022121010102120002002011121202011022112020,False,122211010221210101021200020020111212020110221120202002202010,False,1222110102212101010212000200201112120201102211202020022020101012200021,False
66176,66176,0.407372344767357,101011011111,1120020111,False,11200201111010102001,False,112002011110101020010101201221,False,1120020111101010200101012012210102212002,False,11200201111010102001010120122101022120021002001220,False,112002011110101020010101201221010221200210020012202212211120,False,1120020111101010200101012012210102212002100200122022122111201001211002,False
66338,66338,0.617992423343462,100001111111,1222020102,False,12220201021022222100,False,122202010210222221002110012120,False,1222020102102222210021100121202012110010,False,12220201021022222100211001212020121100101100011211,False,122202010210222221002110012120201211001011000112112020010100,False,1222020102102222210021100121202012110010110001121120200101000112211220,False
66384,66384,0.640761087630504,110110111001,2000120211,False,20001202111110200000,False,200012021111102000001012002020,False,2000120211111020000010120020202200221122,False,20001202111110200000101200202022002211220122011021,False,200012021111102000001012002020220022112201220110212220221121,False,2000120211111020000010120020202200221122012201102122202211210010011200,False
66474,66474,0.424438909061674,010101110001,1121001002,False,11210010020112212111,False,112100100201122121110010210220,False,1121001002011221211100102102201000220221,False,11210010020112212111001021022010002202210021222020,False,112100100201122121110010210220100022022100212220201112001102,False,1121001002011221211100102102201000220221002122202011120011020100221000,False
66482,66482,0.471876937633333,010001010111,1200100020,False,12001000202020022221,False,120010002020200222212220100101,False,1200100020202002222122201001012221102021,False,12001000202020022221222010010122211020210022201202,False,120010002020200222212220100101222110202100222012021020020201,False,1200100020202002222122201001012221102021002220120210200202010111010100,False
66800,66800,0.107538573356798,010010110011,1010101102,False,10101011021001111001,False,101010110210011110011211120021,False,1010101102100111100112111200212002012022,False,10101011021001111001121112002120020120222211010001,False,101010110210011110011211120021200201202222110100011102222102,False,1010101102100111100112111200212002012022221101000111022221021012100111,False
66984,66984,0.198613230504967,111011110101,1020120202,False,10201202021011221002,False,102012020210112210021122021112,False,1020120202101122100211220211120001212220,False,10201202021011221002112202111200012122200110220021,False,102012020210112210021122021112000121222001102200211201121211,False,1020120202101122100211220211120001212220011022002112011212111112101011,False
67076,67076,0.244150559079051,001010100111,1022022021,False,10220220211001101220,False,102202202110011012201212100002,False,1022022021100110122012121000021122101211,False,10220220211001101220121210000211221012110002111001,False,102202202110011012201212100002112210121100021110010201111202,False,1022022021100110122012121000021122101211000211100102011112022210112202,False
67194,67194,0.693861480511028,101010011001,2010212100,False,20102121002212210211,False,201021210022122102110212202221,False,2010212100221221021102122022211211021122,False,20102121002212210211021220222112110211222101202211,False,201021210022122102110212202221121102112221012022110020200220,False,2010212100221221021102122022211211021122210120221100202002200002001011,False
67254,67254,0.549646694798475,010010100101,1211101110,False,12111011100011212000,False,121110111000112120001222210221,False,1211101110001121200012222102212121222210,False,12111011100011212000122221022121212222100010222010,False,121110111000112120001222210221212122221000102220101222120112,False,1211101110001121200012222102212121222210001022201012221201122022010012,False
67256,67256,0.811506201941390,110111101111,2102211221,False,21022112210020110200,False,210221122100201102002122202021,False,2102211221002011020021222020211111122201,False,21022112210020110200212220202111111222010012021211,False,210221122100201102002122202021111112220100120212112122102201,False,2102211221002011020021222020211111122201001202121121221022012001211021,False
67454,67454,0.735597409089962,100110010111,2020120200,False,20201202000120111221,False,202012020001201112212120212122,False,2020120200012011122121202121222110122111,False,20201202000120111221212021212221101221111010200100,False,202012020001201112212120212122211012211110102001002211220210,False,2020120200012011122121202121222110122111101020010022112202101120111111,False
67464,67464,0.044894944804536,101000001001,1001100212,False,10011002120102221011,False,100110021201022210111100212101,False,1001100212010222101111002121010022221120,False,10011002120102221011110021210100222211200112101212,False,100110021201022210111100212101002222112001121012120122100101,False,1001100212010222101111002121010022221120011210121201221001012110100021,False
67466,67466,0.306754451947451,111000011011,1101211010,False,11012110102120220112,False,110121101021202201122211011011,False,1101211010212022011222110110111102221002,False,11012110102120220112221101101111022210020201012110,False,110121101021202201122211011011110222100202010121102212010112,False,1101211010212022011222110110111102221002020101211022120101121021110101,False
67628,67628,0.517374530523556,101010111011,1202122222,False,12021222222211220011,False,120212222222112200110212210201,False,1202122222221122001102122102012111101211,False,12021222222211220011021221020121111012111210012201,False,120212222222112200110212210201211110121112100122011100110011,False,1202122222221122001102122102012111101211121001220111001100111120102211,False
67898,67898,0.868407994817064,101000001011,2121002121,False,21210021212020002022,False,212100212120200020221102120121,False,2121002121202000202211021201212020121212,False,21210021212020002022110212012120201212122201211221,False,212100212120200020221102120121202012121222012112210120112020,False,2121002121202000202211021201212020121212220121122101201120201200020210,False
67952,67952,0.938614687675766,111101011011,2210201101,False,22102011010100222000,False,221020110101002220001120212112,False,2210201101010022200011202121120210100011,False,22102011010100222000112021211202101000111211001011,False,221020110101002220001120212112021010001112110010110212010010,False,2210201101010022200011202121120210100011121100101102120100102022000010,False
69012,69012,0.724153473420649,100011000001,2012211020,False,20122110201021122211,False,201221102010211222110020011211,False,2012211020102112221100200112110201122110,False,20122110201021122211002001121102011221102110222212,False,201221102010211222110020011211020112211021102222121220222102,False,2012211020102112221100200112110201122110211022221212202221021021112110,False
69138,69138,0.221302423424286,111111011001,1021102122,False,10211021220222111112,False,102110212202221111121002022001,False,1021102122022211111210020220011000020110,False,10211021220222111112100202200110000201100101002212,False,102110212202221111121002022001100002011001010022122100220121,False,1021102122022211111210020220011000020110010100221221002201212222212010,False
69300,69300,0.431922502000391,011000111001,1121101200,False,11211012000121212120,False,112110120001212121202002122122,False,1121101200012121212020021221222201102110,False,11211012000121212120200212212222011021102102021020,False,112110120001212121202002122122220110211021020210200200110221,False,1121101200012121212020021221222201102110210202102002001102210222102222,False
69408,69408,0.572335887717794,101101001001,1212122002,False,12121220022022122002,False,121212200220221220022120100202,False,1212122002202212200221201002022011221001,False,12121220022022122002212010020220112210011011002200,False,121212200220221220022120100202201122100110110022001212201011,False,1212122002202212200221201002022011221001101100220012122010112211101122,False
69714,69714,0.636840480583770,011100010001,2000100111,False,20001001111101011020,False,200010011111010110200002012102,False,2000100111110101102000020121022211100102,False,20001001111101011020000201210222111001021222102212,False,200010011111010110200002012102221110010212221022120222201102,False,2000100111110101102000020121022211100102122210221202222011020002021121,False
69984,69984,0.987873944877278,011100000001,2221221001,False,22212210011201121220,False,222122100112011212201112101010,False,2221221001120112122011121010100201012000,False,22212210011201121220111210101002010120000212020011,False,222122100112011212201112101010020101200002120200112210022100,False,2221221001120112122011121010100201012000021202001122100221001222200120,False
70544,70544,0.308535944893443,110100111011,1101220010,False,11012200102122000112,False,110122001021220001120222110022,False,1101220010212200011202221100222111111002,False,11012200102122000112022211002221111110021022022210,False,110122001021220001120222110022211111100210220222100201111111,False,1101220010212200011202221100222111111002102202221002011111111010201001,False
70620,70620,0.259197216324208,111000111101,1022220011,False,10222200111001121001,False,102222001110011210012111220112,False,1022220011100112100121112201121210221201,False,10222200111001121001211122011212102212010121020020,False,102222001110011210012111220112121022120101210200202001002212,False,1022220011100112100121112201121210221201012102002020010022120211222120,False
71214,71214,0.031470837769926,010111001101,1000221122,False,10002211221021111201,False,100022112210211112011011011200,False,1000221122102111120110110112001100022202,False,10002211221021111201101101120011000222022022021221,False,100022112210211112011011011200110002220220220212212012212212,False,1000221122102111120110110112001100022202202202122120122122120210221112,False
71358,71358,0.885355352059797,110111110101,2122102012,False,21221020120020020120,False,212210201200200201202021022221,False,2122102012002002012020210222211011200112,False,21221020120020020120202102222110112001121202112000,False,212210201200200201202021022221101120011212021120000011001212,False,2122102012002002012020210222211011200112120211200000110012121012202110,False
71466,71466,0.025768737777200,111111000101,1000202221,False,10002022210120000002,False,100020222101200000021001021020,False,1000202221012000000210010210201110211211,False,10002022210120000002100102102011102112112221010211,False,100020222101200000021001021020111021121122210102110122022102,False,1000202221012000000210010210201110211211222101021101220221021122011222,False
71990,71990,0.632959609220897,100100110111,2000010020,False,20000100202122200201,False,200001002021222002010000101221,False,2000010020212220020100001012212020001102,False,20000100202122200201000010122120200011022100121020,False,200001002021222002010000101221202000110221001210202002210012,False,2000010020212220020100001012212020001102210012102020022100122120101210,False
72002,72002,0.204116652078386,111110111011,1020210020,False,10202100202121011110,False,102021002021210111100111001011,False,1020210020212101111001110010111220000120,False,10202100202121011110011100101112200001202122021201,False,102021002021210111100111001011122000012021220212012122012011,False,1020210020212101111001110010111220000120212202120121220120112120011110,False
72272,72272,0.555150116371894,111100001011,1211200112,False,12112001121012021012,False,121120011210120210121010220202,False,1211200112101202101210102202022221012012,False,12112001121012021012101022020222210120122212110200,False,121120011210120210121010220202222101201222121102000210010200,False,1211200112101202101210102202022221012012221211020002100102001021111221,False
72306,72306,0.006761737801447,101111110001,1000012102,False,10000121022021120110,False,100001210220211201100201122001,False,1000012102202112011002011220012101111221,False,10000121022021120110020112200121011112210001111101,False,100001210220211201100201122001210111122100011111012112122210,False,1000012102202112011002011220012101111221000111110121121222101112200121,False
72486,72486,0.574117380663786,110110101001,1212201210,False,12122012100021000102,False,121220121000210001021002110000,False,1212201210002100010210021100001201222012,False,12122012100021000102100211000012012220121101201002,False,121220121000210001021002110000120122201211012010020120212200,False,1212201210002100010210021100001201222012110120100201202122001111211020,False
72702,72702,0.854944152098592,110011111001,2120001211,False,21200012111100002200,False,212000121111000022001212111112,False,2120001211110000220012121111120122201101,False,21200012111100002200121211111201222011011022011220,False,212000121111000022001212111112012220110110220112201000102221,False,2120001211110000220012121111120122201101102201122010001022212111100202,False
72888,72888,0.207878316389675,111100011101,1020221000,False,10202210002121012022,False,102022100021210120222002121222,False,1020221000212101202220021212222001110210,False,10202210002121012022200212122220011102101222222210,False,102022100021210120222002121222200111021012222222100001211001,False,1020221000212101202220021212222001110210122222221000012110011010112120,False
72980,72980,0.253415644963760,100000011111,1022200000,False,10222000002000110122,False,102220000020001101220110122200,False,1022200000200011012201101222002020202120,False,10222000002000110122011012220020202021201112011000,False,102220000020001101220110122200202020212011120110002122002212,False,1022200000200011012201101222002020202120111201100021220022122002110000,False
73320,73320,0.769531859259288,001111101101,2022212210,False,20222122102010012021,False,202221221020100120210200102210,False,2022212210201001202102001022100212022110,False,20222122102010012021020010221002120221100101112002,False,202221221020100120210200102210021202211001011120021120120022,False,2022212210201001202102001022100212022110010111200211201200220122222022,False
73626,73626,0.834036452125264,101011010101,2111111111,False,21111111110022110122,False,211111111100221101222001001002,False,2111111111002211012220010010020020122211,False,21111111110022110122200100100200201222110220020012,False,211111111100221101222001001002002012221102200200120101111022,False,2111111111002211012220010010020020122211022002001201011110221100021220,False
73896,73896,0.185069916418772,001010000101,1020002100,False,10200021002110111012,False,102000210021101110122020222120,False,1020002100211011101220202221201011202200,False,10200021002110111012202022212010112022000211112011,False,102000210021101110122020222120101120220002111120112210001121,False,1020002100211011101220202221201011202200021111201122100011211111200210,False
73898,73898,0.446929423561687,011110001111,1122010011,False,11220100110021122121,False,112201001100211221212000022102,False,1122010011002112212120000221021120100120,False,11220100110021122121200002210211201001201010000220,False,112201001100211221212000022102112010012010100002201201002011,False,1122010011002112212120000221021120100120101000022012010020110000021002,False
73934,73934,0.160400552134155,011011110111,1012012110,False,10120121102121221121,False,101201211021212211211020020110,False,1012012110212122112110200201102022111122,False,10120121102121221121102002011020221111222002121021,False,101201211021212211211020020110202211112220021210210222211220,False,1012012110212122112110200201102022111122200212102102222112201000022120,False
74022,74022,0.682218866422409,011111111101,2010010111,False,20100101112111111202,False,201001011121111112021002201211,False,2010010111211111120210022012111002110202,False,20100101112111111202100220121110021102021120001010,False,201001011121111112021002201211100211020211200010100012001222,False,2010010111211111120210022012111002110202112000101000120012221120022012,False
74130,74130,0.822632252139812,100001001101,2110122210,False,21101222101100000211,False,211012221011000002110202212021,False,2110122210110000021102022120212200200221,False,21101222101100000211020221202122002002210022212121,False,211012221011000002110202212021220020022100222121210112220002,False,2110122210110000021102022120212200200221002221212101122200022210020212,False
74292,74292,0.033252330715917,010100101101,1001000010,True,10010000101000210200,False,100100001010002102001110201110,False,1001000010100021020011102011102221112211,False,10010000101000210200111020111022211122110212022101,False,100100001010002102001110201110222111221102120221010222022212,False,1001000010100021020011102011102221112211021202210102220222121200211111,False
74382,74382,0.816930152147086,011001000101,2110020112,False,21100201122221111100,False,211002011222211111002210110201,False,2110020112222111110022101102012021022110,False,21100201122221111100221011020120210221100020222222,False,211002011222211111002210110201202102211000202222222022101201,False,2110020112222111110022101102012021022110002022222220221012011012212201,False
74598,74598,0.097756923581893,011000010101,1010001122,False,10100011221202011121,False,101000112212020111212221101000,False,1010001122120201112122211010001100001011,False,10100011221202011121222110100011000010112222010111,False,101000112212020111212221101000110000101122220101112011022221,False,1010001122120201112122211010001100001011222201011120110222212102010110,False
74736,74736,0.166062916443019,111110110001,1012101220,False,10121012201002211211,False,101210122010022112112121220012,False,1012101220100221121121212200120211001111,False,10121012201002211211212122001202110011112210120122,False,101210122010022112112121220012021100111122101201220200012221,False,1012101220100221121121212200120211001111221012012202000122211110210220,False
75006,75006,0.517096380736527,010110100001,1202122121,False,12021221210222220221,False,120212212102222202212111212200,False,1202122121022222022121112122000022202201,False,12021221210222220221211121220000222022011100021012,False,120212212102222202212111212200002220220111000210121021200212,False,1202122121022222022121112122000022202201110002101210212002121122021202,False
75386,75386,0.270402737890353,000000010011,1100100011,True,11001000111102201000,False,110010001111022010000021212111,False,1100100011110220100000212121112022000011,False,11001000111102201000002121211120220000111020200201,False,110010001111022010000021212111202200001110202002012021011212,False,1100100011110220100000212121112022000011102020020120210112122021002210,False
75402,75402,0.365278795033672,111000101001,1111022221,False,11110222212022212211,False,111102222120222122112020122212,False,1111022221202221221120201222120022110110,False,11110222212022212211202012221200221101100202222201,False,111102222120222122112020122212002211011002022222010111122021,False,1111022221202221221120201222120022110110020222220101111220211111111222,False
75492,75492,0.148956616464842,101001100001,1011210121,False,10112101211201111222,False,101121012112011112221011010200,False,1011210121120111122210110102000110211001,False,10112101211201111222101101020001102110011001200202,False,101121012112011112221011010200011021100110012002022211010200,False,1011210121120111122210110102000110211001100120020222110102000012220201,False
75518,75518,0.553130209322735,111110101111,1211120120,False,12111201200022210212,False,121112012000222102120012200000,False,1211120120002221021200122000001210200021,False,12111201200022210212001220000012102000211112022022,False,121112012000222102120012200000121020002111120220222101220212,False,1211120120002221021200122000001210200021111202202221012202122101201102,False
76032,76032,0.851023545051858,010001010001,2112202211,False,21122022110010100020,False,211220221100101000200121010212,False,2112202211001010002001210102121122120221,False,21122022110010100020012101021211221202210111021201,False,211220221100101000200121010212112212022101110212011000112012,False,2112202211001010002001210102121122120221011102120110001120121202001021,False
76034,76034,0.112883052194772,110011110011,1010120020,False,10101200202101111002,False,101012002021011110022021011201,False,1010120020210111100220210112011101211002,False,10101200202101111002202101120111012110020112220102,False,101012002021011110022021011201110121100201122201021210020022,False,1010120020210111100220210112011101211002011222010212100200221102220120,False
76202,76202,0.109081652199622,111010010111,1010102210,False,10101022102210202212,False,101010221022102022122120201002,False,1010102210221020221221202010021010010002,False,10101022102210202212212020100210100100021120002210,False,101010221022102022122120201002101001000211200022102200112020,False,1010102210221020221221202010021010010002112000221022001120200002002110,False
76302,76302,0.202057009345366,000001000001,1020201012,False,10202010120120212011,False,102020101201202120111021222020,False,1020201012012021201110212220200001221002,False,10202010120120212011102122202000012210021202022120,False,102020101201202120111021222020000122100212020221202001212221,False,1020201012012021201110212220200001221002120202212020012122210111211220,False
76304,76304,0.463916516488280,000011000011,1122221120,False,11222211202210010212,False,112222112022100102122201121222,False,1122221120221001021222011212220002120110,False,11222211202210010212220112122200021201101100002102,False,112222112022100102122201121222000212011011000021022202111220,False,1122221120221001021222011212220002120110110000210222021112201200110112,False
76310,76310,0.249495037917025,100111100111,1022111212,False,10221112122202101001,False,102211121222021010012200011201,False,1022111212220210100122000112012201000212,False,10221112122202101001220001120122010002122111111221,False,102211121222021010012200011201220100021221111112210020212122,False,1022111212220210100122000112012201000212211111122100202121222012220220,False
76938,76938,0.473380280792296,001001111101,1200102021,False,12001020211011000100,False,120010202110110001000221211121,False,1200102021101100010002212111212001020212,False,12001020211011000100022121112120010202121111102111,False,120010202110110001000221211121200102021211111021112211210220,False,1200102021101100010002212111212001020212111110211122112102201002202000,False
77294,77294,0.084372552231143,111011101011,1002121210,False,10021212102002220220,False,100212121020022202202202010111,False,1002121210200222022022020101111012102021,False,10021212102002220220220201011110121020211020121022,False,100212121020022202202202010111101210202110201210222021120202,False,1002121210200222022022020101111012102021102012102220211202022201000012,False
77840,77840,0.572018002246904,110001011111,1212121121,False,12121211212122122211,False,121212112121221222111211100202,False,1212121121212212221112111002022110201022,False,12121211212122122211121110020221102010221021010010,False,121212112121221222111211100202211020102210210100102111001221,False,1212121121212212221112111002022110201022102101001021110012212022001221,False
77924,77924,0.570117302249329,101001100011,1212111202,False,12121112022202010211,False,121211120222020102111102202221,False,1212111202220201021111022022210110002112,False,12121112022202010211110220222101100021122112122211,False,121211120222020102111102202221011000211221121222112202222112,False,1212111202220201021111022022210110002112211212221122022221122020122211,False
78000,78000,0.520778573680094,100111010101,1202211211,False,12022112110102200002,False,120221121101022000022100111121,False,1202211211010220000221001111212112200221,False,12022112110102200002210011112121122002212211111220,False,120221121101022000022100111121211220022122111112201021021101,False,1202211211010220000221001111212112200221221111122010210211010101110112,False
78156,78156,0.945820130827454,110001001001,2211022121,False,22110221212102011220,False,221102212121020112202110010221,False,2211022121210201122021100102210121022111,False,22110221212102011220211001022101210221111011210000,False,221102212121020112202110010221012102211110112100002220021202,False,2211022121210201122021100102210121022111101121000022200212022212222011,False
78270,78270,0.871812037973602,000110000101,2121100201,False,21211002010121101021,False,212110020101211010211212122121,False,2121100201012110102112121221212120000001,False,21211002010121101021121212212121200000011011012000,False,212110020101211010211212122121212000000110110120000101121122,False,2121100201012110102112121221212120000001101101200001011211222112101201,False
78578,78578,0.198176137982492,101110000111,1020120022,False,10201200221220220011,False,102012002212202200112020200220,False,1020120022122022001120202002202122010010,False,10201200221220220011202020022021220100101110222110,False,102012002212202200112020200220212201001011102221101022111212,False,1020120022122022001120202002202122010010111022211010221112122000200020,False
78756,78756,0.503672273701916,010101000101,1201221202,False,12012212022022202002,False,120122120220222020022110221122,False,1201221202202220200221102211221221120222,False,12012212022022202002211022112212211202221200100021,False,120122120220222020022110221122122112022212001000212101112120,False,1201221202202220200221102211221221120222120010002121011121201021202102,False
78758,78758,0.765531780844831,111111001111,2022121100,False,20221211002002122210,False,202212110020021222102022021012,False,2022121100200212221020220210121121010022,False,20221211002002122210202202101211210100221020110101,False,202212110020021222102022021012112101002210201101011012001102,False,2022121100200212221020220210121121010022102011010110120011021201100020,False
78804,78804,0.788300445131873,100011101001,2101012011,False,21010120112011210220,False,210101201120112102200001220101,False,2101012011201121022000012201011220220200,False,21010120112011210220000122010112202202000010001012,False,210101201120112102200001220101122022020000100010120022210121,False,2101012011201121022000012201011220220200001000101200222101211000022020,False
78858,78858,0.858507137990575,010100011001,2120100010,False,21201000102202120112,False,212010001022021201121002021112,False,2120100010220212011210020211120020121121,False,21201000102202120112100202111200201211210222212002,False,212010001022021201121002021112002012112102222120020222220110,False,2120100010220212011210020211120020121121022221200202222201101101202221,False
78972,78972,0.784499045136723,010100010101,2100220221,False,21002202212002212210,False,210022022120022122101001102121,False,2100220221200221221010011021212120221120,False,21002202212002212210100110212121202211202220010220,False,210022022120022122101001102121212022112022200102201220101001,False,2100220221200221221010011021212120221120222001022012201010010100222111,False
78974,78974,0.046358552279637,111100111111,1001102002,False,10011020021021021120,False,100110200210210211201110122011,False,1001102002102102112011101220111111002101,False,10011020021021021120111012201111110021010021201201,False,100110200210210211201110122011111100210100212012012211211110,False,1001102002102102112011101220111111002101002120120122112111101111102210,False
79460,79460,0.678218788007952,001001111111,2002212202,False,20022122020122011221,False,200221220201220112211110010122,False,2002212202012201122111100101220002200120,False,20022122020122011221111001012200022001200100012101,False,200221220201220112211110010122000220012001000121010221001002,False,2002212202012201122111100101220002200120010001210102210010021021110111,False
79506,79506,0.700987452294994,001110111001,2011022122,False,20110221221111121120,False,201102212211111211201001011211,False,2011022122111112112010010112111021022220,False,20110221221111121120100101121110210222200122022000,False,201102212211111211201001011211102102222001220220001200212012,False,2011022122111112112010010112111021022220012202200012002120121221220200,False
79724,79724,0.243673730872715,100000101011,1022021202,False,10220212022121120021,False,102202120221211200211020000212,False,1022021202212112002110200002121010102021,False,10220212022121120021102000021210101020211111000221,False,102202120221211200211020000212101010202111110002210200121010,False,1022021202212112002110200002121010102021111100022102001210102020122012,False
79776,79776,0.052020916588502,000100101001,1001120212,False,10011202121222212212,False,100112021212222122120201121201,False,1001120212122221221202011212011220101021,False,10011202121222212212020112120112201010211002211000,False,100112021212222122120201121201122010102110022110000012112010,False,1001120212122221221202011212011220101021100221100000121120100221002221,False
79778,79778,0.313880423731417,001101111011,1102010011,False,11020100111122211210,False,110201001111222112102222011022,False,1102010011112221121022220110220112111200,False,11020100111122211210222201102201121112002110202100,False,110201001111222112102222011022011211120021102021000021100211,False,1102010011112221121022220110220112111200211020210000211002111020110221,False
79922,79922,0.167764938021288,111010110011,1012110112,False,10121101121202000020,False,101211011212020000201210101211,False,1012110112120200002012101012111122222120,False,10121101121202000020121010121111222221202212011111,False,101211011212020000201210101211112222212022120111112210110121,False,1012110112120200002012101012111122222120221201111122101101211010222110,False
80192,80192,0.518798402314796,011010000011,1202202000,False,12022020001001021100,False,120220200010010211002202201212,False,1202202000100102110022022012121212011121,False,12022020001001021100220220121212120111210220011101,False,120220200010010211002202201212121201112102200111010002102101,False,1202202000100102110022022012121212011121022001110100021021010212001210,False
80214,80214,0.399252980886860,110011000101,1112212100,False,11122121002202102200,False,111221210022021022002200112002,False,1112212100220210220022001120020210211211,False,11122121002202102200220011200202102112111100120020,False,111221210022021022002200112002021021121111001200200000111210,False,1112212100220210220022001120020210211211110012002000001112101222202222,False
80376,80376,0.609873059462964,001010100101,1221202122,False,12212021222101020121,False,122120212221010201211202012001,False,1221202122210102012112020120010222100002,False,12212021222101020121120201200102221000021221022121,False,122120212221010201211202012001022210000212210221212202212012,False,1221202122210102012112020120010222100002122102212122022120122112201202,False
80378,80378,0.871732566605879,011111101111,2121100112,False,21211001122011122211,False,212110011220111222110022220201,False,2121100112201112221100222202012022010010,False,21211001122011122211002222020120220100101120202111,False,212110011220111222110022220201202201001011202021111200210221,False,2121100112201112221100222202012022010010112020211112002102212101122100,False
80432,80432,0.941939259464581,010110111111,2210222212,False,22102222120021221120,False,221022221200212211200120102022,False,2210222212002122112001201020220001210022,False,22102222120021221120012010202200012100222222211122,False,221022221200212211200120102022000121002222222111222121210220,False,2210222212002122112001201020220001210022222221112221212102200210000110,False
80576,80576,0.795823773754452,001110010111,2101201120,False,21012011200022120121,False,210120112000221201211000010102,False,2101201120002212012110000101020011110120,False,21012011200022120121100001010200111101202101200010,False,210120112000221201211000010102001111012021012000101021010120,False,2101201120002212012110000101020011110120210120001010210101202101010101,False
80664,80664,0.317642088042706,011011011101,1102021102,False,11020211021212201220,False,110202110212122012202200010020,False,1102021102121220122022000100200101120201,False,11020211021212201220220001002001011202012122100001,False,110202110212122012202200010020010112020121221000011001220021,False,1102021102121220122022000100200101120201212210000110012200211001022120,False
80738,80738,0.006443852330557,111000110111,1000012011,False,10000120112111201200,False,100001201121112012000202002210,False,1000012011211120120002020022101110001211,False,10000120112111201200020200221011100012110000210101,False,100001201121112012000202002210111000121100002101011102121121,False,1000012011211120120002020022101110001211000021010111021211211010002221,False
80862,80862,0.241733295191279,111001100101,1022012202,False,10220122020021021002,False,102201220200210210021011200102,False,1022012202002102100210112001021020010022,False,10220122020021021002101120010210200100220012222110,False,102201220200210210021011200102102001002200122221100100202012,False,1022012202002102100210112001021020010022001222211001002020121212002102,False
80934,80934,0.668675552336214,011000001101,2002021201,False,20020212012020122112,False,200202120120201221120102221001,False,2002021201202012211201022210012022221002,False,20020212012020122112010222100120222210022010222020,False,200202120120201221120102221001202222100220102220201211101022,False,2002021201202012211201022210012022221002201022202012111010222201002210,False
81182,81182,0.139254438057659,001010101011,1011110111,True,10111101112100120220,False,101111011121001202201121020020,False,1011110111210012022011210200201100110000,False,10111101112100120220112102002011001100002111101210,False,101111011121001202201121020020110011000021111012102012110222,False,1011110111210012022011210200201100110000211110121020121102220012200122,False
81218,81218,0.852725566630126,001110010011,2112220021,False,21122200212121200120,False,211222002121212001200121202200,False,2112220021212120012001212022001012021000,False,21122200212121200120012120220010120210002100111011,False,211222002121212001200121202200101202100021001110112220112222,False,2112220021212120012001212022001012021000210011101122201122221222012210,False
81312,81312,0.160122402347125,100101111101,1012012012,False,10120120122002222001,False,101201201220022220011201221002,False,1012012012200222200112012210022101210202,False,10120120122002222001120122100221012102022101012101,False,101201201220022220011201221002210121020221010121012112020111,False,1012012012200222200112012210022101210202210101210121120201112101101220,False
81636,81636,0.581362559499335,010000011101,1220010201,False,12200102011220221202,False,122001020112202212022200220202,False,1220010201122022120222002202022120221020,False,12200102011220221202220022020221202210200211211200,False,122001020112202212022200220202212022102002112112000002202010,False,1220010201122022120222002202022120221020021121120000022020101112102002,False
81864,81864,0.433346373791631,101011010001,1121110111,False,11211101112012102002,False,112111011120121020020001221221,False,1121110111201210200200012212210101022212,False,11211101112012102002000122122101010222120210011121,False,112111011120121020020001221221010102221202100111211000212220,False,1121110111201210200200012212210101022212021001112110002122201012110010,False
82196,82196,0.902024559515500,100010110111,2200201211,False,22002012110202121222,False,220020121102021212221002210101,False,2200201211020212122210022101012102222202,False,22002012110202121222100221010121022222020210020101,False,220020121102021212221002210101210222220202100201011110100200,False,2200201211020212122210022101012102222202021002010111101002000011201211,False
82214,82214,0.258760123801734,100101011111,1022212200,False,10222122002101001001,False,102221220021010010011021020220,False,1022212200210100100110210202200101202000,False,10222122002101001001102102022001012020002222010100,False,102221220021010010011021020220010120200022220101002022222200,False,1022212200210100100110210202200101202000222201010020222222000010220010,False
82298,82298,0.256859423804158,011101100011,1022210200,False,10222102000200212101,False,102221020002002121012100002000,False,1022210200020021210121000020000002111201,False,10222102000200212101210000200000021112010111200112,False,102221020002002121012100002000000211120101112001121021021201,False,1022210200020021210121000020000002111201011120011210210212010100010122,False
82478,82478,0.824215066666497,110010001011,2110202221,False,21102022210001112222,False,211020222100011122220012011001,False,2110202221000111222200120110010002102022,False,21102022210001112222001201100100021020222211022121,False,211020222100011122220012011001000210202222110221212121220122,False,2110202221000111222200120110010002102022221102212121212201222101202002,False
82808,82808,0.031033745247451,000000101111,1000221021,False,10002210211221011211,False,100022102112210112112201121012,False,1000221021122101121122011210122121112202,False,10002210211221011211220112101221211122020122200211,False,100022102112210112112201121012212111220201222002112122022022,False,1000221021122101121122011210122121112202012220021121220220221212100020,False
82838,82838,0.958926352391174,000100110011,2212102111,False,22121021112002022002,False,221210211120020220022011112102,False,2212102111200202200220111121020121020111,False,22121021112002022002201111210201210201111011121101,False,221210211120020220022011112102012102011110111211011202011221,False,2212102111200202200220111121020121020111101112110112020112210212112122,False
83108,83108,0.309959816684682,000100000011,1101221202,False,11012212020101000121,False,110122120201010001210011110111,False,1101221202010100012100111101111112112021,False,11012212020101000121001111011111121120212112111100,False,110122120201010001210011110111111211202121121111001010211012,False,1101221202010100012100111101111112112021211211110010102110122022000222,False
83270,83270,0.520579895260787,010010100011,1202211112,False,12022111121121002002,False,120221111211210020021110101220,False,1202211112112100200211101012202021210212,False,12022111121121002002111010122020212102120122000010,False,120221111211210020021110101220202121021201220000100012112211,False,1202211112112100200211101012202021210212012200001000121122112202122022,False
83978,83978,0.218845423852653,101101010111,1021100010,False,10211000101222220101,False,102110001012222201011221110100,False,1021100010122222010112211101002210121220,False,10211000101222220101122111010022101212200110222001,False,102110001012222201011221110100221012122001102220010001020222,False,1021100010122222010112211101002210121220011022200100010202220211221120,False
83988,83988,0.528142959567227,111011001001,1210020022,False,12100200221110001100,False,121002002211100011000112110112,False,1210020022111000110001121101120012020011,False,12100200221110001100011211011200120200112020212200,False,121002002211100011000112110112001202001120202122001111112201,False,1210020022111000110001121101120012020011202021220011111122011102110022,False
84098,84098,0.930415852427545,110100101011,2210001001,False,22100010010111112112,False,221000100101111121122202022112,False,2210001001011111211222020221120102210100,False,22100010010111112112220202211201022101000012012221,False,221000100101111121122202022112010221010000120122211022000102,False,2210001001011111211222020221120102210100001201222110220001021012021201,False
84336,84336,0.091697202434415,001111001101,1002212021,False,10022120210112012101,False,100221202101120121012011212001,False,1002212021011201210120112120010001201111,False,10022120210112012101201121200100012011111222021100,False,100221202101120121012011212001000120111112220211001111122011,False,1002212021011201210120112120010001201111122202110011111220110112110001,False
84480,84480,0.945581716724286,101111110101,2211022002,False,22110220020200221201,False,221102200202002212010000210220,False,2211022002020022120100002102200212202211,False,22110220020200221201000021022002122022112100000121,False,221102200202002212010000210220021220221121000001211001211111,False,2211022002020022120100002102200212202211210000012110012111110200002212,False
84564,84564,0.943681016726711,111010000001,2211010210,False,22110102100121220010,False,221101021001212200102020021000,False,2211010210012122001020200210000221121212,False,22110102100121220010202002100002211212122200100221,False,221101021001212200102020021000022112121222001002210022210021,False,2211010210012122001020200210000221121212220010022100222100210011121022,False
84620,84620,0.275747216728327,000001010011,1100112221,False,11001122211102220111,False,110011222111022201112020022102,False,1100112221110222011120200221021202210222,False,11001122211102220111202002210212022102222111220022,False,110011222111022201112020022102120221022221112200221121121101,False,1100112221110222011120200221021202210222211122002211211211010011001100,False
84690,84690,0.440829966730348,111110011001,1121211012,False,11212110120220201221,False,112121101202202012211110112121,False,1121211012022020122111101121212111001122,False,11212110120220201221111011212121110011222101200122,False,112121101202202012211110112121211100112221012001220000022101,False,1121211012022020122111101121212111001122210120012200000221012011122200,False
84750,84750,0.296615181017794,000110100101,1101101211,False,11011012111100121021,False,110110121111001210210100021202,False,1101101211110012102101000212022100021012,False,11011012111100121021010002120221000210122012002212,False,110110121111001210210100021202210002101220120022122110112222,False,1101101211110012102101000212022100021012201200221221101122220212110012,False
84960,84960,0.791863431023856,111100001001,2101102222,False,21011022220210000100,False,210110222202100001000211120121,False,2101102222021000010002111201212201211110,False,21011022220210000100021112012122012111100012211220,False,210110222202100001000211120121220121111000122112201011220211,False,2101102222021000010002111201212201211110001221122010112202112212220002,False
85038,85038,0.004384209597536,110111011101,1000010112,False,10000101120002122122,False,100001011200021221222112002021,False,1000010112000212212221120020212101012210,False,10000101120002122122211200202121010122102020002211,False,100001011200021221222112002021210101221020200022110211211211,False,1000010112000212212221120020212101012210202000221102112112111201100101,False
85058,85058,0.622979281026685,111011100111,1222112022,False,12221120221222002111,False,122211202212220021112110022211,False,1222112022122200211121100222110002220201,False,12221120221222002111211002221100022202011021212212,False,122211202212220021112110022211000222020110212122121012000202,False,1222112022122200211121100222110002220201102121221210120002021210001200,False
85112,85112,0.693185973885386,001100110111,2010211012,False,20102110121222222222,False,201021101212222222220212022222,False,2010211012122222222202120222220112002121,False,20102110121222222222021202222201120021211120210100,False,201021101212222222220212022222011200212111202101002221220222,False,2010211012122222222202120222220112002121112021010022212202222122110200,False
85236,85236,0.928475416746109,110101100101,2202212201,False,22022122012000202011,False,220221220120002020111022221200,False,2202212201200020201110222212002011021012,False,22022122012000202011102222120020110210122121010200,False,220221220120002020111022221200201102101221210102000021220000,False,2202212201200020201110222212002011021012212101020000212200000021121211,False
85308,85308,0.355417673891044,110100001101,1110220012,False,11102200122220120012,False,111022001222201200122112210210,False,1110220012222012001221122102102201211101,False,11102200122220120012211221021022012111012000010121,False,111022001222201200122112210210220121110120000101212011112102,False,1110220012222012001221122102102201211101200001012120111121020120212120,False
85556,85556,0.825996559612488,011110101011,2110220110,False,21102201101011020022,False,211022011010110200220221020121,False,2110220110101102002202210201210220021221,False,21102201101011020022022102012102200212211121210210,False,211022011010110200220221020121022002122111212102100212020000,False,2110220110101102002202210201210220021221112121021002120200000202112201,False
85598,85598,0.325046209613701,000001110111,1102120212,False,11021202121120001110,False,110212021211200011102201222102,False,1102120212112000111022012221020201110202,False,11021202121120001110220122210202011102020200020220,False,110212021211200011102201222102020111020202000202201200201121,False,1102120212112000111022012221020201110202020002022012002011211100221112,False
85608,85608,0.634343745328275,001110101001,2000012110,False,20000121102202221222,False,200001211022022212220012020200,False,2000012110220222122200120202002120220111,False,20000121102202221222001202020021202201111120012101,False,200001211022022212220012020200212022011111200121010011220012,False,2000012110220222122200120202002120220111112001210100112200122010100011,False
85698,85698,0.418021566759445,111111100001,1120201220,False,11202012202021002010,False,112020122020210020101110110220,False,1120201220202100201011101102200200012000,False,11202012202021002010111011022002000120002122211121,False,112020122020210020101110110220020001200021222111211120020222,False,1120201220202100201011101102200200012000212221112111200202222102002122,False
85824,85824,0.915170516763082,001011111001,2201210101,False,22012101011202202012,False,220121010112022020122000222010,False,2201210101120220201220002220102021102201,False,22012101011202202012200022201020211022011110111022,False,220121010112022020122000222010202110220111101110220111222110,False,2201210101120220201220002220102021102201111011102201112221100110120212,False
85868,85868,0.676079673907209,000000000111,2002202010,False,20022020102122100121,False,200220201021221001211000210220,False,2002202010212210012110002102201121122022,False,20022020102122100121100021022011211220221102122120,False,200220201021221001211000210220112112202211021221200221100200,False,2002202010212210012110002102201121122022110212212002211002000021011120,False
86048,86048,0.243435316769548,000001001111,1022021112,False,10220211120101212020,False,102202111201012120201220021012,False,1022021112010121202012200210122012101121,False,10220211120101212020122002101220121011211112220120,False,102202111201012120201220021012201210112111122201201021022112,False,1022021112010121202012200210122012101121111222012010210221121100202022,False
86102,86102,0.313642009628249,001000011111,1102002220,False,11020022200211101101,False,110200222002111011010102111211,False,1102002220021110110101021112110102211220,False,11020022200211101101010211121101022112200012020222,False,110200222002111011010102111211010221122000120202222202000100,False,1102002220021110110101021112110102211220001202022222020001000012222011,False
86418,86418,0.687444138208799,000010001001,2010110101,False,20101101011210210101,False,201011010112102101011102111201,False,2010110101121021010111021112011012200002,False,20101101011210210101110211120110122000022002012221,False,201011010112102101011102111201101220000220020122211112122021,False,2010110101121021010111021112011012200002200201222111121220210220121011,False
86420,86420,0.949303645351714,000110011011,2211121112,False,22111211120102001111,False,221112111201020011112220100021,False,2211121112010200111122201000212121120010,False,22111211120102001111222010002121211200101202221221,False,221112111201020011112220100021212112001012022212210001112000,False,2211121112010200111122201000212121120010120222122100011120002012210120,False
86508,86508,0.471121959639969,010111000001,1200022020,False,12000220201000111212,False,120002202010001112120201101112,False,1200022020100011121202011011121022010220,False,12000220201000111212020110111210220102201122022002,False,120002202010001112120201101112102201022011220220020101002110,False,1200022020100011121202011011121022010220112202200201010021102002221102,False
86910,86910,0.104882895365858,111010110101,1010022000,False,10100220002110020210,False,101002200021100202102121220222,False,1010022000211002021021212202220211212020,False,10100220002110020210212122022202112120201100202020,False,101002200021100202102121220222021121202011002020202200112022,False,1010022000211002021021212202220211212020110020202022001120221021100201,False
87414,87414,0.093478695380407,001100101101,1002220211,False,10022202112110122220,False,100222021121101222202000221101,False,1002220211211012222020002211010011122220,False,10022202112110122220200022110100111222201121212222,False,100222021121101222202000221101001112222011212122220201011122,False,1002220211211012222020002211010011122220112121222202010111220212210000,False
87866,87866,0.273727309679168,100000010111,1100110202,False,11001102021020102101,False,110011020210201021012212011212,False,1100110202102010210122120112122110211212,False,11001102021020102101221201121221102112120212122101,False,110011020210201021012212011212211021121202121221010122111102,False,1100110202102010210122120112122110211212021212210101221111020212200001,False
87954,87954,0.795545623967423,100001011101,2101201000,False,21012010002001212020,False,210120100020012120202001202000,False,2101201000200121202020012020001001100100,False,21012010002001212020200120200010011001000012221020,False,210120100020012120202001202000100110010000122210200002202202,False,2101201000200121202020012020001001100100001222102000022022021100100101,False
87968,87968,0.628562173967827,110001000011,1222212012,False,12222120122012221110,False,122221201220122211100220011102,False,1222212012201222111002200111021210111001,False,12222120122012221110022001110212101110011220202100,False,122221201220122211100220011102121011100112202021002212221220,False,1222212012201222111002200111021210111001122020210022122212200102121210,False
88254,88254,0.074471695404654,010010111001,1002022011,False,10020220110020221022,False,100202201100202210220022110000,False,1002022011002022102200221100000010212110,False,10020220110020221022002211000000102121100220101221,False,100202201100202210220022110000001021211002201012212220122002,False,1002022011002022102200221100000010212110022010122122201220020021012001,False
88344,88344,0.858149516835823,010001110001,2120022102,False,21200221020012021001,False,212002210200120210012212120001,False,2120022102001202100122121200012200221220,False,21200221020012021001221212000122002212200000101220,False,212002210200120210012212120001220022122000001012201210100200,False,2120022102001202100122121200012200221220000010122012101002001101100200,False
88362,88362,0.214885081122057,000111001001,1021012002,False,10210120022222000120,False,102101200222220001201011020111,False,1021012002222200012010110201111200020010,False,10210120022222000120101102011112000200102000122220,False,102101200222220001201011020111120002001020001222202221120221,False,1021012002222200012010110201111200020010200012222022211202210102222122,False
88508,88508,0.330629102554843,101000010011,1102211021,False,11022110211202110210,False,110221102112021102102121212110,False,1102211021120211021021212121101122111100,False,11022110211202110210212121211011221111001210012100,False,110221102112021102102121212110112211110012100121001101002012,False,1102211021120211021021212121101122111100121001210011010020121010211112,False
88668,88668,0.279389673988033,000110010001,1100200220,False,11002002200222112221,False,110020022002221122212122221121,False,1100200220022211222121222211211121220002,False,11002002200222112221212222112111212200020121000212,False,110020022002221122212122221121112122000201210002122212202121,False,1100200220022211222121222211211121220002012100021222122021210011022200,False
88872,88872,0.989059402565350,011010101101,2222000212,False,22220002121112100002,False,222200021211121000022012000222,False,2222000212111210000220120002221121021121,False,22220002121112100002201200022211210211212200101100,False,222200021211121000022012000222112102112122001011001201111012,False,2222000212111210000220120002221121021121220010110012011110120002020122,False
88958,88958,0.249018209710689,011001101011,1022111101,False,10221111011002002211,False,102211110110020022111111120010,False,1022111101100200221111111200100021021221,False,10221111011002002211111112001000210212211221111100,False,102211110110020022111111120010002102122112211111002020102100,False,1022111101100200221111111200100021021221122111110020201021000112021212,False
89426,89426,0.524142881152770,101011000011,1210000121,False,12100001210220011111,False,121000012102200111111221022112,False,1210000121022001111112210221121001012212,False,12100001210220011111122102211210010122121020121102,False,121000012102200111111221022112100101221210201211020120101010,False,1210000121022001111112210221121001012212102012110201201010101102111221,False
89432,89432,0.309721402581515,001111100111,1101221110,False,11012211102122002120,False,110122111021220021200100100002,False,1101221110212200212001001000020000021222,False,11012211102122002120010010000200000212220111112222,False,110122111021220021200100100002000002122201111122220112011000,False,1101221110212200212001001000020000021222011111222201120110000020102200,False
89574,89574,0.901746409728471,011010111101,2200201020,False,22002010200011101220,False,220020102000111012201112100100,False,2200201020001110122011121001002001200110,False,22002010200011101220111210010020012001102011000011,False,220020102000111012201112100100200120011020110000112022122122,False,2200201020001110122011121001002001200110201100001120221221221221002200,False
89822,89822,0.372325295449915,010001011011,1111122102,False,11111221020210211211,False,111112210202102112112112111112,False,1111122102021021121121121111122220110122,False,11111221020210211211211211111222201101221111022120,False,111112210202102112112112111112222011012211110221202101010020,False,1111122102021021121121121111122220110122111102212021010100201201212220,False
89984,89984,0.582945374026020,100011111011,1220020010,False,12200200101120101120,False,122002001011201011202112221122,False,1220020010112010112021122211222212111012,False,12200200101120101120211222112222121110122212200211,False,122002001011201011202112221122221211101222122002111012011111,False,1220020010112010112021122211222212111012221220021110120111112211022012,False
90452,90452,0.858070045468101,001111010011,2120022020,False,21200220201221221111,False,212002202012212211112020220012,False,2120022020122122111120202200121212220222,False,21200220201221221111202022001212122202222200000000,False,212002202012212211112020220012121222022222000000001100121122,False,2120022020122122111120202200121212220222220000000011001211220000020111,False
90962,90962,0.632244366911393,011001011111,2000002002,False,20000020022200112022,False,200000200222001120221202201001,False,2000002002220011202212022010011011112021,False,20000020022200112022120220100110111120210011202020,False,200000200222001120221202201001101111202100112020200211010120,False,2000002002220011202212022010011011112021001120202002110101202210011012,False
91008,91008,0.655013031198436,011011011001,2001110002,False,20011100021100202221,False,200111000211002022212220212002,False,2001110002110020222122202120021010212220,False,20011100021100202221222021200210102122201002101120,False,200111000211002022212220212002101021222010021011202020012100,False,2001110002110020222122202120021010212220100210112020200121002022110221,False
91278,91278,0.006046495491944,001001001001,1000011212,False,10000112120112221122,False,100001121201122211220202210200,False,1000011212011222112202022102001202111210,False,10000112120112221122020221020012021112100100120000,False,100001121201122211220202210200120211121001001200002020002010,False,1000011212011222112202022102001202111210010012000020200020101202100101,False
91280,91280,0.267906002634858,011011011011,1100020110,False,11000201102201221012,False,110002011022012210120000201220,False,1100020110220122101200002012202100100101,False,11000201102201221012000020122021001001010110202000,False,110002011022012210120000201220210010010101102020002222002211,False,1100020110220122101200002012202100100101011020200022220022112100010112,False
91284,91284,0.791625016920688,110110110101,2101102111,False,21011021112212102202,False,210110211122121022022201022102,False,2101102111221210220222010221020011121200,False,21011021112212102202220102210200111212000011122121,False,210110211122121022022201022102001112120000111221212021102001,False,2101102111221210220222010221020011121200001112212120211020011111020021,False
91584,91584,0.070551088357919,011000010001,1002011202,False,10020112020211101121,False,100201120202111011211221201001,False,1002011202021110112112212010012201202010,False,10020112020211101121122120100122012020101000112000,False,100201120202111011211221201001220120201010001120002111121020,False,1002011202021110112112212010012201202010100011200021111210202212200201,False
91842,91842,0.850427509793938,011110011101,2112201121,False,21122011210200010010,False,211220112102000100100122021002,False,2112201121020001001001220210020002200020,False,21122011210200010010012202100200022000200102222122,False,211220112102000100100122021002000220002001022221220102021120,False,2112201121020001001001220210020002200020010222212201020211201201002200,False
91854,91854,0.421584552651427,011000000001,1120220102,False,11202201022211201200,False,112022010222112012001201110222,False,1120220102221120120012011102220110010202,False,11202201022211201200120111022201100102021101220001,False,112022010222112012001201110222011001020211012200010112100210,False,1120220102221120120012011102220110010202110122000101121002102210122001,False
91878,91878,0.563898638366406,001101000101,1212011111,False,12120111110121221011,False,121201111101212210112112000121,False,1212011111012122101121120001210221211202,False,12120111110121221011211200012102212112021110221212,False,121201111101212210112112000121022121120211102212122202101122,False,1212011111012122101121120001210221211202111022121222021011222000012221,False
92072,92072,0.964270831229149,100101110011,2212212211,False,22122122110020110011,False,221221221100201100110221111112,False,2212212211002011001102211111121011121202,False,22122122110020110011022111111210111212020221211101,False,221221221100201100110221111112101112120202212111010001100111,False,2212212211002011001102211111121011121202022121110100011001112112120220,False
92094,92094,0.844725409801212,001100010101,2112022000,False,21120220001001101221,False,211202200010011012212202200111,False,2112022000100110122122022001111111021121,False,21120220001001101221220220011111110211210010002001,False,211202200010011012212202200111111102112100100020011202010101,False,2112022000100110122122022001111111021121001000200112020101010110120221,False
92882,92882,0.017371224109673,011100010011,1000112001,False,10001120010201122001,False,100011200102011220011122201011,False,1000112001020112200111222010112111122002,False,10001120010201122001112220101121111220020121022111,False,100011200102011220011122201011211112200201210221110011112110,False,1000112001020112200111222010112111122002012102211100111121101021222120,False
92988,92988,0.895925102684161,011101100001,2200020201,False,22000202010102002102,False,220002020101020021020202022221,False,2200020201010200210202020222212212211211,False,22000202010102002102020202222122122112110122111012,False,220002020101020021020202022221221221121101221110120022111111,False,2200020201010200210202020222212212211211012211101200221111111201000122,False
93228,93228,0.319065959833946,100011110101,1102100001,False,11021000010220221221,False,110210000102202212210201221101,False,1102100001022022122102012211011101200221,False,11021000010220221221020122110111012002211210021020,False,110210000102202212210201221101110120022112100210201012210212,False,1102100001022022122102012211011101200221121002102010122102122210211001,False
93246,93246,0.675801524120180,110110101101,2002201200,False,20022012000201120122,False,200220120002011201220222202200,False,2002201200020112012202222022001122102011,False,20022012000201120122022220220011221020110222121012,False,200220120002011201220222202200112210201102221210120002011100,False,2002201200020112012202222022001122102011022212101200020111001111000012,False
93320,93320,0.364603288408030,110010100111,1111022010,False,11110220102220010222,False,111102201022200102221220010221,False,1111022010222001022212200102212122221201,False,11110220102220010222122001022121222212011011010212,False,111102201022200102221220010221212222120110110102120002220110,False,1111022010222001022212200102212122221201101101021200022201102000022112,False
93336,93336,0.459479345551349,101011000101,1122201200,False,11222012001202111120,False,112220120012021111200120220102,False,1122201200120211112001202201020010002121,False,11222012001202111120012022010200100021212102010011,False,112220120012021111200120220102001000212121020100110102200001,False,1122201200120211112001202201020010002121210201001101022000011021021202,False
93732,93732,0.307661759848494,111101101101,1101212011,False,11012120111002001210,False,110121201110020012102221212222,False,1101212011100200121022212122220012101120,False,11012120111002001210222121222200121011202110202000,False,110121201110020012102221212222001210112021102020000200101022,False,1101212011100200121022212122220012101120211020200002001010221211000000,False
93800,93800,0.210885002707600,011111000011,1021001001,False,10210010012002121110,False,102100100120021211101001222101,False,1021001001200212111010012221011012000100,False,10210010012002121110100122210110120001000221000100,False,102100100120021211101001222101101200010002210001001122102011,False,1021001001200212111010012221011012000100022100010011221020110222102210,False
93872,93872,0.637827259852535,010010111011,2000102002,False,20001020021022100001,False,200010200210221000011020212001,False,2000102002102210000110202120011200112011,False,20001020021022100001102021200112001120110212220111,False,200010200210221000011020212001120011201102122201111012011121,False,2000102002102210000110202120011200112011021222011110120111210001110210,False
93948,93948,0.588488531283301,110110111101,1220112120,False,12201121201220121112,False,122011212012201211121211011112,False,1220112120122012111212110111121122212000,False,12201121201220121112121101111211222120000111202221,False,122011212012201211121211011112112221200001112022210212211102,False,1220112120122012111212110111121122212000011120222102122111021102000011,False
94040,94040,0.634025859857385,101011111111,2000011222,False,20000112220101101120,False,200001122201011011202222000022,False,2000011222010110112022220000221112121120,False,20000112220101101120222200002211121211200121002022,False,200001122201011011202222000022111212112001210020220222020201,False,2000011222010110112022220000221112121120012100202202220202010101020212,False
94142,94142,0.988860724146043,010000001011,2222000101,False,22220001012022221102,False,222200010120222211020201211212,False,2222000101202222110202012112120010210011,False,22220001012022221102020121121200102100111122110122,False,222200010120222211020201211212001021001111221101222111201122,False,2222000101202222110202012112120010210011112211012221112011222221010000,False
94176,94176,0.440472345575596,101011110001,1121210201,False,11212102012021021200,False,112121020120210212000011211012,False,1121210201202102120000112110121000001111,False,11212102012021021200001121101210000011112020102012,False,112121020120210212000011211012100000111120201020122001002210,False,1121210201202102120000112110121000001111202010201220010022100001101110,False
94184,94184,0.487910374147256,101011010111,1201011000,False,12010110000102220012,False,120101100001022200120102002011,False,1201011000010222001201020020111012011120,False,12010110000102220012010200201110120111202202222110,False,120101100001022200120102002011101201112022022221102121201101,False,1201011000010222001201020020111012011120220222211021212011010002110111,False
94310,94310,0.985059324150893,101000001111,2221200101,False,22212001012001002201,False,222120010120010022011112211110,False,2221200101200100220111122111102012021202,False,22212001012001002201111221111020120212020021220200,False,222120010120010022011112211110201202120200212202000210221020,False,2221200101200100220111122111102012021202002122020002102210201020120221,False
94356,94356,0.007827988437935,010010101001,1000020022,False,10000200220000011221,False,100002002200000112212022101212,False,1000020022000001122120221012122000101022,False,10000200220000011221202210121220001010220201101200,False,100002002200000112212022101212200010102202011012000122220012,False,1000020022000001122120221012122000101022020110120001222200122100211200,False
94358,94358,0.269687495580850,110111111011,1100022101,False,11000221012000020121,False,110002210120000201211002012111,False,1100022101200002012110020121111200111201,False,11000221012000020121100201211112001112012221212020,False,110002210120000201211002012111120011120122212120200212212021,False,1100022101200002012110020121111200111201222121202002122120212011010021,False
94628,94628,0.620720959874358,100101001011,1222101201,False,12221012012212112000,False,122210120122121120001212202212,False,1222101201221211200012122022122210201201,False,12221012012212112000121220221222102012011002100021,False,122210120122121120001212202212221020120110021000211210002022,False,1222101201221211200012122022122210201201100210002112100020220120022220,False
94758,94758,0.641588924163825,001000011101,2000122011,False,20001220112002110211,False,200012201120021102110200001021,False,2000122011200211021102000010212112022220,False,20001220112002110211020000102121120222202120020112,False,200012201120021102110200001021211202222021200201121002010121,False,2000122011200211021102000010212112022220212002011210020101210010100222,False
95318,95318,0.962250924179989,001010110111,2212201011,False,22122010110200110020,False,221220101102001100202210022022,False,2212201011020011002022100220222210221102,False,22122010110200110020221002202222102211022201000212,False,221220101102001100202210022022221022110222010002121110120022,False,2212201011020011002022100220222210221102220100021211101200220122021102,False
95336,95336,0.318986488466223,001101011111,1102022221,False,11020222212121100000,False,110202222121211000001010021000,False,1102022221212110000010100210000111200120,False,11020222212121100000101002100001112001200210102001,False,110202222121211000001010021000011120012002101020010111120221,False,1102022221212110000010100210000111200120021010200101111202211122012222,False
95418,95418,0.055226281325733,101100100001,1001200121,False,10012001210112220110,False,100120012101122201101210101211,False,1001200121011222011012101012112200122002,False,10012001210112220110121010121122001220022222021222,False,100120012101122201101210101211220012200222220212220222211102,False,1001200121011222011012101012112200122002222202122202222111020110212001,False
95544,95544,0.552375231329370,100000111001,1211112110,False,12111121100102201112,False,121111211001022011121102120120,False,1211112110010220111211021201201202011222,False,12111121100102201112110212012012020112222210120021,False,121111211001022011121102120120120201122222101200211102100011,False,1211112110010220111211021201201202011222221012002111021000110101101112,False
95958,95958,0.757293209912749,100100010001,2022001010,False,20220010101102202122,False,202200101011022021222102021102,False,2022001010110220212221020211020101222110,False,20220010101102202122210202110201012221100120101212,False,202200101011022021222102021102010122211001201012122202101010,False,2022001010110220212221020211020101222110012010121222021010102202210222,False
95960,95960,0.019152717055664,101100110011,1000120111,False,10001201111122020011,False,100012011111220200112202000021,False,1000120111112202001122020000212211212202,False,10001201111122020011220200002122112122021020211211,False,100012011111220200112202000021221121220210202112111220001111,False,1000120111112202001122020000212211212202102021121112200011112020020202,False
96086,96086,0.516301667059301,001111001011,1202121111,False,12021211110001022110,False,120212111100010221101111002112,False,1202121111000102211011110021120112100011,False,12021211110001022110111100211201121000112001111212,False,120212111100010221101111002112011210001120011112121101101112,False,1202121111000102211011110021120112100011200111121211011011120211212010,False
96228,96228,0.108326674206257,100100000001,1010102010,False,10101020101121122202,False,101010201011211222020110022002,False,1010102010112112220201100220022000002200,False,10101020101121122202011002200220000022000021201222,False,101010201011211222020110022002200000220000212012220120201100,False,1010102010112112220201100220022000002200002120122201202011000111101122,False
96230,96230,0.370186181349172,101100000011,1111112211,False,11111122112011012122,False,111111221120110121222121101210,False,1111112211201101212221211012101200010120,False,11111122112011012122212110121012000101200101022121,False,111111221120110121222121101210120001012001010221212202221210,False,1111112211201101212221211012101200010120010102212122022212100122212011,False
96236,96236,0.155764702777917,111100100111,1012001001,False,10120010011211222210,False,101200100112112222102100121212,False,1012001001121122221021001212121002122210,False,10120010011211222210210012121210021222102212011011,False,101200100112112222102100121212100212221022120110110010020001,False,1012001001121122221021001212121002122210221201101100100200010022002222,False
96300,96300,0.535268931351193,110111101001,1210121112,False,12101211122111220021,False,121012111221112200211102200012,False,1210121112211122002111022000120121020202,False,12101211122111220021110220001201210202020211200211,False,121012111221112200211102200012012102020202112002112200122010,False,1210121112211122002111022000120121020202021120021122001220102222212222,False
96392,96392,0.580806259925277,111010100011,1220002212,False,12200022122121000222,False,122000221221210002220121122021,False,1220002212212100022201211220210001001100,False,12200022122121000222012112202100010011002000001010,False,122000221221210002220121122021000100110020000010101120021001,False,1220002212212100022201211220210001001100200000101011200210010000210122,False
96560,96560,0.577004859930126,111111000111,1212220010,False,12122200101210011022,False,121222001012100110220200221200,False,1212220010121001102202002212001010102021,False,12122200101210011022020022120010101020212202122001,False,121222001012100110220200221200101010202122021220012020001101,False,1212220010121001102202002212001010102021220212200120200011012200121001,False
96606,96606,0.599773524217168,111010110001,1221011221,False,12210112211001211112,False,122101122110012111120110011120,False,1221011221100121111201100111202220122220,False,12210112211001211112011001112022201222202001212102,False,122101122110012111120110011120222012222020012121022012222202,False,1221011221100121111201100111202220122220200121210220122222020110111010,False
96864,96864,0.379649945653187,100000111101,1111222021,False,11112220211222212012,False,111122202112222120122012202002,False,1111222021122221201220122020022121021012,False,11112220211222212012201220200221210210121202211020,False,111122202112222120122012202002212102101212022110200122122001,False,1111222021122221201220122020022121021012120221102001221220010011121022,False
96876,96876,0.950806988510676,010010100001,2211201221,False,22112012211100210120,False,221120122111002101201102102011,False,2211201221110021012011021020111012000020,False,22112012211100210120110210201110120000202100002022,False,221120122111002101201102102011101200002021000020222102020120,False,2211201221110021012011021020111012000020210000202221020201200220022211,False
96878,96878,0.212666495653591,110111100011,1021002212,False,10210022120221100120,False,102100221202211001202122001221,False,1021002212022110012021220012212212020010,False,10210022120221100120212200122122120200100001001000,False,102100221202211001202122001221221202001000010010002201222220,False,1021002212022110012021220012212212020010000100100022012222202101210220,False
97388,97388,0.986840817096884,000010101111,2221211121,False,22212111211102210200,False,222121112111022102001100112112,False,2221211121110221020011001121121220011022,False,22212111211102210200110011211212200110220000121111,False,222121112111022102001100112112122001102200001211110000122001,False,2221211121110221020011001121121220011022000012111100001220010002111221,False
97694,97694,0.051345409962860,000110100111,1001120022,False,10011200220121120200,False,100112002201211202000102110010,False,1001120022012112020001021100100122021002,False,10011200220121120200010211001001220210020220222200,False,100112002201211202000102110010012202100202202222001221121000,False,1001120022012112020001021100100122021002022022220012211210000122221021,False
97710,97710,0.146221467106179,100111000101,1011201001,False,10112010010001110221,False,101120100100011102210000202202,False,1011201001000111022100002022020022222001,False,10112010010001110221000020220200222220012101100022,False,101120100100011102210000202202002222200121011000222200021200,False,1011201001000111022100002022020022222001210110002222000212000121001111,False
97742,97742,0.335973581392817,101001010011,1110001110,True,11100011100210001000,False,111000111002100010002112220110,False,1110001110021000100021122201102101100202,False,11100011100210001000211222011021011002022012111010,False,111000111002100010002112220110210110020220121110100000122020,False,1110001110021000100021122201102101100202201211101000001220201201012202,False
98084,98084,0.113949302831260,100100011011,1010121012,False,10101210122201220000,False,101012101222012200001020102212,False,1010121012220122000010201022122222120110,False,10101210122201220000102010221222221201101212121011,False,101012101222012200001020102212222212011012121210111012001210,False,1010121012220122000010201022122222120110121212101110120012101202021202,False
98160,98160,0.064610574262026,101111011101,1001222121,False,10012221212202101022,False,100122212122021010220212101211,False,1001222121220210102202121012112211120210,False,10012221212202101022021210121122111202102222002012,False,100122212122021010220212101211221112021022220020122110210010,False,1001222121220210102202121012112211120210222200201221102100102220102200,False
98298,98298,0.132916567123152,101001011001,1011020121,False,10110201211220100201,False,101102012112201002012010111201,False,1011020121122010020120101112011020202111,False,10110201211220100201201011120110202021112022210000,False,101102012112201002012010111201102020211120222100000101020201,False,1011020121122010020120101112011020202111202221000001010202010011011112,False
98358,98358,0.988701781410598,101101100101,2222000000,False,22220000001202222122,False,222200000012022221221020011120,False,2222000000120222212210200111202211002000,False,22220000001202222122102001112022110020002011220010,False,222200000012022221221020011120221100200020112200102012222001,False,2222000000120222212210200111202211002000201122001020122220010201011021,False
98430,98430,0.415644038555534,101100001101,1120121220,False,11201212201110001002,False,112012122011100010022121010200,False,1120121220111000100221210102002210010100,False,11201212201110001002212101020022100101000110221010,False,112012122011100010022121010200221001010001102210101000020201,False,1120121220111000100221210102002210010100011022101010000202012211111011,False
99132,99132,0.328331045718655,100100011101,1102201122,False,11022011220122201202,False,110220112201222012022202001200,False,1102201122012220120222020012000112121010,False,11022011220122201202220200120001121210102110202222,False,110220112201222012022202001200011212101021102022222011010111,False,1102201122012220120222020012000112121010211020222220110101112222101200,False
99216,99216,0.326430345721079,111001101001,1102122110,False,11021221100222112221,False,110212211002221122210120101111,False,1102122110022211222101201011112100122122,False,11021221100222112221012010111121001221220001202222,False,110212211002221122210120101111210012212200012022220000221122,False,1102122110022211222101201011112100122122000120222200002211222121020121,False
99308,99308,0.371967674295163,100100100011,1111121222,False,11111212221220002012,False,111112122212200020122210020012,False,1111121222122000201222100200121200211120,False,11111212221220002012221002001212002111200200022220,False,111112122212200020122210020012120021112002000222201011021112,False,1111121222122000201222100200121200211120020002222010110211120222200011,False
99360,99360,0.180314860010950,011111010001,1012220201,False,10122202010102121000,False,101222020101021210001010110210,False,1012220201010212100010101102101212211012,False,10122202010102121000101011021012122110120000202201,False,101222020101021210001010110210121221101200002022011220220222,False,1012220201010212100010101102101212211012000020220112202202220110220102,False
99542,99542,0.009530010016204,101110011011,1000021200,False,10000212000110220112,False,100002120001102201121000022022,False,1000021200011022011210000220221020101000,False,10000212000110220112100002202210201010001122102020,False,100002120001102201121000022022102010100011221020201110222211,False,1000021200011022011210000220221020101000112210202011102222111210210211,False
99888,99888,0.311224745740477,111010001101,1102000011,False,11020000111210121000,False,110200001112101210002211210001,False,1102000011121012100022112100012012212100,False,11020000111210121000221121000120122121002211100021,False,110200001112101210002211210001201221210022111000212110020210,False,1102000011121012100022112100012012212100221110002121100202101012111010,False
100266,100266,0.802671595751388,000111111101,2102012202,False,21020122021020122021,False,210201220210201220211202212122,False,2102012202102012202112022121221002200112,False,21020122021020122021120221212210022001121002101122,False,210201220210201220211202212122100220011210021011220221001002,False,2102012202102012202112022121221002200112100210112202210010021020202100,False
100626,100626,0.937382881476066,000001000101,2210121121,False,22101211211102111011,False,221012112111021110111101101121,False,2210121121110211101111011011210112001212,False,22101211211102111011110110112101120012122120010120,False,221012112111021110111101101121011200121221200101200000201211,False,2210121121110211101111011011210112001212212001012000002012112121121101,False
100628,100628,0.199242388618980,000011001111,1020121101,False,10201211010222002211,False,102012110102220022112221121201,False,1020121101022200221122211212010120020211,False,10201211010222002211222112120101200202111210201120,False,102012110102220022112221121201012002021112102011202000022211,False,1020121101022200221122211212010120020211121020112020000222110111101021,False
100682,100682,0.269449081477682,101010011111,1100022010,False,11000220102012201102,False,110002201020122011020212011111,False,1100022010201220110202120111112211021201,False,11000220102012201102021201111122110212011021202020,False,110002201020122011020212011111221102120110212020201111010221,False,1100022010201220110202120111112211021201102120202011110102211012100022,False
100790,100790,0.409862467195085,101001101111,1120100121,False,11201001212012020220,False,112010012120120202200011002022,False,1120100121201202022000110020221121210121,False,11201001212012020220001100202211212101212101122120,False,112010012120120202200011002022112121012121011221200220102210,False,1120100121201202022000110020221121210121210112212002201022101212122222,False
100842,100842,0.218209652910872,000000010101,1021022111,False,10210221110120011020,False,102102211101200110200202020200,False,1021022111012001102002020202000012110101,False,10210221110120011020020202020000121101010110102210,False,102102211101200110200202020200001211010101101022102222001110,False,1021022111012001102002020202000012110101011010221022220011100020022010,False
100844,100844,0.480069160053787,000000111111,1200202022,False,12002020221202012122,False,120020202212020121220222222220,False,1200202022120201212202222222200021021111,False,12002020221202012122022222222000210211111121120202,False,120020202212020121220222222220002102111111211202020221201221,False,1200202022120201212202222222200021021111112112020202212012210022101212,False
100988,100988,0.333953674343658,001000010111,1102222010,False,11022220100110021111,False,110222201001100211111011121111,False,1102222010011002111110111211111211211201,False,11022220100110021111101112111112112112012220201222,False,110222201001100211111011121111121121120122202012220120112111,False,1102222010011002111110111211111211211201222020122201201121111002221110,False
102116,102116,0.022715702947647,011101010011,1000200102,False,10002001021011010221,False,100020010210110102212012202112,False,1000200102101101022120122021122200100212,False,10002001021011010221201220211222001002122002102122,False,100020010210110102212012202112220010021220021021222022002202,False,1000200102101101022120122021122200100212200210212220220022022100122110,False
102480,102480,0.681146002958154,010001101101,2010001200,False,20100012002022200001,False,201000120020222000012002102200,False,2010001200202220000120021022002001222100,False,20100012002022200001200210220020012221001022011120,False,201000120020222000012002102200200122210010220111201121111102,False,2010001200202220000120021022002001222100102201112011211111022021101002,False
102944,102944,0.432551660114405,111001011011,1121102111,False,11211021110020122200,False,112110211100201222000102211011,False,1121102111002012220001022110112011200002,False,11211021110020122200010221101120112000021002111121,False,112110211100201222000102211011201120000210021111210221111100,False,1121102111002012220001022110112011200002100211112102211111002122102201,False
103088,103088,0.286436174404276,000010010011,1100222121,False,11002221210201222201,False,110022212102012222010112110110,False,1100222121020122220101121101100101001202,False,11002221210201222201011211011001010012021102110211,False,110022212102012222010112110110010100120211021102112010220210,False,1100222121020122220101121101100101001202110211021120102202102201120220,False
103320,103320,0.662139002982401,011111111001,2001212212,False,20012122120102112211,False,200121221201021122111012212102,False,2001212212010211221110122121022202122022,False,20012122120102112211101221210222021220222202212020,False,200121221201021122111012212102220212202222022120201010020120,False,2001212212010211221110122121022202122022220221202010100201202212202012,False
103590,103590,0.013172467275909,000101101001,1000101121,False,10001011212201220002,False,100010112122012200021210102212,False,1000101121220122000212101022120121102221,False,10001011212201220002121010221201211022211021220010,False,100010112122012200021210102212012110222110212200100211221000,False,1000101121220122000212101022120121102221102122001002112210000001111010,False
103850,103850,0.054908395854843,010001000111,1001200022,False,10012000222122101120,False,100120002221221011202000221221,False,1001200022212210112020002212212021100011,False,10012000222122101120200022122120211000110221110222,False,100120002221221011202000221221202110001102211102221021021110,False,1001200022212210112020002212212021100011022111022210210211101021220021,False
103914,103914,0.434412624428119,010110001001,1121111212,False,11211112122121111221,False,112111121221211112212012212000,False,1121111212212111122120122120000012212121,False,11211112122121111221201221200000122121210210101101,False,112111121221211112212012212000001221212102101011012211010221,False,1121111212212111122120122120000012212121021010110122110102210102212122,False
104168,104168,0.690570031578308,010001100011,2010122201,False,20101222012002111222,False,201012220120021112220212210011,False,2010122201200211122202122100111222212202,False,20101222012002111222021221001112222122022020001000,False,201012220120021112220212210011122221220220200010001112001011,False,2010122201200211122202122100111222212202202000100011120010110100000121,False
104406,104406,0.851851381585178,101110110101,2112211111,False,21122111111222020220,False,211221111112220202200110120012,False,2112211111122202022001101200122011011001,False,21122111111222020220011012001220110110011022010110,False,211221111112220202200110120012201101100110220101102001201122,False,2112211111122202022001101200122011011001102201011020012011220121220000,False
104552,104552,0.967595403017964,010111110111,2220011111,False,22200111112111010012,False,222001111121110100121101210202,False,2220011111211101001211012102020102012201,False,22200111112111010012110121020201020122010021220202,False,222001111121110100121101210202010201220100212202020120211211,False,2220011111211101001211012102020102012201002122020201202112111110122220,False
104748,104748,0.629827103023621,111101001101,1222221020,False,12222210201000122210,False,122222102010001222101220111111,False,1222221020100012221012201111111010212112,False,12222210201000122210122011111110102121120211211001,False,122222102010001222101220111111101021211202112110012120120221,False,1222221020100012221012201111111010212112021121100121201202212202211122,False
105536,105536,0.802472917332082,110000111011,2102012101,False,21020121010010012222,False,210201210100100122220220222121,False,2102012101001001222202202221210011110011,False,21020121010010012222022022212100111100110010122200,False,210201210100100122220220222121001111001100101222002112102011,False,2102012101001001222202202221210011110011001012220021121020112201122021,False
105542,105542,0.588051438760826,111011011111,1220111220,False,12201112201210112201,False,122011122012101122011100202000,False,1220111220121011220111002020001001111221,False,12201112201210112201110020200010011112210120212222,False,122011122012101122011100202000100111122101202122221200001111,False,1220111220121011220111002020001001111221012021222212000011111122011222,False
105626,105626,0.586150738763251,001011100011,1220102000,False,12201020000210020100,False,122010200002100201002000012021,False,1220102000021002010020000120210022200010,False,12201020000210020100200001202100222000102202221200,False,122010200002100201002000012021002220001022022212001221220101,False,1220102000021002010020000120210022200010220222120012212201010211212220,False
105704,105704,0.798671517336931,110001111111,2101221000,False,21012210002212102000,False,210122100022121020001001112101,False,2101221000221210200010011121011102010100,False,21012210002212102000100111210111020101002112020221,False,210122100022121020001001112101110201010021120202211000000202,False,2101221000221210200010011121011102010100211202022110000002021200022222,False
106368,106368,0.736027888784669,101110101101,2020121110,False,20201211100020200200,False,202012111000202002001110202202,False,2020121110002020020011102022022012000211,False,20201211100020200200111020220220120002111022102110,False,202012111000202002001110202202201200021110221021102101220200,False,2020121110002020020011102022022012000211102210211021012202001001210210,False
106442,106442,0.424829653072520,011010100111,1121001120,False,11210011201222002121,False,112100112012220021211210011020,False,1121001120122200212112100110201112111121,False,11210011201222002121121001102011121111210021112022,False,112100112012220021211210011020111211112100211120220021002220,False,1121001120122200212112100110201112111121002111202200210022201222001010,False
106560,106560,0.874540574504497,011010011001,2121120102,False,21211201020120010002,False,212112010201200100022222122212,False,2121120102012001000222221222120100201012,False,21211201020120010002222212221201002010121201020221,False,212112010201200100022222122212010020101212010202211010110212,False,2121120102012001000222221222120100201012120102022110101102121210202122,False
106650,106650,0.658218395935667,111101010001,2001122101,False,20011221010010211020,False,200112210100102110200222202020,False,2001122101001021102002222020200120112210,False,20011221010010211020022220202001201122100112102010,False,200112210100102110200222202020012011221001121020101222102011,False,2001122101001021102002222020200120112210011210201012221020112112000210,False
106820,106820,0.916276503083431,110110010111,2201212210,False,22012122102222101020,False,220121221022221010201210120111,False,2201212210222210102012101201111100220201,False,22012122102222101020121012011111002202012020110022,False,220121221022221010201210120111110022020120201100220101020002,False,2201212210222210102012101201111100220201202011002201010200021101222202,False
106830,106830,0.225574038798005,011000001001,1021121000,False,10211210001012002011,False,102112100010120020110112022001,False,1021121000101200201101120220012210022200,False,10211210001012002011011202200122100222001221220021,False,102112100010120020110112022001221002220012212200211112012021,False,1021121000101200201101120220012210022200122122002111120120211000122021,False
106908,106908,0.438094817371685,000011011101,1121200122,False,11212001221100212011,False,112120012211002120112121002221,False,1121200122110021201121210022212022102101,False,11212001221100212011212100222120221021011220021202,False,112120012211002120112121002221202210210112200212020101001221,False,1121200122110021201121210022212022102101122002120201010012212101200001,False
106920,106920,0.009251860229175,101101000001,1000021110,False,10000211100020122221,False,100002111000201222212011201002,False,1000021110002012222120112010021201211111,False,10000211100020122221201120100212012111112211100211,False,100002111000201222212011201002120121111122111002110122222110,False,1000021110002012222120112010021201211111221110021101222221100012220101,False
106994,106994,0.698053624517025,111010111011,2011010120,False,20110101202001210000,False,201101012020012100001120212120,False,2011010120200121000011202121200122202111,False,20110101202001210000112021212001222021110102201221,False,201101012020012100001120212120012220211101022012212010100112,False,2011010120200121000011202121200122202111010220122120101001121001101121,False
107070,107070,0.648714895947790,101110111101,2001001202,False,20010012022012112021,False,200100120220121120210202200002,False,2001001202201211202102022000021210102020,False,20010012022012112021020220000212101020200200021012,False,200100120220121120210202200002121010202002000210121220001201,False,2001001202201211202102022000021210102020020002101212200012010020222111,False
107106,107106,0.362186024520258,100001100101,1111012021,False,11110120210010201011,False,111101202100102010112120211101,False,1111012021001020101121202111010102102012,False,11110120210010201011212021110101021020120010211222,False,111101202100102010112120211101010210201200102112220200002211,False,1111012021001020101121202111010102102012001021122202000022110220100212,False
107178,107178,0.789128281665193,000000001101,2101020202,False,21010202020220200120,False,210102020202202001201220022221,False,2101020202022020012012200222210222001211,False,21010202020220200120122002222102220012112201101210,False,210102020202202001201220022221022200121122011012102201001222,False,2101020202022020012012200222210222001211220110121022010012221121221211,False
107264,107264,0.049087088810533,111000001011,1001111101,True,10011111011210200101,False,100111110112102001011200120021,False,1001111101121020010112001200211010021122,False,10011111011210200101120012002110100211220020001221,False,100111110112102001011200120021101002112200200012211111221111,False,1001111101121020010112001200211010021122002000122111112211111102012021,False
107568,107568,0.851732174533594,111011100001,2112211021,False,21122110210020222122,False,211221102100202221221111121020,False,2112211021002022212211111210200220022210,False,21122110210020222122111112102002200222102112120010,False,211221102100202221221111121020022002221021121200100001010100,False,2112211021002022212211111210200220022210211212001000010101001222021212,False
107912,107912,0.891567403114952,100111101011,2122220101,False,21222201011202210120,False,212222010112022101202121121201,False,2122220101120221012021211212012211110122,False,21222201011202210120212112120122111101221021012021,False,212222010112022101202121121201221111012210210120212201002102,False,2122220101120221012021211212012211110122102101202122010021021100210122,False
108270,108270,0.764419181696715,000100110001,2022112021,False,20221120212211202011,False,202211202122112020110101001012,False,2022112021221120201101010010122222101120,False,20221120212211202011010100101222221011202211102102,False,202211202122112020110101001012222210112022111021020100221202,False,2022112021221120201101010010122222101120221110210201002212020220110212,False
108378,108378,0.904832567414118,010011000001,2200221220,False,22002212200020102110,False,220022122000201021100220221221,False,2200221220002010211002202212212021121111,False,22002212200020102110022022122120211211111122011010,False,220022122000201021100220221221202112111111220110101021002011,False,2200221220002010211002202212212021121111112201101010210020110022221022,False
108774,108774,0.753014981711263,011101001001,2021202021,False,20212020211012021020,False,202120202110120210200002002202,False,2021202021101202102000020022020220121201,False,20212020211012021020000200220202201212011122222122,False,202120202110120210200002002202022012120111222221222121001022,False,2021202021101202102000020022020220121201112222212221210010222201102112,False
108890,108890,0.940866396000326,101010001111,2210220102,False,22102201022111221002,False,221022010221112210022201100011,False,2210220102211122100222011000110012002200,False,22102201022111221002220110001100120022000022110212,False,221022010221112210022201100011001200220000221102120221000012,False,2210220102211122100222011000110012002200002211021202210000121122200222,False
109422,109422,0.595495296015682,001111101001,1220221022,False,12202210222221010020,False,122022102222210100202022100020,False,1220221022222101002020221000200222021011,False,12202210222221010020202210002002220210110220122210,False,122022102222210100202022100020022202101102201222100111221200,False,1220221022222101002020221000200222021011022012221001112212002211011001,False
109844,109844,0.847851303170721,101001100111,2112112100,False,21121121001212121220,False,211211210012121212202201002222,False,2112112100121212122022010022220100111202,False,21121121001212121220220100222201001112020102012000,False,211211210012121212202201002222010011120201020120000012022111,False,2112112100121212122022010022220100111202010201200000120221111120220020,False
109916,109916,0.274793560315656,101111011111,1100111220,False,11001112201201200122,False,110011122012012001222102011211,False,1100111220120120012221020112112010200112,False,11001112201201200122210201121120102001120120200110,False,110011122012012001222102011211201020011201202001101020202020,False,1100111220120120012221020112112010200112012020011010202020201210120002,False
110078,110078,0.485413638891761,100101111111,1201000120,False,12010001202222120120,False,120100012022221201202010221221,False,1201000120222212012020102212210101102220,False,12010001202222120120201022122101011022201100111211,False,120100012022221201202010221221010110222011001112111222221002,False,1201000120222212012020102212210101102220110011121112222210021101212120,False
110538,110538,0.713100281762182,000010010001,2012002202,False,20120022020010222200,False,201200220200102222002022201121,False,2012002202001022220020222011210202001202,False,20120022020010222200202220112102020012022222102102,False,201200220200102222002022201121020200120222221021022100111020,False,2012002202001022220020222011210202001202222210210221001110201202022112,False
110540,110540,0.974959788905097,000110110011,2220210122,False,22202101222012022121,False,222021012220120221210002122010,False,2220210122201202212100021220101222202100,False,22202101222012022121000212201012222021002222020020,False,222021012220120221210002122010122220210022220200202010122122,False,2220210122201202212100021220101222202100222202002020101221222100002101,False
110610,110610,0.140042538907118,101101111001,1011111020,False,10111110201221212111,False,101111102012212121110202100111,False,1011111020122121211102021001112121200220,False,10111110201221212111020210011121212002200220102110,False,101111102012212121110202100111212120022002201021102002202211,False,1011111020122121211102021001112121200220022010211020022022110202210111,False
111356,111356,0.813638703214366,110100110111,2110000002,False,21100000022000200212,False,211000000220002002122211000010,False,2110000002200020021222110000100200020010,False,21100000022000200212221100001002000200102211101000,False,211000000220002002122211000010020002001022111010002120020112,False,2110000002200020021222110000100200020010221110100021200201121120211100,False
111534,111534,0.119134838933789,111101010101,1010202221,False,10102022211002012212,False,101020222110020122120212020022,False,1010202221100201221202120200221022002120,False,10102022211002012212021202002210220021202200102020,False,101020222110020122120212020022102200212022001020200010212022,False,1010202221100201221202120200221022002120220010202000102120222120022111,False
111672,111672,0.187440831794916,011111110001,1020011200,False,10200112002012011221,False,102001120020120112211222002200,False,1020011200201201122112220022002100001221,False,10200112002012011221122200220021000012210101202202,False,102001120020120112211222002200210000122101012022022212002221,False,1020011200201201122112220022002100001221010120220222120022211211021010,False
111804,111804,0.470168303227297,111100000101,1200020221,False,12000202212021011101,False,120002022120210111011021220121,False,1200020221202101110110212201212112100101,False,12000202212021011101102122012121121001010121120020,False,120002022120210111011021220121211210010101211200201011011110,False,1200020221202101110110212201212112100101012112002010110111100110102101,False
112322,112322,0.291780653242250,000011010011,1101012111,False,11010121110001202010,False,110101211100012020102012111111,False,1101012111000120201020121111110022222220,False,11010121110001202010201211111100222222201220000222,False,110101211100012020102012111111002222222012200002220011111211,False,1101012111000120201020121111110022222220122000022200111112110220121210,False
112346,112346,0.434094738957228,110000011111,1121111110,False,11211111102101022220,False,112111111021010222200122022121,False,1121111110210102222001220221212212121120,False,11211111102101022220012202212122121211201122020211,False,112111111021010222200122022121221212112011220202110202210001,False,1121111110210102222001220221212212121120112202021102022100010002122201,False
112992,112992,0.014715546118733,011011010101,1000102212,False,10001022122101101101,False,100010221221011011010001011200,False,1000102212210110110100010112002012202210,False,10001022122101101101000101120020122022101200011221,False,100010221221011011010001011200201220221012000112211121021211,False,1000102212210110110100010112002012202210120001122111210212112211101111,False
113040,113040,0.299343717548690,110100111001,1101111212,False,11011112120220202011,False,110111121202202020112111201221,False,1101111212022020201121112012211212220110,False,11011112120220202011211120122112122201100000212202,False,110111121202202020112111201221121222011000002122021101011122,False,1101111212022020201121112012211212220110000021220211010111221200210120,False
113154,113154,0.225335624694838,100010110101,1021120202,False,10211202022101010012,False,102112020221010100122011010021,False,1021120202210101001220110100212202221220,False,10211202022101010012201101002122022212202110201211,False,102112020221010100122011010021220222122021102012111020201011,False,1021120202210101001220110100212202221220211020121110202010111101112112,False
113496,113496,0.003311346133281,010001001101,1000002122,False,10000021222012112020,False,100000212220121120201000201200,False,1000002122201211202010002012002010102001,False,10000021222012112020100020120020101020012102022021,False,100000212220121120201000201200201010200121020220210120220222,False,1000002122201211202010002012002010102001210202202101202202222101012000,False
113850,113850,0.352444110429214,101000011001,1110202201,False,11102022010022221100,False,111020220100222211002020220002,False,1110202201002222110020202200022112011200,False,11102022010022221100202022000221120112001222002112,False,111020220100222211002020220002211201120012220021120021222022,False,1110202201002222110020202200022112011200122200211200212220221101210100,False
114752,114752,0.451081831883822,010000010011,1122022121,False,11220221210102201220,False,112202212101022012201210001100,False,1122022121010220122012100011002022100100,False,11220221210102201220121000110020221001001122222020,False,112202212101022012201210001100202210010011222220201020121111,False,1122022121010220122012100011002022100100112222202010201211111020100112,False
114770,114770,0.807817396170056,001001111011,2102120201,False,21021202012210122011,False,210212020122101220111102002110,False,2102120201221012201111020021102211101111,False,21021202012210122011110200211022111011110122002221,False,210212020122101220111102002110221110111101220022212011120122,False,2102120201221012201111020021102211101111012200222120111201222210010102,False
114858,114858,0.329635710458310,011001100001,1102210010,False,11022100102010210222,False,110221001020102102221212110221,False,1102210010201021022212121102210002000201,False,11022100102010210222121211022100020002012001020000,False,110221001020102102221212110221000200020120010200000101110012,False,1102210010201021022212121102210002000201200102000001011100121010121221,False
115116,115116,0.109512131894329,000010101101,1010110012,False,10101100121021222021,False,101011001210212220212212121220,False,1010110012102122202122121212202101220122,False,10101100121021222021221212122021012201220122120201,False,101011001210212220212212121220210122012201221202011211222022,False,1010110012102122202122121212202101220122012212020112112220221022022122,False
115370,115370,0.365669539044518,101011101111,1111100102,False,11111001021012102221,False,111110010210121022211212221102,False,1111100102101210222112122211020210121021,False,11111001021012102221121222110202101210210012220110,False,111110010210121022211212221102021012102100122201102112210121,False,1111100102101210222112122211020210121021001222011021122101212121011102,False
115424,115424,0.435876231903220,100010111111,1121120202,False,11211202022202101111,False,112112020222021011111121010000,False,1121120202220210111111210100002121222020,False,11211202022202101111112101000021212220201101000122,False,112112020222021011111121010000212122202011010001220100010110,False,1121120202220210111111210100002121222020110100012201000101102021021222,False
115602,115602,0.741372367622644,001001101101,2020222002,False,20202220020211010002,False,202022200202110100020121122200,False,2020222002021101000201211222000200102010,False,20202220020211010002012112220002001020101110101222,False,202022200202110100020121122200020010201011101012220012212221,False,2020222002021101000201211222000200102010111010122200122122210120002210,False
115670,115670,0.644595610481749,010011000011,2000211001,False,20002110011102211200,False,200021100111022112002011112022,False,2000211001110221120020111120222222101211,False,20002110011102211200201111202222221012110112201211,False,200021100111022112002011112022222210121101122012111120011200,False,2000211001110221120020111120222222101211011220121111200112000110200022,False
115676,115676,0.430174131910494,110111100111,1121022102,False,11210221021111200121,False,112102210211112001210101020122,False,1121022102111120012101010201222022112012,False,11210221021111200121010102012220221120122120122100,False,112102210211112001210101020122202211201221201221000101022200,False,1121022102111120012101010201222022112012212012210001010222002001000110,False
115794,115794,0.879885053342472,111101011001,2121222122,False,21212221220102111102,False,212122212201021111022020210202,False,2121222122010211110220202102021010212021,False,21212221220102111102202021020210102120210201101212,False,212122212201021111022020210202101021202102011012120110021012,False,2121222122010211110220202102021010212021020110121201100210120112201200,False
115818,115818,0.022199139057450,000010111101,1000122222,False,10001222222210202120,False,100012222222102021201210211012,False,1000122222221020212012102110120221020200,False,10001222222210202120121021101202210202001211201012,False,100012222222102021201210211012022102020012112010120122121210,False,1000122222221020212012102110120221020200121120101201221212100112220101,False
116210,116210,0.346662539068765,101010010011,1110111220,False,11101112201200010202,False,111011122012000102022001000202,False,1110111220120001020220010002021020010102,False,11101112201200010202200100020210200101020220122022,False,111011122012000102022001000202102001010202201220221001000221,False,1110111220120001020220010002021020010102022012202210010002211202102111,False
116720,116720,0.120836860512058,100100011111,1010211111,False,10102111111001102120,False,101021111110011021202020220102,False,1010211111100110212020202201022122201000,False,10102111111001102120202022010221222010002110002111,False,101021111110011021202020220102212220100021100021111122120020,False,1010211111100110212020202201022122201000211000211111221200201020220201,False
117252,117252,0.775465760527415,100011011001,2100021220,False,21000212201120011021,False,210002122011200110211021200010,False,2100021220112001102110212000100001212010,False,21000212201120011021102120001000012120100101120021,False,210002122011200110211021200010000121201001011200212110022102,False,2100021220112001102110212000100001212010010112002121100221021101212020,False
117288,117288,0.488936889099883,101000100001,1201012102,False,12010121020022202000,False,120101210200222020002111200212,False,1201012102002220200021112002121221112210,False,12010121020022202000211120021212211122101211200222,False,120101210200222020002111200212122111221012112002220121220220,False,1201012102002220200021112002121221112210121120022201212202200202011211,False
117290,117290,0.750796396242797,111001100011,2021121012,False,20211210122102122201,False,202112101221021222010100021011,False,2021121012210212220101000210111121001201,False,20211210122102122201010002101111210012012110021021,False,202112101221021222010100021011112100120121100210212211120012,False,2021121012210212220101000210111121001201211002102122111200120222220102,False
117366,117366,0.701457667673563,010111010101,2011100110,False,20111001101102001201,False,201110011011020012011011012022,False,2011100110110200120110110120222220211102,False,20111001101102001201101101202222202111022201100121,False,201110011011020012011011012022222021110222011001210212010111,False,2011100110110200120110110120222220211102220110012102120101110121110020,False
117828,117828,0.191003817686899,100000010001,1020022012,False,10200220121201221102,False,102002201212012211020001220002,False,1020022012120122110200012200022021100120,False,10200220121201221102000122000220211001202202221012,False,102002201212012211020001220002202110012022022210120102010022,False,1020022012120122110200012200022021100120220222101201020100220201212022,False
117830,117830,0.452863324829813,100000110011,1122101221,False,11221012211022120212,False,112210122110221202122002112010,False,1122101221102212021220021120102000210210,False,11221012211022120212200211201020002102100200220120,False,112210122110221202122002112010200021021002002201202112211101,False,1122101221102212021220021120102000210210020022012021122111012222111001,False
117944,117944,0.378855231975961,111110000111,1111221022,False,11112210221210102001,False,111122102212101020010122001220,False,1111221022121010200101220012202011020121,False,11112210221210102001012200122020110201211221021112,False,111122102212101020010122001220201102012112210211122221121200,False,1111221022121010200101220012202011020121122102111222211212000212101010,False
118086,118086,0.970880239122917,000110011101,2220110010,False,22201100102112010121,False,222011001021120101212101120200,False,2220110010211201012121011202000111002000,False,22201100102112010121210112020001110020002221001010,False,222011001021120101212101120200011100200022210010100221010212,False,2220110010211201012121011202000111002000222100101002210102122121201201,False
118098,118098,0.542037281980407,100000000001,1210222100,False,12102221001000020110,False,121022210010000201101211101220,False,1210222100100002011012111012200212101101,False,12102221001000020110121110122002121011012022000022,False,121022210010000201101211101220021210110120220000222002201211,False,1210222100100002011012111012200212101101202200002220022012110202012220,False
118100,118100,0.803896789123321,100000000011,2102022010,False,21020220101100022121,False,210202201011000221212102212112,False,2102022010110002212121022121121011011212,False,21020220101100022121210221211210110112121001200102,False,210202201011000221212102212112101101121210012001021210122102,False,2102022010110002212121022121121011011212100120010212101221021222221212,False
118106,118106,0.589475310552066,100000100111,1220121002,False,12201210021011200210,False,122012100210112002102212001021,False,1220121002101120021022120010210002122011,False,12201210021011200210221200102100021220112100122220,False,122012100210112002102212001021000212201121001222200111102202,False,1220121002101120021022120010210002122011210012222001111022022122122010,False
118170,118170,0.968979539125342,010011101001,2220021201,False,22200212011122012122,False,222002120111220121222200110202,False,2220021201112201212222001102021100101112,False,22200212011122012122220011020211001011120201020220,False,222002120111220121222200110202110010111202010202202121120210,False,2220021201112201212222001102021100101112020102022021211202102011200021,False
118284,118284,0.894971446271490,111100100101,2200011122,False,22000111222221201221,False,220001112222212012210002201022,False,2200011122222120122100022010221122212200,False,22000111222221201221000220102211222122002110020120,False,220001112222212012210002201022112221220021100201200221112110,False,2200011122222120122100022010221122212200211002012002211121100121021101,False
118430,118430,0.010715467704276,100011000111,1000022122,False,10000221220020111201,False,100002212200201112012212101110,False,1000022122002011120122121011100121111211,False,10000221220020111201221210111001211112110210121102,False,100002212200201112012212101110012111121102101211022011222120,False,1000022122002011120122121011100121111211021012110220112221200200002022,False
118572,118572,0.602740474851232,111101011101,1221100112,False,12211001121122222010,False,122110011211222220102202120220,False,1221100112112222201022021202201101012220,False,12211001121122222010220212022011010122200200211112,False,122110011211222220102202120220110101222002002111121121220121,False,1221100112112222201022021202201101012220020021111211212201211112021221,False
118826,118826,0.858897882001421,011001111111,2120100221,False,21201002211212120110,False,212010022112121201102011202111,False,2120100221121212011020112021110220101220,False,21201002211212120110201120211102201012202211122211,False,212010022112121201102011202111022010122022111222110012002122,False,2120100221121212011020112021110220101220221112221100120021221121122010,False
118962,118962,0.665344367719632,111101110001,2002002011,False,20020020112120101001,False,200200201121201010012110210121,False,2002002011212010100121102101211111211210,False,20020020112120101001211021012111112112102221120221,False,200200201121201010012110210121111121121022211202212101211111,False,2002002011212010100121102101211111211210222112022121012111112100022112,False
119090,119090,0.424352824866184,110000101011,1121000222,False,11210002220122112012,False,112100022201221120121210022220,False,1121000222012211201212100222200000212200,False,11210002220122112012121002222000002122000002022021,False,112100022201221120121210022220000021220000020220212110002111,False,1121000222012211201212100222200000212200000202202121100021112121210212,False
119144,119144,0.494559517724886,011101111011,1201111010,False,12011110102101112122,False,120111101021011121222110212102,False,1201111010210111212221102121022221221002,False,12011110102101112122211021210222212210022102200101,False,120111101021011121222110212102222122100221022001011100101211,False,1201111010210111212221102121022221221002210220010111001012111102012111,False
119232,119232,0.016377832013140,100101100001,1000111020,False,10001110201002002211,False,100011102010020022112200122100,False,1000111020100200221122001221000112221020,False,10001110201002002211220012210001122210201012020012,False,100011102010020022112200122100011222102010120200120211012112,False,1000111020100200221122001221000112221020101202001202110121122012000020,False
119358,119358,0.513526782016777,110001111001,1202110120,False,12021101201002220100,False,120211012010022201000010120112,False,1202110120100222010000101201122000110211,False,12021101201002220100001012011220001102110022100011,False,120211012010022201000010120112200011021100221000110220012001,False,1202110120100222010000101201122000110211002210001102200120012101210020,False
119576,119576,0.056213060594499,000101101011,1001201102,False,10012011022121101210,False,100120110221211012101100112200,False,1001201102212110121011001122002201000011,False,10012011022121101210110011220022010000112010200220,False,100120110221211012101100112200220100001120102002201122101212,False,1001201102212110121011001122002201000011201020022011221012120000001000,False
119774,119774,0.980304267743071,100111110011,2221021012,False,22210210120001220112,False,222102101200012201121012202212,False,2221021012000122011210122022121201201202,False,22210210120001220112101220221212012012021100011221,False,222102101200012201121012202212120120120211000112211121211211,False,2221021012000122011210122022121201201202110001122111212112111121000210,False
119942,119942,0.976502867747921,011110010111,2220221021,False,22202210210121022002,False,222022102101210220020111201021,False,2220221021012102200201112010210110012100,False,22202210210121022002011120102101100121001202000221,False,222022102101210220020111201021011001210012020002210111201201,False,2220221021012102200201112010210110012100120200022101112012011111020110,False
119976,119976,0.428114489177473,100101101101,1121012210,False,11210122100102011122,False,112101221001020111222110100211,False,1121012210010201112221101002111010100010,False,11210122100102011122211010021110101000102221220202,False,112101221001020111222110100211101010001022212202022200002002,False,1121012210010201112221101002111010100010222122020222000020022120121011,False
120282,120282,0.492619082043449,110001010101,1201101110,False,12011011101220001000,False,120110111012200010001210211201,False,1201101110122000100012102112011122210222,False,12011011101220001000121021120111222102220111021201,False,120110111012200010001210211201112221022201110212012122122200,False,1201101110122000100012102112011122210222011102120121221222001011211122,False
120548,120548,0.319933532051127,011010101011,1102101000,False,11021010002212112101,False,110210100022121121010122222022,False,1102101000221211210101222220220012020122,False,11021010002212112101012222202200120201222110212020,False,110210100022121121010122222022001202012221102120202202001220,False,1102101000221211210101222220220012020122211021202022020012201222112220,False
120552,120552,0.843652546336957,110000000101,2112012211,False,21120122112002211120,False,211201221120022111200111221202,False,2112012211200221112001112212021000022211,False,21120122112002211120011122120210000222112001212100,False,211201221120022111200111221202100002221120012121000212200101,False,2112012211200221112001112212021000022211200121210002122001012112012111,False
120584,120584,0.033404660623595,011110010011,1001000020,False,10010000202021120021,False,100100002020211200211122211201,False,1001000020202112002111222112011211000000,False,10010000202021120021112221120112110000002122202101,False,100100002020211200211122211201121100000021222021010102012010,False,1001000020202112002111222112011211000000212220210101020120101000211000,False
120678,120678,0.340801496340594,010101111101,1110021001,False,11100210012000001111,False,111002100120000011112101121011,False,1110021001200000111121011210112121210001,False,11100210012000001111210112101121212100012021221101,False,111002100120000011112101121011212121000120212211012002022121,False,1110021001200000111121011210112121210001202122110120020221210210002210,False
121230,121230,0.614025467785100,011011010001,1222000011,False,12220000112000022121,False,122200001120000221211102122022,False,1222000011200002212111021220220002020211,False,12220000112000022121110212202200020202110111000022,False,122200001120000221211102122022000202021101110000220001112110,False,1222000011200002212111021220220002020211011100002200011121101010211110,False
121346,121346,0.801876882074162,101101000111,2102011012,False,21020110122210001202,False,210201101222100012021211222121,False,2102011012221000120212112221212101222202,False,21020110122210001202121122212121012222020022101000,False,210201101222100012021211222121210122220200221010002001221021,False,2102011012221000120212112221212101222202002210100020012210212110201020,False
121412,121412,0.443240617790353,000010011011,1121221100,False,11212211000001212202,False,112122110000012122022010200000,False,1121221100000121220220102000002121221102,False,11212211000001212202201020000021212211020121210121,False,112122110000012122022010200000212122110201212101212101012102,False,1121221100000121220220102000002121221102012121012121010121022002202110,False
121434,121434,0.323695196362417,110011101101,1102112022,False,11021120222101121122,False,110211202221011211220100220122,False,1102112022210112112201002201220021111020,False,11021120222101121122010022012200211110200200002120,False,110211202221011211220100220122002111102002000021201200210220,False,1102112022210112112201002201220021111020020000212012002102202211021000,False
121562,121562,0.082703653508969,110010110111,1002120100,False,10021201000102210201,False,100212010001022102010220121001,False,1002120100010221020102201210010022020021,False,10021201000102210201022012100100220200210020121021,False,100212010001022102010220121001002202002100201210211110000001,False,1002120100010221020102201210010022020021002012102111100000011102200001,False
121580,121580,0.439439217795203,110101011111,1121202101,False,11212021011121002202,False,112120210111210022020122202020,False,1121202101112100220201222020200000120120,False,11212021011121002202012220202000001201202101120020,False,112120210111210022020122202020000012012021011200201010022002,False,1121202101112100220201222020200000120120210112002010100220020001002100,False
121898,121898,0.075100853518668,000111011011,1002022200,False,10020222002120022002,False,100202220021200220020112002100,False,1002022200212002200201120021002212002021,False,10020222002120022002011200210022120020212011001102,False,100202220021200220020112002100221200202120110011020002102012,False,1002022200212002200201120021002212002021201100110200021020122201120110,False
122174,122174,0.211712839240920,010000101111,1021001220,False,10210012200211110200,False,102100122002111102001221000201,False,1021001220021111020012210002010001110010,False,10210012200211110200122100020100011100102201111220,False,102100122002111102001221000201000111001022011112200100112220,False,1021001220021111020012210002010001110010220111122001001122201101011101,False
122204,122204,0.139605446384643,010100110011,1011110211,False,10111102111220011111,False,101111021112200111111121202100,False,1011110211122001111111212021002010011001,False,10111102111220011111112120210020100110012222101211,False,101111021112200111111121202100201001100122221012112201101200,False,1011110211122001111111212021002010011001222210121122011012001200122021,False
122474,122474,0.490638910678151,010100000011,1201021202,False,12010212020102122220,False,120102120201021222201010110010,False,1201021202010212222010101100101211202021,False,12010212020102122220101011001012112020212002002200,False,120102120201021222201010110010121120202120020022000212121120,False,1201021202010212222010101100101211202021200200220002121211202021001020,False
123200,123200,0.545640003556251,001101111111,1211011120,False,12110111202210022201,False,121101112022100222011221210002,False,1211011120221002220112212100020221020200,False,12110111202210022201122121000202210202002202002101,False,121101112022100222011221210002022102020022020021012100100111,False,1211011120221002220112212100020221020200220200210121001001110112111102,False
123344,123344,0.399524517846122,111101010111,1112212201,False,11122122010002000020,False,111221220100020000201122201112,False,1112212201000200002011222011122011102012,False,11122122010002000020112220111220111020120010110021,False,111221220100020000201122201112201110201200101100212120011000,False,1112212201000200002011222011122011102012001011002121200110000122022012,False
123662,123662,0.035186153569587,101110110011,1001001201,False,10010012012021201220,False,100100120120212012201220020222,False,1001001201202120122012200202220220012022,False,10010012012021201220122002022202200120220012110022,False,100100120120212012201220020222022001202200121100220001210002,False,1001001201202120122012200202220220012022001211002200012100021200100111,False
123846,123846,0.126260810717755,011111110101,1011000110,True,10110001102001211110,False,101100011020012111100120020112,False,1011000110200121111001200201121211020101,False,10110001102001211110012002011212110201011210201101,False,101100011020012111100120020112121102010112102011010200101000,False,1011000110200121111001200201121211020101121020110102001010001210102220,False
123932,123932,0.386219617863095,001110000011,1112021022,False,11120210220002102010,False,111202102200021020102200201121,False,1112021022000210201022002011212111220022,False,11120210220002102010220020112121112200221102001221,False,111202102200021020102200201121211122002211020012211202122111,False,1112021022000210201022002011212111220022110200122112021221112111201111,False
123986,123986,0.456426310721796,010001010011,1122120122,False,11221201221012102220,False,112212012210121022201001221101,False,1122120122101210222010012211010202020010,False,11221201221012102220100122110102020200102010021210,False,112212012210121022201001221101020202001020100212101120202122,False,1122120122101210222010012211010202020010201002121011202021222020211111,False
124478,124478,0.873865067878855,011100110111,2121112000,False,21211120000001202002,False,212111200000012020021112012112,False,2121112000000120200211120121121002000111,False,21211120000001202002111201211210020001110200110012,False,212111200000012020021112012112100200011102001100121200010210,False,2121112000000120200211120121121002000111020011001212000102100122111110,False
124802,124802,0.295105225031065,100111010111,1101100011,True,11011000110210001102,False,110110001102100011021102012111,False,1101100011021000110211020121111211222000,False,11011000110210001102110201211112112220002201000122,False,110110001102100011021102012111121122200022010001220020012022,False,1101100011021000110211020121111211222000220100012200200120220002201220,False
124964,124964,0.505725303607170,010001110111,1202001122,False,12020011220012101100,False,120200112200121011001121111010,False,1202001122001210110011211110101120011222,False,12020011220012101100112111101011200112221110011222,False,120200112200121011001121111010112001122211100112222010221200,False,1202001122001210110011211110101120011222111001122220102212000220010112,False
125234,125234,0.856758767900678,010000000111,2120012112,False,21200121122202201021,False,212001211222022010210111202020,False,2120012112220220102101112020201111202112,False,21200121122202201021011120202011112021120011122021,False,212001211222022010210111202020111120211200111220210120221002,False,2120012112220220102101112020201111202112001112202101202210022111201210,False
125414,125414,0.424114410763016,010001001111,1121000200,False,11210002000000000001,False,112100020000000000012021011100,False,1121000200000000000120210111001020102010,False,11210002000000000001202101110010201020102111022111,False,112100020000000000012021011100102010201021110221112112102102,False,1121000200000000000120210111001020102010211102211121121021022122111210,False
125444,125444,0.352007017906740,101011010011,1110202012,False,11102020120120121122,False,111020201201201211220101202000,False,1110202012012012112201012020001010121221,False,11102020120120121122010120200010101212212021220110,False,111020201201201211220101202000101012122120212201101101221102,False,1110202012012012112201012020001010121221202122011011012211021212011202,False
125468,125468,0.494321103621718,011000011111,1201110210,False,12011102102202122201,False,120111021022021222010101200100,False,1201110210220212220101012001000001010211,False,12011102102202122201010120010000010102111202010010,False,120111021022021222010101200100000101021112020100102000101220,False,1201110210220212220101012001000001010211120201001020001012202002210102,False
125604,125604,0.300767589339929,100111010001,1101120110,False,11011201100100112220,False,110112011001001122201021100001,False,1101120110010011222010211000010211111010,False,11011201100100112220102110000102111110102121002111,False,110112011001001122201021100001021111101021210021111201220212,False,1101120110010011222010211000010211111010212100211112012202120011021120,False
125786,125786,0.129982739345183,010110011011,1011010220,False,10110102201000021112,False,101101022010000211121110101000,False,1011010220100002111211101010000201002001,False,10110102201000021112111010100002010020011020211100,False,101101022010000211121110101000020100200110202111001102221002,False,1011010220100002111211101010000201002001102021110011022210021221100200,False
125936,125936,0.769445775063799,000110110111,2022212122,False,20222121221010001102,False,202221212210100011020120102200,False,2022212122101000110201201022000200100210,False,20222121221010001102012010220002001002102111110012,False,202221212210100011020120102200020010021021111100122100101021,False,2022212122101000110201201022000200100210211111001221001010211012122021,False
126132,126132,0.431677475069456,100010001101,1121101100,False,11211011002002011212,False,112110110020020112122110222110,False,1121101100200201121221102221100020021200,False,11211011002002011212211022211000200212001112212022,False,112110110020020112122110222110002002120011122120221201020010,False,1121101100200201121221102221100020021200111221202212010200102221212002,False
126162,126162,0.359570082213179,001100111001,1111002010,False,11110020102212101101,False,111100201022121011010200202211,False,1111002010221210110102002022110022200121,False,11110020102212101101020020221100222001212001120210,False,111100201022121011010200202211002220012120011202102112201111,False,1111002010221210110102002022110022200121200112021021122011110211100212,False
126548,126548,0.898454960795750,000100101111,2200110010,False,22001100102011202220,False,220011001020112022200112222011,False,2200110010201120222001122220112102202111,False,22001100102011202220011222201121022021111022200122,False,220011001020112022200112222011210220211110222001220200220000,False,2200110010201120222001122220112102202111102220012202002200000021101200,False
126618,126618,0.063537710797771,001001001101,1001221201,False,10012212010002011120,False,100122120100020111200100021222,False,1001221201000201112001000212222220020112,False,10012212010002011120010002122222200201121222001100,False,100122120100020111200100021222222002011212220011000112111012,False,1001221201000201112001000212222220020112122200110001121110122011100102,False
126762,126762,0.917422225087642,111001110101,2201222022,False,22012220222111010122,False,220122202221110101220220000120,False,2201222022211101012202200001200212102222,False,22012220222111010122022000012002121022222111020212,False,220122202221110101220220000120021210222221110202122002002012,False,2201222022211101012202200001200212102222211102021220020020121011102120,False
127010,127010,0.388001110809086,000110100011,1112100110,False,11121001102220122102,False,111210011022201221020011110210,False,1112100110222012210200111102101022010001,False,11121001102220122102001111021010220100012211002000,False,111210011022201221020011110210102201000122110020000100010210,False,1112100110222012210200111102101022010001221100200001000102100222101111,False
127032,127032,0.268455689381150,110000100101,1100021001,False,11000210012121121112,False,110002100121211211120210212010,False,1100021001212112111202102120101121120121,False,11000210012121121112021021201011211201211211211022,False,110002100121211211120210212010112112012112112110220101000210,False,1100021001212112111202102120101121120121121121102201010002102201001221,False
127232,127232,0.454406403672637,110000010111,1122110222,False,11221102221002102211,False,112211022210021022111011021221,False,1122110222100210221110110212210100102222,False,11221102221002102211101102122101001022222220202202,False,112211022210021022111011021221010010222222202022020110012211,False,1122110222100210221110110212210100102222222020220201100122112002220011,False
127320,127320,0.976224717960892,010001011101,2220220121,False,22202201211212012010,False,222022012112120120100210201001,False,2220220121121201201002102010012020121002,False,22202201211212012010021020100120201210022012221110,False,222022012112120120100210201001202012100220122211101111222202,False,2220220121121201201002102010012020121002201222111011112222022122012002,False
127482,127482,0.186844796536996,111100111101,1020011002,False,10200110022200220102,False,102001100222002201020202012220,False,1020011002220022010202020122202212101122,False,10200110022200220102020201222022121011220022100021,False,102001100222002201020202012220221210112200221000210122122222,False,1020011002220022010202020122202212101122002210002101221222222211020102,False
127494,127494,0.758001839394486,111110100001,2022002102,False,20220021022002221121,False,202200210220022211212002121110,False,2022002102200222112120021211100201211122,False,20220021022002221121200212111002012111221010120220,False,202200210220022211212002121110020121112210101202200220000100,False,2022002102200222112120021211100201211122101012022002200001002100002012,False
127874,127874,0.511308196548312,111000010011,1202100110,False,12021001100101210101,False,120210011001012101011200200012,False,1202100110010121010112002000120022002211,False,12021001100101210101120020001200220022112112202211,False,120210011001012101011200200012002200221121122022111011220021,False,1202100110010121010112002000120022002211211220221110112200211010200011,False
128304,128304,0.811102232275010,110110000001,2102211010,False,21022110102100012002,False,210221101021000120021122012102,False,2102211010210001200211220121021221122201,False,21022110102100012002112201210212211222011111011021,False,210221101021000120021122012102122112220111110110211112220011,False,2102211010210001200211220121021221122201111101102111122200112012021012,False
128520,128520,0.091929003709816,111001010001,1002212110,False,10022121102011022002,False,100221211020110220020210002022,False,1002212110201102200202100020222221001001,False,10022121102011022002021000202222210010010002112102,False,100221211020110220020210002022222100100100021121020012221211,False,1002212110201102200202100020222221001001000211210200122212110020011102,False
128546,128546,0.496102596567709,001010111111,1201120021,False,12011200210212220222,False,120112002102122202222000210220,False,1201120021021222022220002102201120110000,False,12011200210212220222200021022011201100000111121020,False,120112002102122202222000210220112011000001111210200020122202,False,1201120021021222022220002102201120110000011112102000201222021121221212,False
128790,128790,0.442962468003324,101001000001,1121220222,False,11212202220201011200,False,112122022202010112001001110010,False,1121220222020101120010011100100121222110,False,11212202220201011200100111001001212221101201111020,False,112122022202010112001001110010012122211012011110200200002122,False,1121220222020101120010011100100121222110120111102002000021220111011121,False
128792,128792,0.704821975146239,111011000011,2011120021,False,20111200212221120020,False,201112002122211200201101221011,False,2011120021222112002011012210110211122021,False,20111200212221120020110122101102111220212021222122,False,201112002122211200201101221011021112202120212221220220010111,False,2011120021222112002011012210110211122021202122212202200101112122120011,False
128798,128798,0.490400496574984,011111100111,1201021102,False,12010211020220212101,False,120102110202202121010022222012,False,1201021102022021210100222220122010212222,False,12010211020220212101002222201220102122222101222101,False,120102110202202121010022222012201021222221012221011000001202,False,1201021102022021210100222220122010212222210122210110000012022220112122,False
129350,129350,0.763624468019489,110011111011,2022110211,False,20221102110111110202,False,202211021101111102020022211002,False,2022110211011111020200222110020111101120,False,20221102110111110202002221100201111011200221002222,False,202211021101111102020022211002011110112002210022222011020102,False,2022110211011111020200222110020111101120022100222220110201021122211120,False
129564,129564,0.782591732311380,100111111001,2100210100,False,21002101000110202102,False,210021010001102021020201112010,False,2100210100011020210202011120102010011002,False,21002101000110202102020111201020100110021100002210,False,210021010001102021020201112010201001100211000022100001121112,False,2100210100011020210202011120102010011002110000221000011211121002120200,False
129620,129620,0.114657932312997,100001001011,1010121212,False,10101212120212011020,False,101012121202120110201101200120,False,1010121212021201102011012001201100110012,False,10101212120212011020110120012011001100122000122201,False,101012121202120110201101200120110011001220001222010201021002,False,1010121212021201102011012001201100110012200012220102010210021211000122,False
129788,129788,0.110856532317846,000101001111,1010111102,False,10101111020201202122,False,101011110202012021220111211002,False,1010111102020120212201112110022101110111,False,10101111020201202122011121100221011101111210012110,False,101011110202012021220111211002210111011112100121102102110112,False,1010111102020120212201112110022101110111121001211021021101121022010010,False
129818,129818,0.038749139461569,011111010011,1001011201,False,10010112010000010200,False,100101120100000102001022222201,False,1001011201000001020010222222010000100022,False,10010112010000010200102222220100001000221021101020,False,100101120100000102001022222201000010002210211010201221112101,False,1001011201000001020010222222010000100022102110102012211121012020022020,False
129842,129842,0.181063225176548,001100011111,1012221102,False,10122211022122012201,False,101222110221220122011111111022,False,1012221102212201220111111110220020012222,False,10122211022122012201111111102200200122221221012121,False,101222110221220122011111111022002001222212210121211012212022,False,1012221102212201220111111110220020012222122101212110122120220112022021,False
130140,130140,0.198129789470864,000000110001,1020120021,False,10201200211011222012,False,102012002110112220120212112211,False,1020120021101122201202121122112002222220,False,10201200211011222012021211221120022222202111222210,False,102012002110112220120212112211200222222021112222102112101122,False,1020120021101122201202121122112002222220211122221021121011222220211020,False
130488,130488,0.761684032338052,001111010101,2022100020,False,20221000200112112010,False,202210002001121120101001002201,False,2022100020011211201010010022010212111211,False,20221000200112112010100100220102121112110111122102,False,202210002001121120101001002201021211121101111221021002212211,False,2022100020011211201010010022010212111211011112210210022122110221122100,False
130992,130992,0.750279832352601,100101001101,2021120021,False,20211200210222222022,False,202112002102222220222200011101,False,2021120021022222202222000111011202002210,False,20211200210222222022220001110112020022101000121212,False,202112002102222220222200011101120200221010001212121002110201,False,2021120021022222202222000111011202002210100012121210021102012112011021,False
131078,131078,0.010238639497940,001011001011,1000022020,False,10000220201221122200,False,100002202012211222001201211000,False,1000022020122112220012012110001012012220,False,10000220201221122200120121100010120122201000101110,False,100002202012211222001201211000101201222010001011101002221000,False,1000022020122112220012012110001012012220100010111010022210002212122212,False
131136,131136,0.604164346642471,110101110101,1221102202,False,12211022020220121000,False,122110220202201210000112010002,False,1221102202022012100001120100022011112020,False,12211022020220121000011201000220111120200220111210,False,122110220202201210000112010002201111202002201112102102012112,False,1221102202022012100001120100022011112020022011121021020121121000220021,False
131228,131228,0.649701675216556,001000100111,2001010101,False,20010101010211102021,False,200101010102111020212110200021,False,2001010101021110202121102000210020121122,False,20010101010211102021211020002100201211222102020002,False,200101010102111020212110200021002012112221020200020122210211,False,2001010101021110202121102000210020121122210202000201222102112001221021,False
131346,131346,0.099412596648533,111100011001,1010010010,True,10100100101102212210,False,101001001011022122100020200200,False,1010010010110221221000202002000010010111,False,10100100101102212210002020020000100101112011020220,False,101001001011022122100020200200001001011120110202200010201100,False,1010010010110221221000202002000010010111201102022000102011002002211020,False
131438,131438,0.144949925222617,110101110011,1011122211,False,10111222112021000220,False,101112221120210002200001011101,False,1011122211202100022000010111011112021200,False,10111222112021000220000101110111120212002110010010,False,101112221120210002200001011101111202120021100100102022112220,False,1011122211202100022000010111011112021200211001001020221122201022121121,False
131552,131552,0.070941832368765,001011000111,1002012002,False,10020120021020010001,False,100201200210200100012222211102,False,1002012002102001000122222111020011010202,False,10020120021020010001222221110200110102021200202101,False,100201200210200100012222211102001101020212002021011001100101,False,1002012002102001000122222111020011010202120020210110011001010000202000,False
131606,131606,0.141148525227467,000100010111,1011112021,False,10111120211200121121,False,101111202112001211212000120020,False,1011112021120012112120001200202222111102,False,10111120211200121121200012002022221111020001012101,False,101111202112001211212000120020222211110200010121011021211110,False,1011112021120012112120001200202222111102000101210110212111101201211120,False
131708,131708,0.495983389516126,100101000011,1201120002,False,12011200022112211220,False,120112000221122112201122210202,False,1201120002211221122011222102021002212120,False,12011200022112211220112221020210022121202210120112,False,120112000221122112201122210202100221212022101201122021002101,False,1201120002211221122011222102021002212120221012011220210021011011001110,False
132264,132264,0.292926375246461,101100101001,1101020202,False,11010202020112121112,False,110102020201121211120002020112,False,1101020202011212111200020201121010220201,False,11010202020112121112000202011210102202011001121110,False,110102020201121211120002020112101022020110011211100011111110,False,1101020202011212111200020201121010220201100112111000111111100102210111,False
132450,132450,0.645860539537544,110011001101,2000220010,False,20002200100011011002,False,200022001000110110020210022001,False,2000220010001101100202100220010210222200,False,20002200100011011002021002200102102222001100111022,False,200022001000110110020210022001021022220011001110221121010101,False,2000220010001101100202100220010210222200110011102211210101011222110212,False
132480,132480,0.573753146681267,001001111001,1212201020,False,12122010200212111221,False,121220102002121112210011120220,False,1212201020021211122100111202201200210110,False,12122010200212111221001112022012002101100110221210,False,121220102002121112210011120220120021011001102212100122221100,False,1212201020021211122100111202201200210110011022121001222211002122012002,False
132594,132594,0.499745053827415,010011110101,1201202022,False,12012020221020002202,False,120120202210200022021110111001,False,1201202022102000220211101110010001121020,False,12012020221020002202111011100100011210201000210001,False,120120202210200022021110111001000112102010002100010211112121,False,1201202022102000220211101110010001121020100021000102111121210111200010,False
132698,132698,0.116439425258988,101101101011,1010200111,False,10102001110001212102,False,101020011100012121021101002021,False,1010200111000121210211010020211111112210,False,10102001110001212102110100202111111122101121211101,False,101020011100012121021101002021111111221011212111012110002201,False,1010200111000121210211010020211111112210112121110121100022010020111102,False
132702,132702,0.640158439544818,011011000101,2000112212,False,20001122120110022122,False,200011221201100221221002221001,False,2000112212011002212210022210011000002022,False,20001122120110022122100222100110000020220212220211,False,200011221201100221221002221001100000202202122202110200111210,False,2000112212011002212210022210011000002022021222021102001112102202112212,False
132804,132804,0.994993303833477,100010011001,2222120000,False,22221200000021220002,False,222212000000212200021210210202,False,2222120000002122000212102102022120122212,False,22221200000021220002121021020221201222121121102120,False,222212000000212200021210210202212012221211211021201202100102,False,2222120000002122000212102102022120122212112110212012021001020020102201,False
132918,132918,0.920985210979624,111010010101,2202021011,False,22020210111000002021,False,220202101110000020210112220222,False,2202021011100000202101122202221100011202,False,22020210111000002021011222022211000112022001110112,False,220202101110000020210112220222110001120220011101120221010211,False,2202021011100000202101122202221100011202200111011202210102111102212000,False
133074,133074,0.346026768126985,100000001001,1110111011,True,11101110111022221211,False,111011101110222212111001000102,False,1110111011102222121110010001020002201212,False,11101110111022221211100100010200022012121001201212,False,111011101110222212111001000102000220121210012012122112011210,False,1110111011102222121110010001020002201212100120121221120112100122002012,False
133076,133076,0.607886275269899,100000011011,1221122112,False,12211221122202221102,False,122112211222022211022101100112,False,1221122112220222110221011001122010122111,False,12211221122202221102210110011220101221110102022111,False,122112211222022211022101100112201012211101020221112100220101,False,1221122112220222110221011001122010122111010202211121002201010211202221,False
133404,133404,0.552845446707939,101001010101,1211120010,False,12111200102102010100,False,121112001021020101002122112001,False,1211120010210201010021221120012102011021,False,12111200102102010100212211200121020110212201110120,False,121112001021020101002122112001210201102122011101202222011222,False,1211120010210201010021221120012102011021220111012022220112220222000211,False
133406,133406,0.814704953850854,111011111111,2110002012,False,21100020120012211111,False,211000201200122111110112100202,False,2110002012001221111101121002021012212201,False,21100020120012211111011210020210122122011121221210,False,211000201200122111110112100202101221220111212212100221220122,False,2110002012001221111101121002021012212201112122121002212201220021201010,False
133542,133542,0.621151439569065,011011110001,1222102102,False,12221021021010001122,False,122210210210100011220210221011,False,1222102102101000112202102210111202210100,False,12221021021010001122021022101112022101000201221220,False,122210210210100011220210221011120221010002012212201001001101,False,1222102102101000112202102210111202210100020122122010010011010010202212,False
133550,133550,0.668589468140725,111011010111,2002021120,False,20020211202121100001,False,200202112021211000011220202211,False,2002021120212110000112202022112211200101,False,20020211202121100001122020221122112001010020000201,False,200202112021211000011220202211221120010100200002012021112220,False,2002021120212110000112202022112211200101002000020120211122200002022022,False
133562,133562,0.239746510998214,100101011011,1022010200,False,10220102000100202120,False,102201020001002021201111220000,False,1022010200010020212011112200000100000212,False,10220102000100202120111122000001000002120102102221,False,102201020001002021201111220000010000021201021022210000012211,False,1022010200010020212011112200000100000212010210222100000122112021201220,False
133674,133674,0.903878911001447,101000000101,2200212211,False,22002122111011010211,False,220021221110110102110020001012,False,2200212211101101021100200010120222011202,False,22002122111011010211002000101202220112022022110112,False,220021221110110102110020001012022201120220221101120021212012,False,2200212211101101021100200010120222011202202211011200212120122211210120,False
133676,133676,0.165738418144362,111000001111,1012101120,False,10121011202211211200,False,101210112022112112002102200112,False,1012101120221121120021022001121002122010,False,10121011202211211200210220011210021220100200202120,False,101210112022112112002102200112100212201002002021200210111022,False,1012101120221121120021022001121002122010020020212002101110221221010121,False
133800,133800,0.401027861005084,001101111101,1112221120,False,11122211201110112010,False,111222112011101120100000122001,False,1112221120111011201000001220011110110021,False,11122211201110112010000012200111101100211000102200,False,111222112011101120100000122001111011002110001022000020111112,False,1112221120111011201000001220011110110021100010220000201111122022210211,False
133994,133994,0.801400053867827,110101001011,2102010022,False,21020100220011010110,False,210201002200110101101202202200,False,2102010022001101011012022022002212112012,False,21020100220011010110120220220022121120120100121211,False,210201002200110101101202202200221211201201001212110002010210,False,2102010022001101011012022022002212112012010012121100020102100101102000,False
134534,134534,0.503466982454843,101010011011,1201221111,False,12012211110011111022,False,120122111100111110220201201111,False,1201221111001111102202012011111100212111,False,12012211110011111022020120111111002121112012120112,False,120122111100111110220201201111110021211120121201121201122121,False,1201221111001111102202012011111100212111201212011212011221211001010020,False
134556,134556,0.383921561026906,101011101101,1112011111,False,11120111110111121211,False,111201111101111212111010111212,False,1112011111011112121110101112121120200020,False,11120111110111121211101011121211202000202120221121,False,111201111101111212111010111212112020002021202211212202011220,False,1112011111011112121110101112121120200020212022112122020112200012202111,False
134684,134684,0.142930018173458,011010110111,1011120221,False,10111202211202221111,False,101112022112022211110201220112,False,1011120221120222111102012201120120110220,False,10111202211202221111020122011201201102202012000001,False,101112022112022211110201220112012011022020120000010012122002,False,1011120221120222111102012201120120110220201200000100121220021010122120,False
134702,134702,0.499665582459692,011101011111,1201202012,False,12012020121022002020,False,120120201210220020201200000021,False,1201202012102200202012000000210022122021,False,12012020121022002020120000002100221220211100012200,False,120120201210220020201200000021002212202111000122002010212101,False,1201202012102200202012000000210022122021110001220020102121012222122001,False
134748,134748,0.522434246746734,110111011001,1202221011,False,12022210111221020120,False,120222101112210201201121221122,False,1202221011122102012011212211221121220102,False,12022210111221020120112122112211212201020000120220,False,120222101112210201201121221122112122010200001202202001220220,False,1202221011122102012011212211221121220102000012022020012202200021121112,False
134784,134784,0.235905375319202,011100100001,1021222200,False,10212222000202221220,False,102122220002022212200012201202,False,1021222200020222122000122012022120220011,False,10212222000202221220001220120221202200111120120121,False,102122220002022212200012201202212022001111201201211201002121,False,1021222200020222122000122012022120220011112012012112010021211000222112,False
134910,134910,0.733054325322839,010000111001,2020102002,False,20201020022221012120,False,202010200222210121201200010020,False,2020102002222101212012000100200211101102,False,20201020022221012120120001002002111011022222110010,False,202010200222210121201200010020021110110222221100102122222210,False,2020102002222101212012000100200211101102222211001021222222100122021120,False
135018,135018,0.873467711040242,100101001001,2121111011,False,21211110111202100202,False,212111101112021002022201102102,False,2121111011120210020222011021022211211021,False,21211110111202100202220110210222112110211000110202,False,212111101112021002022201102102221121102110001102020100010212,False,2121111011120210020222011021022211211021100011020201000102122211221111,False
135020,135020,0.135327218183157,101111011011,1011022212,False,10110222120010001100,False,101102221200100011000212122002,False,1011022212001000110002121220020221010220,False,10110222120010001100021212200202210102200210012122,False,101102221200100011000212122002022101022002100121222211001201,False,1011022212001000110002121220020221010220021001212222110012011221012022,False
135258,135258,0.296608568190027,111011111101,1101101211,False,11011012110202120001,False,110110121102021200011220002010,False,1101101211020212000112200020100101211201,False,11011012110202120001122000201001012112012221221010,False,110110121102021200011220002010010121120122212210102022202211,False,1101101211020212000112200020100101211201222122101020222022112100120002,False
135324,135324,0.937972303906218,010100010001,2210122221,False,22101222210112201110,False,221012222101122011101212110100,False,2210122221011220111012121101001011011201,False,22101222210112201110121211010010110112010012010210,False,221012222101122011101212110100101101120100120102102021120011,False,2210122221011220111012121101001011011201001201021020211200110121020211,False
135326,135326,0.199831811049133,111100110011,1020121222,False,10201212220120112122,False,102012122201201121221211102111,False,1020121222012011212212111021110111212002,False,10201212220120112122121110211101112120021102021200,False,102012122201201121221211102111011121200211020212002000100201,False,1020121222012011212212111021110111212002110202120020001002012121020001,False
135452,135452,0.696980761052770,011111001011,2011001201,False,20110012012022012111,False,201100120120220121110122111100,False,2011001201202201211101221111000012221112,False,20110012012022012111012211110000122211120012100211,False,201100120120220121110122111100001222111200121002111120101002,False,2011001201202201211101221111000012221112001210021111201010020211012012,False
135528,135528,0.647642032483535,110000101101,2001000000,False,20010000001100022000,False,200100000011000220002120021002,False,2001000000110002200021200210022122210101,False,20010000001100022000212002100221222101012210220122,False,200100000011000220002120021002212221010122102201222211000120,False,2001000000110002200021200210022122210101221022012222110001200001002002,False
135594,135594,0.289005768199726,010100000001,1101002102,False,11010021021101221101,False,110100210211012211011020100012,False,1101002102110122110110201000122111010201,False,11010021021101221101102010001221110102011002221101,False,110100210211012211011020100012211101020110022211010200120120,False,1101002102110122110110201000122111010201100222110102001201200102111100,False
135596,135596,0.550865275342641,111100000011,1211110020,False,12111100200212120211,False,121111002002121202112122110021,False,1211110020021212021121221100212022111221,False,12111100200212120211212211002120221112212110220211,False,121111002002121202112122110021202211122121102202111220202202,False,1211110020021212021121221100212022111221211022021112202022020120022210,False
136230,136230,0.560329039646656,010000111101,1211222012,False,12112220120012211120,False,121122201200122111202010110200,False,1211222012001221112020101102002121112011,False,12112220120012211120201011020021211120110120020022,False,121122201200122111202010110200212111201101200200221100202200,False,1211222012001221112020101102002121112011012002002211002022000221001000,False
136754,136754,0.167519911090353,010010101111,1012110022,False,10121100220122001012,False,101211002201220010120001121202,False,1012110022012200101200011212020100022100,False,10121100220122001012000112120201000221001020221210,False,101211002201220010120001121202010002210010202212102011022202,False,1012110022012200101200011212020100022100102022121020110222021012010122,False
137060,137060,0.232024503956329,010110100111,1021211122,False,10212111222020010202,False,102121112220200102020200011120,False,1021211122202001020202000111202212020222,False,10212111222020010202020001112022120202221020222201,False,102121112220200102020200011120221202022210202222011221021201,False,1021211122202001020202000111202212020222102022220112210212011202111201,False
137076,137076,0.326900561099648,010111000101,1102122222,False,11021222222122201112,False,110212222221222011121120220200,False,1102122222212220111211202202000101021000,False,11021222222122201112112022020001010210002022122021,False,110212222221222011121120220200010102100020221220212022211201,False,1102122222212220111211202202000101021000202212202120222112012222121120,False
137108,137108,0.516652675386286,111001010011,1202121222,False,12021212221012122022,False,120212122210121220220110020021,False,1202121222101212202201100200212201100210,False,12021212221012122022011002002122011002101220210112,False,120212122210121220220110020021220110021012202101122020020200,False,1202121222101212202201100200212201100210122021011220200202000100201121,False
137292,137292,0.607727332534454,110110010101,1221122022,False,12211220220200010012,False,122112202202000100120102120002,False,1221122022020001001201021200021120110122,False,12211220220200010012010212000211201101220022220000,False,122112202202000100120102120002112011012200222200000221212111,False,1221122022020001001201021200021120110122002222000002212121111000122201,False
137450,137450,0.294628396824729,110100011011,1101022122,False,11010221220000100110,False,110102212200001001102002000020,False,1101022122000010011020020000201112102200,False,11010221220000100110200200002011121022001202222000,False,110102212200001001102002000020111210220012022220001221120002,False,1101022122000010011020020000201112102200120222200012211200022000122110,False
137526,137526,0.245289668255495,011111011101,1022100110,False,10221001101202001020,False,102210011012020010201210011022,False,1022100110120200102012100110220002010112,False,10221001101202001020121001102200020101120000220010,False,102210011012020010201210011022000201011200002200100100212002,False,1022100110120200102012100110220002010112000022001001002120020111201021,False
137612,137612,0.505248475400834,100110111011,1202000222,False,12020002220022001110,False,120200022200220011101122001222,False,1202000222002200111011220012220022122012,False,12020002220022001110112200122200221220120021201022,False,120200022200220011101122001222002212201200212010220210020101,False,1202000222002200111011220012220022122012002120102202100201012200212111,False
137664,137664,0.313595661116621,011001011001,1102002211,False,11020022112120210211,False,110200221121202102112101021102,False,1102002211212021021121010211021020002210,False,11020022112120210211210102110210200022100111112210,False,110200221121202102112101021102102000221001111122100012112212,False,1102002211212021021121010211021020002210011111221000121122120012121211,False
137724,137724,0.169380875404067,011101100101,1012112002,False,10121120021220020200,False,101211200212200202001121021112,False,1012112002122002020011210211122122011221,False,10121120021220020200112102111221220112211021221010,False,101211200212200202001121021112212201122110212210102111211200,False,1012112002122002020011210211122122011221102122101021112112000111122022,False
137778,137778,0.239587568262769,100101010101,1022010111,False,10220101111221111202,False,102201011112211112020202111022,False,1022010111122111120202021110221100122110,False,10220101111221111202020211102211001221102201221112,False,102201011112211112020202111022110012211022012211122221000202,False,1022010111122111120202021110221100122110220122111222210002021010102001,False
137780,137780,0.501447075405684,101111111111,1201211200,False,12012112000121000100,False,120121120001210001000000022202,False,1201211200012100010000000222020210212022,False,12012112000121000100000002220202102120220122121001,False,120121120001210001000000022202021021202201221210012220101000,False,1201211200012100010000000222020210212022012212100122201010000111112201,False
137796,137796,0.596323132549003,011100001101,1220222121,False,12202221211021122111,False,122022212110211221111010110001,False,1220222121102112211110101100010200022100,False,12202221211021122111101011000102000221000110200100,False,122022212110211221111010110001020002210001102001000100000201,False,1220222121102112211110101100010200022100011020010001000002011202121220,False
137882,137882,0.856281939694342,100100001011,2120011120,False,21200111201111112212,False,212001112011111122121212201221,False,2120011120111111221212122012210220201020,False,21200111201111112212121220122102202010200100020210,False,212001112011111122121212201221022020102001000202100212000200,False,2120011120111111221212122012210220201020010002021002120002000002102010,False
137916,137916,0.307893561123895,100111110001,1101212102,False,11012121021011102102,False,110121210210111021021101022112,False,1101212102101110210211010221120001022212,False,11012121021011102102110102211200010222121100122122,False,110121210210111021021101022112000102221211001221220222112212,False,1101212102101110210211010221120001022212110012212202221122122211102111,False
137924,137924,0.355331589695555,001111010111,1110220010,False,11102200100122202210,False,111022001001222022102212222102,False,1110220010012220221022122221020222001210,False,11102200100122202210221222210202220012100210021120,False,111022001001222022102212222102022200121002100211202102122020,False,1110220010012220221022122221020222001210021002112021021220201100011220,False
138048,138048,0.590621032556277,100100000101,1220122211,False,12201222112021222122,False,122012221120212221220002111021,False,1220122211202122212200021110212202220101,False,12201222112021222122000211102122022201012122201101,False,122012221120212221220002111021220222010121222011012212011202,False,1220122211202122212200021110212202220101212220110122120112021110210210,False
138050,138050,0.852480539699192,101100001111,2112212210,False,21122122101001122111,False,211221221010011221112010022201,False,2112212210100112211120100222011200212112,False,21122122101001122111201002220112002121121112121212,False,211221221010011221112010022201120021211211121212121210220100,False,2112212210100112211120100222011200212112111212121212102201000222002002,False
138498,138498,0.509010139712123,010100011101,1202020020,False,12020200200021210020,False,120202002000212100202200021102,False,1202020020002121002022000211020012211210,False,12020200200021210020220002110200122112100011121010,False,120202002000212100202200021102001221121000111210102120112021,False,1202020020002121002022000211020012211210001112101021201120212202102020,False
138674,138674,0.552646768288632,110100100011,1211112211,False,12111122112202102102,False,121111221122021021020001100012,False,1211112211220210210200011000122202022011,False,12111122112202102102000110001222020220112012222001,False,121111221122021021020001100012220202201120122220010110212000,False,1211112211220210210200011000122202022011201222200101102120000211022021,False
138906,138906,0.928349596866758,101010001001,2202212110,False,22022121100101121120,False,220221211001011211202120220012,False,2202212110010112112021202200121000212202,False,22022121100101121120212022001210002122020012002201,False,220221211001011211202120220012100021220200120022012222010011,False,2202212110010112112021202200121000212202001200220122220100110002101101,False
138908,138908,0.190209104009673,111110011011,1020021102,False,10200211021011201101,False,102002110210112011010011001202,False,1020021102101120110100110012021010101112,False,10200211021011201101001100120210101011122202021012,False,102002110210112011010011001202101010111222020210122122121101,False,1020021102101120110100110012021010101112220202101221221211012101001121,False
138996,138996,0.712027418297927,111111000001,2012000212,False,20120002120220000102,False,201200021202200001021210221111,False,2012000212022000010212102211111220221002,False,20120002120220000102121022111112202210022221020210,False,201200021202200001021210221111122022100222210202101122012112,False,2012000212022000010212102211111220221002222102021011220121120000100112,False
139182,139182,0.064961582589010,111011100101,1001222221,False,10012222210012112121,False,100122222100121121212002211001,False,1001222221001211212120022110010102201211,False,10012222210012112121200221100101022012112010020002,False,100122222100121121212002211001010220121120100200022001110212,False,1001222221001211212120022110010102201211201002000220011102120110212012,False
139236,139236,0.135168275447712,000011010101,1011022201,False,10110222010011001120,False,101102220100110011201120200020,False,1011022201001100112011202000200121202102,False,10110222010011001120112020002001212021020200211111,False,101102220100110011201120200020012120210202002111110200001000,False,1011022201001100112011202000200121202102020021111102000010000122210010,False
139340,139340,0.751862646879285,001110001011,2021200011,False,20212000111100001022,False,202120001111000010222000101202,False,2021200011110000102220001012021102002102,False,20212000111100001022200010120211020021021000211011,False,202120001111000010222000101202110200210210002110111012112201,False,2021200011110000102220001012021102002102100021101110121122011112112021,False
139814,139814,0.812565839750111,100010000111,2102220222,False,21022202222222122002,False,210222022222221220020111211010,False,2102220222222212200201112110101221121211,False,21022202222222122002011121101012211212110210111221,False,210222022222221220020111211010122112121102101112210012202010,False,2102220222222212200201112110101221121211021011122100122020100021211222,False
139994,139994,0.379921482612449,010011001111,1111222121,False,11112221211201201110,False,111122212112012011101010100001,False,1111222121120120111010101000012212011020,False,11112221211201201110101010000122120110202010021000,False,111122212112012011101010100001221201102020100210001110112220,False,1111222121120120111010101000012212011020201002100011101122201200010212,False
140048,140048,0.450128175471151,111010011111,1122021100,False,11220211000221101110,False,112202110002211011102121111122,False,1122021100022110111021211111221211221021,False,11220211000221101110212111112212112210211201120210,False,112202110002211011102121111122121122102112011202102110211210,False,1122021100022110111021211111221211221021120112021021102112102011110220,False
140132,140132,0.448227475473576,101110100011,1122011211,False,11220112112222020200,False,112201121122220202000212022211,False,1122011211222202020002120222112022200022,False,11220112112222020200021202221120222000220112120010,False,112201121122220202000212022211202220002201121200102112101210,False,1122011211222202020002120222112022200022011212001021121012100021220022,False
140154,140154,0.328682054045639,101000100101,1102202001,False,11022020010022202011,False,110220200100222020111002111012,False,1102202001002220201110021110121000112021,False,11022020010022202011100211101210001120212211221122,False,110220200100222020111002111012100011202122112211222000000121,False,1102202001002220201110021110121000112021221122112220000001212100000120,False
140156,140156,0.590541561188554,111001101111,1220122201,False,12201222011102122212,False,122012220111021222122110022121,False,1220122201110212221221100221210100201001,False,12201222011102122212211002212101002010011210121012,False,122012220111021222122110022121010020100112101210121200000211,False,1220122201110212221221100221210100201001121012101212000002111010000202,False
140186,140186,0.518434168332277,001001110011,1202201111,False,12022011111021102221,False,120220111110211022210001200012,False,1202201111102110222100012000121210210102,False,12022011111021102221000120001212102101022212122100,False,120220111110211022210001200012121021010222121221002210210102,False,1202201111102110222100012000121210210102221212210022102101022002002122,False
140210,140210,0.660748254047256,010000111111,2001210112,False,20012101122211112202,False,200121011222111122022022121220,False,2001210112221111220220221212201020222210,False,20012101122211112202202212122010202222102211120120,False,200121011222111122022022121220102022221022111201201220202000,False,2001210112221111220220221212201020222210221112012012202020002002211101,False
140346,140346,0.467194739765467,110110110001,1200002222,False,12000022220110012000,False,120000222201100120000012200011,False,1200002222011001200000122000111210012210,False,12000022220110012000001220001112100122101101010002,False,120000222201100120000012200011121001221011010100021202001222,False,1200002222011001200000122000111210012210110101000212020012220000222022,False
140354,140354,0.514632768337127,011000010111,1202112010,False,12021120101022111121,False,120211201010221111210212222100,False,1202112010102211112102122221002112010102,False,12021120101022111121021222210021120101022111002201,False,120211201010221111210212222100211201010221110022010011020221,False,1202112010102211112102122221002112010102211100220100110202212112200201,False
140442,140442,0.036451082625381,001001011101,1001002210,False,10010022100122020102,False,100100221001220201021022111122,False,1001002210012202010210221111221211221121,False,10010022100122020102102211112212112211212021201110,False,100100221001220201021022111122121122112120212011100101110021,False,1001002210012202010210221111221211221121202120111001011100210202110022,False
140462,140462,0.655046154054530,100101100111,2001110010,False,20011100102202220212,False,200111001022022202122210101120,False,2001110010220222021222101011201001200212,False,20011100102202220212221010112010012002122121212012,False,200111001022022202122210101120100120021221212120120110222220,False,2001110010220222021222101011201001200212212121201201102222202001001222,False
140742,140742,0.315377154062612,111010111001,1102011212,False,11020112120211220222,False,110201121202112202222202000111,False,1102011212021122022222020001112212202002,False,11020112120211220222220200011122122020021202220012,False,110201121202112202222202000111221220200212022200122020020100,False,1102011212021122022222020001112212202002120222001220200201001212121022,False
140832,140832,0.099054975493782,111001110001,1010002210,False,10100022102120100020,False,101000221021201000200221202000,False,1010002210212010002002212020000221210001,False,10100022102120100020022120200002212100011001021012,False,101000221021201000200221202000022121000110010210122200021201,False,1010002210212010002002212020000221210001100102101222000212010020020002,False
140850,140850,0.455790539780015,101111001001,1122112210,False,11221122102010110110,False,112211221020101101102200101120,False,1122112210201011011022001011200100101200,False,11221122102010110110220010112001001012001210021202,False,112211221020101101102200101120010010120012100212021220001012,False,1122112210201011011022001011200100101200121002120212200010122122001122,False
141012,141012,0.666410618356120,110000101001,2002010221,False,20020102212022201220,False,200201022120222012201000011012,False,2002010221202220122010000110122110210021,False,20020102212022201220100001101221102100210101220112,False,200201022120222012201000011012211021002101012201122101221010,False,2002010221202220122010000110122110210021010122011221012210100022022010,False
141102,141102,0.450088439787290,100001100001,1122021021,False,11220210212201021021,False,112202102122010210210111201122,False,1122021021220102102101112011220101221200,False,11220210212201021021011120112201012212001012221121,False,112202102122010210210111201122010122120010122211211010121210,False,1122021021220102102101112011220101221200101222112110101212102102001000,False
141128,141128,0.854262032645183,000110101111,2120000102,False,21200001022011222000,False,212000010220112220002000211201,False,2120000102201122200020002112011221210111,False,21200001022011222000200021120112212101110002112202,False,212000010220112220002000211201122121011100021122022002000111,False,2120000102201122200020002112011221210111000211220220020001110122201001,False
141156,141156,0.520295132645991,101110010001,1202211010,False,12022110101212120002,False,120221101012121200021222201200,False,1202211010121212000212222012000212002002,False,12022110101212120002122220120002120020020210210022,False,120221101012121200021222201200021200200202102100220111010101,False,1202211010121212000212222012000212002002021021002201110101010011222000,False
141426,141426,0.871328596939499,001110000001,2121022200,False,21210222002220100210,False,212102220022201002102001111002,False,2121022200222010021020011110021011221001,False,21210222002220100210200111100210112210010012022022,False,212102220022201002102001111002101122100100120220221022220022,False,2121022200222010021020011110021011221001001202202210222200221021221221,False
141812,141812,0.410213475522070,000010010111,1120101001,False,11201010011220220211,False,112010100112202202110001111222,False,1120101001122022021100011112222202022101,False,11201010011220220211000111122222020221010011101010,False,112010100112202202110001111222220202210100111010102120022202,False,1120101001122022021100011112222202022101001110101021200222022211201201,False
142454,142454,0.467115268397745,010010010011,1200002212,False,12000022120211122002,False,120000221202111220020212110012,False,1200002212021112200202121100121121210011,False,12000022120211122002021211001211212100112212020122,False,120000221202111220020212110012112121001122120201220101022121,False,1200002212021112200202121100121121210011221202012201010221212012012200,False
142460,142460,0.252693789826489,101101110111,1022122021,False,10221220210011212211,False,102212202100112122111102112022,False,1022122021001121221111021120221010121001,False,10221220210011212211110211202210101210012202000220,False,102212202100112122111102112022101012100122020002201121011010,False,1022122021001121221111021120221010121001220200022011210110102122210010,False
142730,142730,0.603727254119997,101100000111,1221102001,False,12211020012212010221,False,122110200122120102210020011120,False,1221102001221201022100200111202001102000,False,12211020012212010221002001112020011020002212222001,False,122110200122120102210020011120200110200022122220010101222112,False,1221102001221201022100200111202001102000221222200101012221121112122210,False
142904,142904,0.385504375553591,100011101011,1112020102,False,11120201021012020222,False,111202010210120202221100102112,False,1112020102101202022211001021122111100001,False,11120201021012020222110010211221111000012100221222,False,111202010210120202221100102112211110000121002212220102011022,False,1112020102101202022211001021122111100001210022122201020110220102020200,False
143556,143556,0.751703704143840,110111100101,2021122212,False,20211222121210012102,False,202112221212100121021212002111,False,2021122212121001210212120021110000212101,False,20211222121210012102121200211100002121012010002002,False,202112221212100121021212002111000021210120100020022102011210,False,2021122212121001210212120021110000212101201000200221020112100222012202,False
143772,143772,0.032530475578647,011110110101,1000222112,False,10002221120110220211,False,100022211201102202111210122202,False,1000222112011022021112101222020101000121,False,10002221120110220211121012220201010001211102022002,False,100022211201102202111210122202010100012111020220020222110110,False,1000222112011022021112101222020101000121110202200202221101100110022212,False
144258,144258,0.664390711306961,101101110101,2002000121,False,20020001210010201112,False,200200012100102011121202012221,False,2002000121001020111212020122211201202212,False,20020001210010201112120201222112012022122121210222,False,200200012100102011121202012221120120221221212102221111011222,False,2002000121001020111212020122211201202212212121022211110112220021110012,False
144368,144368,0.066663604167279,000111001111,1002001101,False,10020011011220020100,False,100200110112200201000102002211,False,1002001101122002010001020022111020011202,False,10020011011220020100010200221110200112022200212111,False,100200110112200201000102002211102001120222002121112020200201,False,1002001101122002010001020022111020011202220021211120202002012111102201,False
144422,144422,0.136870297025981,101110011111,1011101021,False,10111010212100201012,False,101110102121002010122120011201,False,1011101021210020101221200112011202121122,False,10111010212100201012212001120112021211222022120120,False,101110102121002010122120011201120212112220221201202221200212,False,1011101021210020101221200112011202121122202212012022212002120112200111,False
144528,144528,0.015424175600469,100100100101,1000110110,True,10001101101010022002,False,100011011010100220020101211200,False,1000110110101002200201012112000120012012,False,10001101101010022002010121120001200120121000200102,False,100011011010100220020101211200012001201210002001021010000021,False,1000110110101002200201012112000120012012100020010210100000212121011002,False
144530,144530,0.277283682743384,101101101111,1100121121,False,11001211211111101202,False,110012112111111012022112110020,False,1100121121111110120221121100200202020221,False,11001211211111101202211211002002020202210100220120,False,110012112111111012022112110020020202022101002201200111000101,False,1100121121111110120221121100200202020221010022012001110001011110112102,False
144584,144584,0.347490375602086,000100111111,1110112212,False,11101122122022012110,False,111011221220220121102020210002,False,1110112212202201211020202100020201011201,False,11101122122022012110202021000202010112011100111101,False,111011221220220121102020210002020101120111001111011121000202,False,1110112212202201211020202100020201011201110011110111210002020112001222,False
144816,144816,0.723193204180211,100101011101,2012202112,False,20122021121022221100,False,201220211210222211001200010012,False,2012202112102222110012000100122002222212,False,20122021121022221100120001001220022222122202200201,False,201220211210222211001200010012200222221222022002011021111212,False,2012202112102222110012000100122002222212220220020110211112121221101001,False
144992,144992,0.766829832756720,011011100011,2022200202,False,20222002022111021201,False,202220020221110212010122000021,False,2022200202211102120101220000210120212200,False,20222002022111021201012200002101202122000010210122,False,202220020221110212010122000021012021220000102101222222110022,False,2022200202211102120101220000210120212200001021012222221100221012022010,False
145116,145116,0.002119275617442,000110111001,1000001200,False,10000012002122022211,False,100000120021220222110101010120,False,1000001200212202221101010101202110022022,False,10000012002122022211010101012021100220221012121100,False,100000120021220222110101010120211002202210121211002022001212,False,1000001200212202221101010101202110022022101212110020220012121002222210,False
145214,145214,0.833235125620271,100001010111,2111102212,False,21111022122102010221,False,211110221221020102212211021002,False,2111102212210201022122110210022120211121,False,21111022122102010221221102100221202111212222110111,False,211110221221020102212211021002212021112122221101111200222020,False,2111102212210201022122110210022120211121222211011112002220201021001201,False
145532,145532,0.468896761343736,100010110011,1200012020,False,12000120202002120221,False,120001202020021202211102221210,False,1200012020200212022111022212102221101202,False,12000120202002120221110222121022211012022102111022,False,120001202020021202211102221210222110120221021110221210111212,False,1200012020200212022111022212102221101202210211102212101112121021220000,False
145572,145572,0.706086904202033,101011001101,2011122111,False,20111221111001210001,False,201112211110012100012120222022,False,2011122111100121000121202220220200011120,False,20111221111001210001212022202202000111200110010202,False,201112211110012100012120222022020001112001100102020120101102,False,2011122111100121000121202220220200011120011001020201201011020202021201,False
145716,145716,0.559971418491904,001011110101,1211221122,False,12112211222021210010,False,121122112220212100101202001200,False,1211221122202121001012020012000212211200,False,12112211222021210010120200120002122112001001110202,False,121122112220212100101202001200021221120010011102022220002112,False,1211221122202121001012020012000212211200100111020222200021122120020211,False
145734,145734,0.916706982778138,011110101101,2201220202,False,22012202021102002201,False,220122020211020022012010211101,False,2201220202110200220120102111012022212002,False,22012202021102002201201021110120222120020102222012,False,220122020211020022012010211101202221200201022220121010100011,False,2201220202110200220120102111012022212002010222201210101000111122021112,False
145802,145802,0.819930225637244,000010000011,2110110110,False,21101101101012222022,False,211011011010122220222102220211,False,2110110110101222202221022202110121122120,False,21101101101012222022210222021101211221202202202021,False,211011011010122220222102220211012112212022022020211010111021,False,2110110110101222202221022202110121122120220220202110101110212212022222,False
146286,146286,0.189930954222644,011101000001,1020021010,False,10200210102221101121,False,102002101022211011211211102200,False,1020021010222110112112111022002121120112,False,10200210102221101121121110220021211201122101201020,False,102002101022211011211211102200212112011221012010201121001101,False,1020021010222110112112111022002121120112210120102011210011010201221100,False
146348,146348,0.307575675653005,000000110111,1101212001,False,11012120012020122212,False,110121200120201222121211121102,False,1101212001202012221212111211020021022012,False,11012120012020122212121112110200210220122020100001,False,110121200120201222121211121102002102201220201000012012020211,False,1101212001202012221212111211020021022012202010000120120202110021111010,False
146436,146436,0.829393989941259,011110111101,2111011012,False,21110110122022201001,False,211101101220222010011221120111,False,2111011012202220100112211201110121000010,False,21110110122022201001122112011101210000102220202020,False,211101101220222010011221120111012100001022202020201011000101,False,2111011012202220100112211201110121000010222020202010110001011112011212,False
146472,146472,0.542865118513727,010001100101,1211000112,False,12110001122110121012,False,121100011221101210121102101020,False,1211000112211012101211021010202101200220,False,12110001122110121012110210102021012002202012211011,False,121100011221101210121102101020210120022020122110111000111100,False,1211000112211012101211021010202101200220201221101110001111002100102221,False
146688,146688,0.823691889948533,111000110101,2110201220,False,21102012200010220010,False,211020122000102200100221210200,False,2110201220001022001002212102000101222201,False,21102012200010220010022121020001012222010211202211,False,211020122000102200100221210200010122220102112022111111001102,False,2110201220001022001002212102000101222201021120221111110011020200100101,False
146844,146844,0.248733447095893,111010101001,1022111002,False,10221110020210111021,False,102211100202101110211110001000,False,1022111002021011102111100010001222222011,False,10221110020210111021111000100012222220112120021102,False,102211100202101110211110001000122222201121200211021100102211,False,1022111002021011102111100010001222222011212002110211001022110210210121,False
147278,147278,0.072246497108421,110111101011,1002020012,False,10020200122210021201,False,100202001222100212012220112202,False,1002020012221002120122201122022201220102,False,10020200122210021201222011220222012201022012220100,False,100202001222100212012220112202220122010220122201002210001121,False,1002020012221002120122201122022201220102201222010022100011210200120012,False
147422,147422,0.926131011398292,001000100011,2202200112,False,22022001120210100211,False,220220011202101002110221022102,False,2202200112021010021102210221021112120101,False,22022001120210100211022102210211121201012121020010,False,220220011202101002110221022102111212010121210200101102002220,False,2202200112021010021102210221021112120101212102001011020022202012221012,False
147474,147474,0.734478197114079,100011010001,2020111122,False,20201111222202202002,False,202011112222022020020010010112,False,2020111122220220200200100101120220111100,False,20201111222202202002001001011202201111001202110101,False,202011112222022020020010010112022011110012021101011012022020,False,2020111122220220200200100101120220111100120211010110120220202102001201,False
147870,147870,0.582660611411224,001111011001,1220012200,False,12200122002112012212,False,122001220021120122120222222210,False,1220012200211201221202222222101101022211,False,12200122002112012212022222221011010222110201122202,False,122001220021120122120222222210110102221102011222022112001120,False,1220012200211201221202222222101101022211020112220221120011201210022121,False
147908,147908,0.557991247126607,000101100011,1211211201,False,12112112011220021002,False,121121120112200210021201022120,False,1211211201122002100212010221201210101010,False,12112112011220021002120102212012101010100120022110,False,121121120112200210021201022120121010101001200221101120210122,False,1211211201122002100212010221201210101010012002211011202101220211100200,False
148256,148256,0.121545489993795,111010001111,1010212010,False,10102120102120101101,False,101021201021201011012220101011,False,1010212010212010110122201010111101001112,False,10102120102120101101222010101111010011120011012122,False,101021201021201011012220101011110100111200110121220200022012,False,1010212010212010110122201010111101001112001101212202000220120012111010,False
148650,148650,0.707868397148025,101000101101,2011202121,False,20112021210100022001,False,201120212101000220011121222112,False,2011202121010002200111212221120122122101,False,20112021210100022001112122211201221221010110102002,False,201120212101000220011121222112012212210101101020021102212010,False,2011202121010002200111212221120122122101011010200211022120100020121222,False
149210,149210,0.028530397164190,111001100111,1000212012,False,10002120122010121202,False,100021201220101212020221121111,False,1000212012201012120202211211112010202200,False,10002120122010121202022112111120102022001122021102,False,100021201220101212020221121111201020220011220211021110020102,False,1000212012201012120202211211112010202200112202110211100201021222110122,False
149282,149282,0.455472654309125,111111011111,1122112101,False,11221121011002221202,False,112211210110022212021120220010,False,1122112101100222120211202200100201021012,False,11221121011002221202112022001002010210120011022200,False,112211210110022212021120220010020102101200110222002020022220,False,1122112101100222120211202200100201021012001102220020200222202122010111,False
149352,149352,0.620555404311146,001000111101,1222101110,False,12221011102122002021,False,122210111021220020211111022002,False,1222101110212200202111110220020222210220,False,12221011102122002021111102200202222102200222200210,False,122210111021220020211111022002022221022002222002102200020200,False,1222101110212200202111110220020222210220022220021022000202000111000120,False
149364,149364,0.191712447168635,111010100001,1020022220,False,10200222201110112012,False,102002222011101120120211210121,False,1020022220111011201202112101212020112121,False,10200222201110112012021121012120201121210011021222,False,102002222011101120120211210121202011212100110212222220000210,False,1020022220111011201202112101212020112121001102122222200002101102100111,False
149444,149444,0.666092732885230,110101111111,2002010102,False,20020101021110002120,False,200201010211100021200220211212,False,2002010102111000212002202112120120112122,False,20020101021110002120022021121201201121220010101022,False,200201010211100021200220211212012011212200101010222220120220,False,2002010102111000212002202112120120112122001010102222201202200122010200,False
149598,149598,0.829274782889675,110011001001,2111010222,False,21110102221002102001,False,211101022210021020010111211201,False,2111010222100210200101112112010102101221,False,21110102221002102001011121120101021012210112020122,False,211101022210021020010111211201010210122101120201221212212221,False,2111010222100210200101112112010102101221011202012212122122210022212121,False
149906,149906,0.155638882898566,010110110011,1012000221,False,10120002211011111112,False,101200022110111111120000101112,False,1012000221101111111200001011121200001101,False,10120002211011111112000010111212000011012002120101,False,101200022110111111120000101112120000110120021201010012010010,False,1012000221101111111200001011121200001101200212010100120100102211102101,False
149976,149976,0.320721632900586,011101111001,1102101221,False,11021012210120011021,False,110210122101200110212221112202,False,1102101221012001102122211122022101221200,False,11021012210120011021222111220221012212000221212022,False,110210122101200110212221112202210122120002212120222202101220,False,1102101221012001102122211122022101221200022121202222021012202202112022,False
150090,150090,0.246713540046734,000111110101,1022101221,False,10221012212202220122,False,102210122122022201220112011210,False,1022101221220222012201120112101111221112,False,10221012212202220122011201121011112211120102212012,False,102210122122022201220112011210111122111201022120122222202100,False,1022101221220222012201120112101111221112010221201222222021000000120121,False
150174,150174,0.244812840049159,110010000001,1022022222,False,10220222220020211200,False,102202222200202112002000120222,False,1022022222002021120020001202222111210012,False,10220222220020211200200012022221112100122202000112,False,102202222200202112002000120222211121001222020001120112121001,False,1022022222002021120020001202222111210012220200011201121210011212000021,False
150198,150198,0.387126925764137,001111000101,1112022102,False,11120221020002202002,False,111202210200022020021121222001,False,1112022102000220200211212220010101120111,False,11120221020002202002112122200101011201111100212121,False,111202210200022020021121222001010112011111002121211200200112,False,1112022102000220200211212220010101120111110021212112002001122022020010,False
150300,150300,0.741961790052796,110110011001,2021000011,False,20210000110012000202,False,202100001100120002021212012110,False,2021000011001200020212120121102220022001,False,20210000110012000202121201211022200220011200211111,False,202100001100120002021212012110222002200112002111110201012222,False,2021000011001200020212120121102220022001120021111102010122222021111201,False
150414,150414,0.667953697198944,101110010101,2002020112,False,20020201120122220111,False,200202011201222201112202012112,False,2002020112012222011122020121121021222022,False,20020201120122220111220201211210212220222202020101,False,200202011201222201112202012112102122202222020201012220011220,False,2002020112012222011122020121121021222022220202010122200112200220222121,False
150570,150570,0.092995254346304,110100001001,1002220102,False,10022201020201120012,False,100222010202011200120001002100,False,1002220102020112001200010021001012101100,False,10022201020201120012000100210010121011001202022012,False,100222010202011200120001002100101210110012020220120112012122,False,1002220102020112001200010021001012101100120202201201120121222001201212,False
150668,150668,0.924111104349133,000011100111,2202112001,False,22021120011201200100,False,220211200112012001001212111110,False,2202112001120120010012121111101102010020,False,22021120011201200100121211111011020100200122121201,False,220211200112012001001212111110110201002001221212012211112112,False,2202112001120120010012121111101102010020012212120122111121121012121210,False
151062,151062,0.510434011503363,110100110101,1202022012,False,12020220122222212012,False,120202201222222120121221222022,False,1202022012222221201212212220220020222110,False,12020220122222212012122122202200202221102212200100,False,120202201222222120121221222022002022211022122001002110102202,False,1202022012222221201212212220220020222110221220010021101022020122101120,False
151166,151166,0.127128382934937,000110101011,1011001021,False,10110010210202100122,False,101100102102021001222022221110,False,1011001021020210012220222211100100010002,False,10110010210202100122202222111001000100021121020122,False,101100102102021001222022221110010001000211210201220102102212,False,1011001021020210012220222211100100010002112102012201021022121102000020,False
151218,151218,0.935475568650723,000110101001,2210110100,False,22101101000021022221,False,221011010000210222210122001112,False,2210110100002102222101220011121211202001,False,22101101000021022221012200111212112020011011210012,False,221011010000210222210122001112121120200110112100121110100211,False,2210110100002102222101220011121211202001101121001211101002112002021001,False
151308,151308,0.719153390081893,110111100001,2012111101,False,20121111011120011012,False,201211110111200110120001121120,False,2012111101112001101200011211200100011012,False,20121111011120011012000112112001000110120211002211,False,201211110111200110120001121120010001101202110022110202020212,False,2012111101112001101200011211200100011012021100221102020202120002212111,False
151434,151434,0.216302340085530,000011111001,1021020112,False,10210201122110211210,False,102102011221102112102022011010,False,1021020112211021121020220110101202000021,False,10210201122110211210202201101012020000212021001000,False,102102011221102112102022011010120200002120210010002001221110,False,1021020112211021121020220110101202000021202100100020012211100020101100,False
151620,151620,0.569236504376613,001100011101,1212110110,False,12121101100220102200,False,121211011002201022002001000002,False,1212110110022010220020010000020002020200,False,12121101100220102200200100000200020202002111010111,False,121211011002201022002001000002000202020021110101110202101221,False,1212110110022010220020010000020002020200211101011102021012212120222012,False
151688,151688,0.472459747235719,010011010011,1200101000,False,12001010002202012012,False,120010100022020120122202110200,False,1200101000220201201222021102001010100120,False,12001010002202012012220211020010101001202222010101,False,120010100022020120122202110200101010012022220101010111010020,False,1200101000220201201222021102001010100120222201010101110100200120020110,False
152520,152520,0.406014718688306,010010110101,1120011210,False,11200112101102222100,False,112001121011022221002021121112,False,1120011210110222210020211211120112000010,False,11200112101102222100202112111201120000102012212121,False,112001121011022221002021121112011200001020122121212022100110,False,1120011210110222210020211211120112000010201221212120221001102212100021,False
152630,152630,0.808287611548625,101110001111,2102121122,False,21021211221220200100,False,210212112212202001001110211212,False,2102121122122020010011102112120012021112,False,21021211221220200100111021121200120211121011222122,False,210212112212202001001110211212001202111210112221222112002102,False,2102121122122020010011102112120012021112101122212221120021022100111002,False
152666,152666,0.521758740121092,101011110111,1202220012,False,12022200122011120010,False,120222001220111200102000121112,False,1202220012201112001020001211121111100022,False,12022200122011120010200012111211111000220002011010,False,120222001220111200102000121112111110002200020110102021222211,False,1202220012201112001020001211121111100022000201101020212222111002202012,False
152936,152936,0.872792204414600,001010000111,2121102202,False,21211022021101122002,False,212110220211011220020021210020,False,2121102202110112200200212100202222112201,False,21211022021101122002002121002022221122010220110000,False,212110220211011220020021210020222211220102201100001100012110,False,2121102202110112200200212100202222112201022011000011000121100101102111,False
153006,153006,0.037874954416621,100001110101,1001010222,False,10010102220212010210,False,100101022202120102102112222111,False,1001010222021201021021122221112121002001,False,10010102220212010210211222211121210020010222121200,False,100101022202120102102112222111212100200102221212001022200001,False,1001010222021201021021122221112121002001022212120010222000011210211220,False
153078,153078,0.464817211561556,111010011101,1122222210,False,11222222101002201212,False,112222221010022012120121202000,False,1122222210100220121201212020001010200112,False,11222222101002201212012120200010102001121111100211,False,112222221010022012120121202000101020011211111002112220010000,False,1122222210100220121201212020001010200112111110021122200100002221222100,False
153216,153216,0.533123204422683,011000011001,1210111110,False,12101111101012001211,False,121011111010120012111010020212,False,1210111110101200121110100202122112122022,False,12101111101012001211101002021221121220220210001111,False,121011111010120012111010020212211212202202100011112122110120,False,1210111110101200121110100202122112122022021000111121221101202212100120,False
153468,153468,0.527421104429957,001110110001,1210012021,False,12100120211211020112,False,121001202112110201122012112202,False,1210012021121102011220121122022101100012,False,12100120211211020112201211220221011000121000222220,False,121001202112110201122012112202210110001210002222201021212121,False,1210012021121102011220121122022101100012100022222010212121211022000110,False
153584,153584,0.715272518719019,001101100111,2012020112,False,20120201122222100220,False,201202011222221002200220120110,False,2012020112222210022002201201100221002121,False,20120201122222100220022012011002210021210201021011,False,201202011222221002200220120110022100212102010210111011220021,False,2012020112222210022002201201100221002121020102101110112200212211000221,False
153726,153726,0.307297525865976,100100111101,1101211202,False,11012112020221201102,False,110121120202212011021221202121,False,1101211202022120110212212021211112021211,False,11012112020221201102122120212111120212111000011211,False,110121120202212011021221202121111202121110000112110021022211,False,1101211202022120110212212021211112021211100001121100210222111021210112,False
154134,154134,0.726636983020610,001000101001,2012222122,False,20122221221202000100,False,201222212212020001002100111002,False,2012222122120200010021001110021110222021,False,20122221221202000100210011100211102220212200220201,False,201222212212020001002100111002111022202122002202011111211221,False,2012222122120200010021001110021110222021220022020111112112212002010022,False
154136,154136,0.988496490163525,011001111011,2221222112,False,22212221121022200111,False,222122211210222001110010122110,False,2221222112102220011100101221100222022001,False,22212221121022200111001012211002220220011121012222,False,222122211210222001110010122110022202200111210122220000110121,False,2221222112102220011100101221100222022001112101222200001101210202211102,False
154568,154568,0.550150033033138,000001101011,1211102011,False,12111020112220220110,False,121110201122202201102221111121,False,1211102011222022011022211111210222201110,False,12111020112220220110222111112102222011101001220100,False,121110201122202201102221111121022220111010012201000020202010,False,1211102011222022011022211111210222201110100122010000202020100120211201,False
154736,154736,0.546348633037987,111011101111,1211012121,False,12110121212112120001,False,121101212121121200010110202121,False,1211012121211212000101102021210222010010,False,12110121212112120001011020212102220100100012022101,False,121101212121121200010110202121022201001000120221011020101102,False,1211012121211212000101102021210222010010001202210110201011020110210111,False
154790,154790,0.616555325896689,110010111111,1222011011,False,12220110110122122220,False,122201101101221222202002100111,False,1222011011012212222020021001111010100201,False,12220110110122122220200210011110101002010000112022,False,122201101101221222202002100111101010020100001120222221112212,False,1222011011012212222020021001111010100201000011202222211122121220001111,False
155576,155576,0.527341633062234,111010010011,1210012011,False,12100120111121210010,False,121001201111212100101101201101,False,1210012011112121001011012011011002102202,False,12100120111121210010110120110110021022020202002210,False,121001201111212100101101201101100210220202020022100200012100,False,1210012011112121001011012011011002102202020200221002000121000210221012,False
156078,156078,0.254077925933868,101101101001,1022200201,False,10222002011210102120,False,102220020112101021201121210121,False,1022200201121010212011212101210021021211,False,10222002011210102120112121012100210212111000222101,False,102220020112101021201121210121002102121110002221010120201011,False,1022200201121010212011212101210021021211100022210101202010110220222011,False
156086,156086,0.301515954505527,110100011111,1101121021,False,11011210211221100112,False,110112102112211001120210010212,False,1101121021122110011202100102120212000100,False,11011210211221100112021001021202120001001221210210,False,110112102112211001120210010212021200010012212102100212212211,False,1101121021122110011202100102120212000100122121021002122122112221122020,False
156402,156402,0.675318083086077,111110001001,2002200212,False,20022002120211221100,False,200220021202112211000211101222,False,2002200212021122110002111012221101000222,False,20022002120211221100021110122211010002221212212200,False,200220021202112211000211101222110100022212122122002000202110,False,2002200212021122110002111012221101000222121221220020002021101002010121,False
156618,156618,0.956144854520884,010011011001,2212012010,False,22120120101102202012,False,221201201011022020121102122121,False,2212012010110220201211021221211110201102,False,22120120101102202012110212212111102011020012001112,False,221201201011022020121102122121111020110200120011122011101221,False,2212012010110220201211021221211110201102001200111220111012211021001102,False
156654,156654,0.669615983093351,011000100001,2002100022,False,20021000220111022120,False,200210002201110221201211212210,False,2002100022011102212012112122100001110020,False,20021000220111022120121121221000011100200200122122,False,200210002201110221201211212210000111002002001221222122002210,False,2002100022011102212012112122100001110020020012212221220022102110010021,False
156678,156678,0.811930068808330,101111100101,2102212202,False,21022122021022112220,False,210221220210221122202220001011,False,2102212202102211222022200010111001011121,False,21022122021022112220222000101110010111212201110011,False,210221220210221122202220001011100101112122011100112111211022,False,2102212202102211222022200010111001011121220111001121112110221200222202,False
156750,156750,0.238872325953265,111110001101,1022002202,False,10220022021121011011,False,102200220211210110111210212212,False,1022002202112101101112102122121022122111,False,10220022021121011011121021221210221221110210100111,False,102200220211210110111210212212102212211102101001112022111021,False,1022002202112101101112102122121022122111021010011120221110212011000120,False
156888,156888,0.307178318814392,000001001001,1101211121,False,11012111212010002112,False,110121112120100021121120021111,False,1101211121201000211211200211111010001212,False,11012111212010002112112002111110100012121001120102,False,110121112120100021121120021111101000121210011201021021121111,False,1101211121201000211211200211111010001212100112010210211211110220101212,False
156890,156890,0.569037825957307,000011011011,1212110011,False,12121100110211010101,False,121211001102110101011002100222,False,1212110011021101010110021002222111002111,False,12121100110211010101100210022221110021110102002120,False,121211001102110101011002100222211100211101020021200201010222,False,1212110011021101010110021002222111002111010200212002010102222012112111,False
157194,157194,0.371682911680367,010000010001,1111121122,False,11111211221002122122,False,111112112210021221221000112000,False,1111121122100212212210001120002121211020,False,11111211221002122122100011200021212110200020122111,False,111112112210021221221000112000212121102000201221111200022112,False,1111121122100212212210001120002121211020002012211112000221122101020022,False
157196,157196,0.633542418823282,110000110011,2000011012,False,20000110120110112112,False,200001101201101121120100200201,False,2000011012011011211201002002010111102122,False,20000110120110112112010020020101111021220022212100,False,200001101201101121120100200201011110212200222121000020102101,False,2000011012011011211201002002010111102122002221210000201021012011122102,False
157464,157464,0.722716375973875,010000000001,2012201200,False,20122012001212212022,False,201220120012122120220200101202,False,2012201200121221202202001012020121202000,False,20122012001212212022020010120201212020002102021001,False,201220120012122120220200101202012120200021020210010021101121,False,2012201200121221202202001012020121202000210202100100211011212121212000,False
157466,157466,0.984575883116790,110000000011,2221122020,False,22211220202111211001,False,222112202021112110012220112022,False,2221122020211121100122201120222211022201,False,22211220202111211001222011202222110222010020000101,False,222112202021112110012220112022221102220100200001011100212011,False,2221122020211121100122201120222211022201002000010111002120111111110200,False
157472,157472,0.770154404545535,110000100111,2022220222,False,20222202220012120202,False,202222022200121202022200001022,False,2022220222001212020222000010222012022012,False,20222202220012120202220000102220120220122012202022,False,202222022200121202022200001022201202201220122020220210010022,False,2022220222001212020222000010222012022012201220202202100100220122222100,False
157796,157796,0.191394561697745,110011000111,1020022121,False,10200221210000022200,False,102002212100000222001122110002,False,1020022121000002220011221100022100000201,False,10200221210000022200112211000221000002010200200120,False,102002212100000222001122110002210000020102002001202102220001,False,1020022121000002220011221100022100000201020020012021022200010011020021,False
158336,158336,0.893461490284761,001001010111,2200001102,False,22000011022022222220,False,220000110220222222201212200201,False,2200001102202222222012122002011111111001,False,22000011022022222220121220020111111110012201002022,False,220000110220222222201212200201111111100122010020222020201122,False,2200001102202222222012122002011111111001220100202220202011220201212222,False
158492,158492,0.318503047432121,000100010011,1102022102,False,11020221020002111111,False,110202210200021111112222221102,False,1102022102000211111122222211021112222210,False,11020221020002111111222222110211122222102111000121,False,110202210200021111112222221102111222221021110001210010001210,False,1102022102000211111122222211021112222210211100012100100012101222222222,False
158598,158598,0.197056926006609,010101100001,1020112012,False,10201120121201012211,False,102011201212010122110121110001,False,1020112012120101221101211100010202000000,False,10201120121201012211012111000102020000002102102201,False,102011201212010122110121110001020200000021021022012012202101,False,1020112012120101221101211100010202000000210210220120122021012201201102,False
158924,158924,0.880156590301734,101010000011,2122000012,False,21220000121202010020,False,212200001212020100202101122212,False,2122000012120201002021011222120010002011,False,21220000121202010020210112221200100020111102121000,False,212200001212020100202101122212001000201111021210001200200202,False,2122000012120201002021011222120010002011110212100012002002022002102020,False
158942,158942,0.236892154587967,010101101011,1022000200,False,10220002002202220110,False,102200020022022201102100012012,False,1022000200220222011021000120121100212220,False,10220002002202220110210001201211002122200112202100,False,102200020022022201102100012012110021222001122021001011021100,False,1022000200220222011021000120121100212220011220210010110211002000000000,False
158946,158946,0.760611168873797,000011000101,2022021020,False,20220210201221011111,False,202202102012210111112011100020,False,2022021020122101111120111000202002120110,False,20220210201221011111201110002020021201102222020011,False,202202102012210111112011100020200212011022220200112001121002,False,2022021020122101111120111000202002120110222202001120011210020120000000,False
159110,159110,0.233090754592817,101111101111,1021212202,False,10212122021112100220,False,102121220211121002201022221212,False,1021212202111210022010222212120000212011,False,10212122021112100220102222121200002120111211202021,False,102121220211121002201022221212000021201112112020211001121202,False,1021212202111210022010222212120000212011121120202110011212021101211011,False
159140,159140,0.160983361736540,110111110011,1012020000,False,10120200002201212022,False,101202000022012120221120111012,False,1012020000220121202211201110120000202012,False,10120200002201212022112011101200002020121102122012,False,101202000022012120221120111012000020201211021220120201010010,False,1012020000220121202211201110120000202012110212201202010100101202210012,False
159162,159162,0.041437940308604,100010010101,1001020221,False,10010202212021202201,False,100102022120212022011001110012,False,1001020221202120220110011100122100221210,False,10010202212021202201100111001221002212100222201120,False,100102022120212022011001110012210022121002222011202222021110,False,1001020221202120220110011100122100221210022220112022220211102100120212,False
159164,159164,0.303297447451519,100110111111,1101200021,False,11012000211001100121,False,110120002110011001212101221021,False,1101200021100110012121012210212011021101,False,11012000211001100121210122102120110211011022122010,False,110120002110011001212101221021201102110110221220100222000222,False,1101200021100110012121012210212011021101102212201002220002220010210010,False
159342,159342,0.608793583170942,010101101101,1221200222,False,12212002220121102002,False,122120022201211020021221210220,False,1221200222012110200212212102200020221210,False,12212002220121102002122121022000202212101202012202,False,122120022201211020021221210220002022121012020122022222002201,False,1221200222012110200212212102200020221210120201220222220022011120102200,False
159410,159410,0.512016826030048,000111000011,1202101110,False,12021011100001022211,False,120210111000010222110201021102,False,1202101110000102221102010211021221122010,False,12021011100001022211020102110212211220101011021120,False,120210111000010222110201021102122112201010110211202121201002,False,1202101110000102221102010211021221122010101102112021212010021011111220,False
159594,159594,0.603091483178216,001001100101,1221101002,False,12211010020211022110,False,122110100202110221102221210212,False,1221101002021102211022212102120101221121,False,12211010020211022110222121021201012211210021121201,False,122110100202110221102221210212010122112100211212011122202221,False,1221101002021102211022212102120101221121002112120111222022210111010002,False
159786,159786,0.741604168898044,100011110001,2020222111,False,20202221111210000001,False,202022211112100000012011220222,False,2020222111121000000120112202220011010122,False,20202221111210000001201122022200110101221111112001,False,202022211112100000012011220222001101012211111120012212001002,False,2020222111121000000120112202220011010122111111200122120010022111222111,False
160712,160712,0.982555976067631,111101000111,2221110111,False,22211101110102212100,False,222111011101022121000111112211,False,2221110111010221210001111122110210210201,False,22211101110102212100011111221102102102010122211121,False,222111011101022121000111112211021021020101222111210220110121,False,2221110111010221210001111122110210210201012221112102201101212101012212,False
160758,160758,0.005324640354673,101100110001,1000011021,False,10000110211102200000,False,100001102111022000001002011022,False,1000011021110220000010020110222112202121,False,10000110211102200000100201102221122021212022011122,False,100001102111022000001002011022211220212120220111221010112120,False,1000011021110220000010020110222112202121202201112210101121202120110200,False
160778,160778,0.623919711783822,010010011011,1222120210,False,12221202102222112121,False,122212021022221121210001201110,False,1222120210222211212100012011101100122001,False,12221202102222112121000120111011001220011222120000,False,122212021022221121210001201110110012200112221200002101020220,False,1222120210222211212100012011101100122001122212000021010202202211111000,False
160866,160866,0.145738026072076,111011000001,1011200120,False,10112001202020102012,False,101120012020201020121012021122,False,1011200120202010201210120211222222001111,False,10112001202020102012101202112222220011110012100100,False,101120012020201020121012021122222200111100121001002002200111,False,1011200120202010201210120211222222001111001210010020022001111211002002,False
161028,161028,0.356358104648181,100100100001,1110221100,False,11102211000002211211,False,111022110000022112111120222012,False,1110221100000221121111202220120202000101,False,11102211000002211211112022201202020001010211110012,False,111022110000022112111120222012020200010102111100120210211200,False,1110221100000221121111202220120202000101021111001202102112002000002202,False
161030,161030,0.618217611791096,101101100011,1222020210,False,12220202100010210110,False,122202021000102101100010021220,False,1222020210001021011000100212202222200111,False,12220202100010210110001002122022222001112002221021,False,122202021000102101100010021220222220011120022210210002010020,False,1222020210001021011000100212202222200111200222102100020100202200010200,False
161264,161264,0.255779947512136,010111011011,1022202112,False,10222021120220011102,False,102220211202200111022110012100,False,1022202112022001110221100121002111202021,False,10222021120220011102211001210021112020210020200212,False,102220211202200111022110012100211120202100202002120102110002,False,1022202112022001110221100121002111202021002020021201021100022202212122,False
161502,161502,0.417061297519006,100011111101,1120200200,False,11202002002201011022,False,112020020022010110221002021110,False,1120200200220101102210020211100200222011,False,11202002002201011022100202111002002220112020211021,False,112020020022010110221002021110020022201120202110210000122121,False,1120200200220101102210020211100200222011202021102100001221212010110000,False
161846,161846,0.456896526100365,000100100111,1122121021,False,11221210210120122002,False,112212102101201220022200122001,False,1122121021012012200222001220012021001022,False,11221210210120122002220012200120210010221100002101,False,112212102101201220022200122001202100102211000021011021112021,False,1122121021012012200222001220012021001022110000210110211120210101211212,False
162002,162002,0.881938083247725,100010100011,2122010221,False,21220102212222102202,False,212201022122221022021012221001,False,2122010221222210220210122210010201102221,False,21220102212222102202101222100102011022212000000121,False,212201022122221022021012221001020110222120000001211010110020,False,2122010221222210220210122210010201102221200000012110101100201220101100,False
162170,162170,0.878136683252574,000111000111,2121211221,False,21212112212111220222,False,212121122121112202221201211202,False,2121211221211122022212012112021000100111,False,21212112212111220222120121120210001001112212102201,False,212121122121112202221201211202100010011122121022012110121200,False,2121211221211122022212012112021000100111221210220121101212000000222120,False
162216,162216,0.900905347539617,110010110001,2200122102,False,22001221020021222012,False,220012210200212220122102210212,False,2200122102002122201221022102121120010001,False,22001221020021222012210221021211200100012200112100,False,220012210200212220122102210212112001000122001121002101120011,False,2200122102002122201221022102121120010001220011210021011200110201220101,False
162398,162398,0.730120497544870,001100111011,2020012212,False,20200122120210000021,False,202001221202100000211222121202,False,2020012212021000002112221212021200022210,False,20200122120210000021122212120212000222100210002202,False,202001221202100000211222121202120002221002100022022022001101,False,2020012212021000002112221212021200022210021000220220220011012002112010,False
162566,162566,0.726319097549720,011101111111,2012222002,False,20122220020221011222,False,201222200202210112221221210100,False,2012222002022101122212212101000201222100,False,20122220020221011222122121010002012221002121212120,False,201222200202210112221221210100020122210021212121202001022001,False,2012222002022101122212212101000201222100212121212020010220011122201220,False
162720,162720,0.889501147554165,001011001001,2122201222,False,21222012222012122112,False,212220122220121221122022012020,False,2122201222201212211220220120202121121211,False,21222012222012122112202201202021211212110202000100,False,212220122220121221122022012020212112121102020001000011210012,False,2122201222201212211220220120202121121211020200010000112100120100020021,False
163026,163026,0.954005740420141,101010010001,2212000020,False,22120000201011210022,False,221200002010112100220021012102,False,2212000020101121002200210121022211021001,False,22120000201011210022002101210222110210010020000200,False,221200002010112100220021012102221102100100200002000211121120,False,2212000020101121002200210121022211021001002000020002111211200012001120,False
163028,163028,0.215865247563055,111110110011,1021020002,False,10210200022112010110,False,102102000221120101101210012102,False,1021020002211201011012100121020220220010,False,10210200022112010110121001210202202200101102200022,False,102102000221120101101210012102022022001011022000220101001100,False,1021020002211201011012100121020220220010110220002201010011002002020200,False
163296,163296,0.305039204713649,001010000001,1101202012,False,11012020122212120110,False,110120201222121201102121110212,False,1101202012221212011021211102122112210102,False,11012020122212120110212111021221122101020122020010,False,110120201222121201102121110212211221010201220200101021121121,False,1101202012221212011021211102122112210102012202001010211211210001101202,False
163298,163298,0.566898711856563,011110000011,1212022221,False,12120222212211102122,False,121202222122111021220110222011,False,1212022221221110212201102220112101201112,False,12120222212211102122011022201121012011122211222011,False,121202222122111021220110222011210120111222112220111201011010,False,1212022221221110212201102220112101201112221122201112010110101001212022,False
163422,163422,0.802188154717286,001110011001,2102011211,False,21020112110111222112,False,210201121101112221120012222000,False,2102011211011122211200122220001202002102,False,21020112110111222112001222200012020021021121002002,False,210201121101112221120012222000120200210211210020021110001010,False,2102011211011122211200122220001202002102112100200211100010101120122112,False
163692,163692,0.153221619010794,001100001001,1011221122,False,10112211221100200212,False,101122112211002002122022100101,False,1011221122110020021220221001011221001010,False,10112211221100200212202210010112210010102021011011,False,101122112211002002122022100101122100101020210110110010211120,False,1011221122110020021220221001011221001010202101101100102111201122020012,False
163770,163770,0.365742397584474,000111011101,1111100111,True,11111001112021011021,False,111110011120210110211221221000,False,1111100111202101102112212210002212120221,False,11111001112021011021122122100022121202212002110001,False,111110011120210110211221221000221212022120021100011222210012,False,1111100111202101102112212210002212120221200211000112222100120020221100,False
163908,163908,0.434048390445600,100001011001,1121111102,False,11211111020112112200,False,112111110201121122000121120211,False,1121111102011211220001211202111201121100,False,11211111020112112200012112021112011211001211200112,False,112111110201121122000121120211120112110012112001120101011212,False,1121111102011211220001211202111201121100121120011201010112121012021202,False
163968,163968,0.289833604733046,000101100101,1101010100,True,11010101000012200201,False,110101010000122002012211220021,False,1101010100001220020122112200212122000012,False,11010101000012200201221122002121220000121120212122,False,110101010000122002012211220021212200001211202121220220011011,False,1101010100001220020122112200212122000012112021212202200110110220220000,False
164040,164040,0.716775861877982,000100001101,2012100012,False,20121000121010210010,False,201210001210102100100201120110,False,2012100012101021001002011201102200101020,False,20121000121010210010020112011022001010201200010222,False,201210001210102100100201120110220010102012000102220212111221,False,2012100012101021001002011201102200101020120001022202121112212021000222,False
164168,164168,0.475784319024534,110111010111,1200112111,False,12001121112211110011,False,120011211122111100112101102201,False,1200112111221111001121011022012011211002,False,12001121112211110011210110220120112110020002002112,False,120011211122111100112101102201201121100200020021120122120202,False,1200112111221111001121011022012011211002000200211201221202020202022020,False
164184,164184,0.570660376167853,101100110101,1212112120,False,12121121202200011022,False,121211212022000110221110012220,False,1212112120220001102211100122200011012110,False,12121121202200011022111001222000110121101112211020,False,121211212022000110221110012220001101211011122110202122121112,False,1212112120220001102211100122200011012110111221102021221211121022101122,False
164288,164288,0.187354747599426,101110101011,1020011121,False,10200111211022221020,False,102001112110222210200121022012,False,1020011121102222102001210220120012110111,False,10200111211022221020012102201200121101111212201212,False,102001112110222210200121022012001211011112122012120100200212,False,1020011121102222102001210220120012110111121220121201002002120112211200,False
164430,164430,0.779379754746382,001111100001,2100120021,False,21001200211001100202,False,210012002110011002020222020120,False,2100120021100110020202220201200002022122,False,21001200211001100202022202012000020221220001121200,False,210012002110011002020222020120000202212200011212000200011110,False,2100120021100110020202220201200002022122000112120002000111102011201112,False
164810,164810,0.532686111900208,111011010011,1210110211,False,12101102111021012222,False,121011021110210122220022212101,False,1210110211102101222200222121012020012112,False,12101102111021012222002221210120200121122122121022,False,121011021110210122220022212101202001211221221210220202112112,False,1210110211102101222200222121012020012112212212102202021121120021111211,False
164826,164826,0.627562169043527,110001101001,1222210121,False,12222101211212212011,False,122221012112122120112020111102,False,1222210121121221201120201111022111202201,False,12222101211212212011202011110221112022011121100022,False,122221012112122120112020111102211120220111211000222021010111,False,1222210121121221201120201111022111202201112110002220210101112200112202,False
164970,164970,0.481446683333398,010111010001,1200211012,False,12002110120021212110,False,120021101200212121102011202111,False,1200211012002121211020112021111221111222,False,12002110120021212110201120211112211112220202002121,False,120021101200212121102011202111122111122202020021211221200202,False,1200211012002121211020112021111221111222020200212112212002021100002002,False
165302,165302,0.950124869057267,010110110111,2211200101,False,22112001011122100120,False,221120010111221001201102000201,False,2211200101112210012011020002011221212021,False,22112001011122100120110200020112212120210202110120,False,221120010111221001201102000201122121202102021101200022101220,False,2211200101112210012011020002011221212021020211012000221012202110211021,False
165426,165426,0.185414311917990,100011100101,1020002200,False,10200022002211212011,False,102000220022112120112001122001,False,1020002200221121201120011220012212120110,False,10200022002211212011200112200122121201102211101121,False,102000220022112120112001122001221212011022111011210001210210,False,1020002200221121201120011220012212120110221110112100012102100100112101,False
165498,165498,0.612356569062925,010010001101,1221220112,False,12212201122122212000,False,122122011221222120001022122212,False,1221220112212221200010221222120022110122,False,12212201122122212000102212221200221101222200210221,False,122122011221222120001022122212002211012222002102210200221222,False,1221220112212221200010221222120022110122220021022102002212220210201210,False
165642,165642,0.466241083352796,001010110101,1200001200,False,12000012002010220011,False,120000120020102200110210222212,False,1200001200201022001102102222121102000012,False,12000012002010220011021022221211020000120021121120,False,120000120020102200110210222212110200001200211211201100201211,False,1200001200201022001102102222121102000012002112112011002012111000220200,False
165914,165914,0.079134054789219,010100101111,1002110012,False,10021100122100012221,False,100211001221000122211110010021,False,1002110012210001222111100100210000020022,False,10021100122100012221111001002100000200222210221120,False,100211001221000122211110010021000002002222102211201112120122,False,1002110012210001222111100100210000020022221022112011121201222100020001,False
166376,166376,0.568680204802555,010110100011,1212102121,False,12121021212110221002,False,121210212121102210020221010001,False,1212102121211022100202210100011000201020,False,12121021212110221002022101000110002010202100112122,False,121210212121102210020221010001100020102021001121222101002020,False,1212102121211022100202210100011000201020210011212221010020200112010222,False
167690,167690,0.610376397697627,101001101011,1221210110,False,12212101100012122012,False,122121011000121220121212112101,False,1221210110001212201212121121012011102212,False,12212101100012122012121211210120111022120222020102,False,122121011000121220121212112101201110221202220201020020120202,False,1221210110001212201212121121012011102212022202010200201202021120100000,False
167726,167726,0.323847526270095,000101010011,1102112111,False,11021121111111101221,False,110211211111111012210102111002,False,1102112111111110122101021110021020200100,False,11021121111111101221010211100210202001002222011210,False,110211211111111012210102111002102020010022220112102022020002,False,1102112111111110122101021110021020200100222201121020220200022022022210,False
167888,167888,0.534467604846200,001011110011,1210120101,False,12101201011221221020,False,121012010112212210200021111121,False,1210120101122122102000211111210222110020,False,12101201011221221020002111112102221100202111110000,False,121012010112212210200021111121022211002021111100001122020012,False,1210120101122122102000211111210222110020211111000011220200122201220212,False
167912,167912,0.676781690561178,011010111111,2002210022,False,20022100222101122011,False,200221002221011220112011022101,False,2002210022210112201120110221010100000020,False,20022100222101122011201102210101000000201200212020,False,200221002221011220112011022101010000002012002120202200211020,False,2002210022210112201120110221010100000020120021202022002110202221110022,False
168156,168156,0.623641561996793,011001000001,1222120101,False,12221201010011210002,False,122212010100112100020210112221,False,1222120101001121000202101122210220210010,False,12221201010011210002021011222102202100102211220120,False,122212010100112100020210112221022021001022112201200012022201,False,1222120101001121000202101122210220210010221122012000120222011202011012,False
168554,168554,0.733683483436853,100001011011,2020110020,False,20201100201021201220,False,202011002010212012200120121221,False,2020110020102120122001201212212200000012,False,20201100201021201220012012122122000000122022000202,False,202011002010212012200120121221220000001220220002022002211220,False,2020110020102120122001201212212200000012202200020220022112201201221121,False
168930,168930,0.963270826304849,010111111001,2212210111,False,22122101112012211111,False,221221011120122111110202012020,False,2212210111201221111102020120201001221121,False,22122101112012211111020201202010012211210021200111,False,221221011120122111110202012020100122112100212001111202222020,False,2212210111201221111102020120201001221121002120011112022220200001120000,False
168986,168986,0.295337026306466,110001001011,1101100102,False,11011001020120121102,False,110110010201201211021210021200,False,1101100102012012110212100212001201000102,False,11011001020120121102121002120012010001020022111120,False,110110010201201211021210021200120100010200221111202001022012,False,1101100102012012110212100212001201000102002211112020010220122010120212,False
169154,169154,0.291535626311315,010101001111,1101012012,False,11010120122011110122,False,110101201220111101222201011201,False,1101012012201111012222010112010100221010,False,11010120122011110122220101120101002210102111220210,False,110101201220111101222201011201010022101021112202100220101211,False,1101012012201111012222010112010100221010211122021002201012111122012201,False
169208,169208,0.361742319170017,011100011111,1111011201,False,11110112012022000121,False,111101120120220001210220120011,False,1111011201202200012102201200110201020121,False,11110112012022000121022012001102010201212012002020,False,111101120120220001210220120011020102012120120020201011100022,False,1111011201202200012102201200110201020121201200202010111000221112121221,False
169694,169694,0.993602554898331,101001011111,2222102200,False,22221022001022122210,False,222210220010221222100210121202,False,2222102200102212221002101212020222222201,False,22221022001022122210021012120202222222010001122122,False,222210220010221222100210121202022222220100011221220000120211,False,2222102200102212221002101212020222222201000112212200001202112120210121,False
170012,170012,0.629264190621796,101011011011,1222220100,False,12222201000002201120,False,122222010000022011201212111222,False,1222220100000220112012121112220001122211,False,12222201000002201120121211122200011222111110121012,False,122222010000022011201212111222000112221111101210122021121010,False,1222220100000220112012121112220001122211111012101220211210100020222201,False
170016,170016,0.152983204907626,000110110101,1011221102,False,10112211021001121121,False,101122110210011211210202221021,False,1011221102100112112102022210211020222120,False,10112211021001121121020222102110202221200222110121,False,101122110210011211210202221021102022212002221101211020111112,False,1011221102100112112102022210211020222120022211012110201111122111010211,False
170124,170124,0.293396590625029,111110000101,1101021021,False,11010210210122011112,False,110102102101220111122221221222,False,1101021021012201111222212212222022102022,False,11010210210122011112222122122220221020220012111101,False,110102102101220111122221221222202210202200121111012021221011,False,1101021021012201111222212212222022102022001211110120212210112220210211,False
170358,170358,0.930958926346069,010101001101,2210002020,False,22100020202102221220,False,221000202021022212200112110100,False,2210002020210222122001121101001212212222,False,22100020202102221220011211010012122122220020002021,False,221000202021022212200112110100121221222200200020211221110201,False,2210002020210222122001121101001212212222002000202112211102011220002211,False
170444,170444,0.190917733491409,011011001011,1020022010,False,10200220100211222001,False,102002201002112220012202010221,False,1020022010021122200122020102212221210201,False,10200220100211222001220201022122212102010102021212,False,102002201002112220012202010221222121020101020212122111021111,False,1020022010021122200122020102212221210201010202121221110211112000220022,False
170594,170594,0.830380769210025,011000100111,2111020011,False,21110200112121222121,False,211102001121212221212012110010,False,2111020011212122212120121100102002001021,False,21110200112121222121201211001020020010211122000000,False,211102001121212221212012110010200200102111220000001020101110,False,2111020011212122212120121100102002001021112200000010201011102200000201,False
170658,170658,0.209884997783301,111011101001,1021000001,False,10210000011100121111,False,102100000111001211110220001100,False,1021000001110012111102200011002202200222,False,10210000011100121111022000110022022002220011001120,False,102100000111001211110220001100220220022200110011200100002102,False,1021000001110012111102200011002202200222001100112001000021022212022021,False
170918,170918,0.251620926362234,011011000111,1022121010,False,10221210101100220002,False,102212101011002200020222120102,False,1022121010110022000202221201022202212201,False,10221210101100220002022212010222022122011212211200,False,102212101011002200020222120102220221220112122112000121121120,False,1022121010110022000202221201022202212201121221120001211211200220202221,False
170972,170972,0.321827619220936,010100010111,1102110012,False,11021100120200021211,False,110211001202000212112210110120,False,1102110012020002121122101101202120220010,False,11021100120200021211221011012021202200100100121100,False,110211001202000212112210110120212022001001001211002120012020,False,1102110012020002121122101101202120220010010012110021200120202211002212,False
171074,171074,0.676662483509594,110101000011,2002210010,False,20022100101010111102,False,200221001010101111022221122211,False,2002210010101011110222211222111201012122,False,20022100101010111102222112221112010121221100112112,False,200221001010101111022221122211120101212211001121121100120212,False,2002210010101011110222211222111201012122110011211211001202120011100120,False
171152,171152,0.889183262083274,000011011111,2122201022,False,21222010221102111012,False,212220102211021110120201001020,False,2122201022110211101202010010200010011021,False,21222010221102111012020100102000100110211011111101,False,212220102211021110120201001020001001102110111111012002210202,False,2122201022110211101202010010200010011021101111110120022102020120002010,False
171614,171614,0.378729412096610,101100010011,1111221011,False,11112210111102021212,False,111122101111020212120112012220,False,1111221011110202121201120122202111112110,False,11112210111102021212011201222021111121102211211210,False,111122101111020212120112012220211111211022112112100222122022,False,1111221011110202121201120122202111112110221121121002221220221101020202,False
171630,171630,0.473605469239929,011100101001,1200102120,False,12001021201201120110,False,120010212012011201102022021001,False,1200102120120112011020220210011210211000,False,12001021201201120110202202100112102110002001200211,False,120010212012011201102022021001121021100020012002111111010210,False,1200102120120112011020220210011210211000200120021111110102100011221022,False
171978,171978,0.037159712107118,000110101101,1001010101,True,10010101010111122112,False,100101010101111221120001200212,False,1001010101011112211200012002120022202202,False,10010101010111122112000120021200222022022010121100,False,100101010101111221120001200212002220220220101211000210001002,False,1001010101011112211200012002120022202202201012110002100010020120121212,False
172064,172064,0.297118519252457,111101101011,1101102101,False,11011021011121011221,False,110110210111210112211102010010,False,1101102101112101122111020100100020012122,False,11011021011121011221110201001000200121222021201100,False,110110210111210112211102010010002001212220212011002200002201,False,1101102101112101122111020100100020012122202120110022000022011212201201,False
172170,172170,0.175672397826945,010010011001,1012202012,False,10122020120012220210,False,101220201200122202102101210220,False,1012202012001222021021012102200101220001,False,10122020120012220210210121022001012200010211010000,False,101220201200122202102101210220010122000102110100002101121000,False,1012202012001222021021012102200101220001021101000021011210000121201102,False
172260,172260,0.959350219258115,110101010001,2212110110,False,22121101102221210022,False,221211011022212100221200010121,False,2212110110222121002212000101211101001020,False,22121101102221210022120001012111010010202021121002,False,221211011022212100221200010121110100102020211210021100012010,False,2212110110222121002212000101211101001020202112100211000120101101120111,False
172286,172286,0.363523812116008,001110111111,1111020212,False,11110202120102120200,False,111102021201021202001210010121,False,1111020212010212020012100101211201212222,False,11110202120102120200121001012112012122221020202211,False,111102021201021202001210010121120121222210202022111021020111,False,1111020212010212020012100101211201212222102020221110210201112110220012,False
172440,172440,0.526705862120453,010000001001,1210011021,False,12100110210000212212,False,121001102100002122121102000022,False,1210011021000021221211020000220212212220,False,12100110210000212212110200002202122122202211211002,False,121001102100002122121102000022021221222022112110022112200210,False,1210011021000021221211020000220212212220221121100221122002101110010000,False
172442,172442,0.788565369263368,110000011011,2101012200,False,21010122001001011211,False,210101220010010112110212200102,False,2101012200100101121102122001020011211220,False,21010122001001011211021220010200112112200210102110,False,210101220010010112110212200102001121122002101021102101121001,False,2101012200100101121102122001020011211220021010211021011210011221011000,False
172464,172464,0.669019947835432,001101101101,2002022022,False,20020220220211102012,False,200202202202111020120210122112,False,2002022022021110201202101221120212211012,False,20020220220211102012021012211202122110120101000022,False,200202202202111020120210122112021221101201010000221202100021,False,2002022022021110201202101221120212211012010100002212021000210100002101,False
172530,172530,0.310383683551623,100101000001,1101222020,False,11012220200000212122,False,110122202000002121221221001220,False,1101222020000021212212210012202221021011,False,11012220200000212122122100122022210210112012101001,False,110122202000002121221221001220222102101120121010010211120201,False,1101222020000021212212210012202221021011201210100102111202012212102101,False
172532,172532,0.572243190694538,101111000011,1212121222,False,12121212220001011112,False,121212122200010111121120102120,False,1212121222000101111211201021200220200120,False,12121212220001011112112010212002202001200221011101,False,121212122200010111121120102120022020012002210111012010002222,False,1212121222000101111211201021200220200120022101110120100022221211020012,False
172604,172604,0.999185447839473,100010111011,2222221001,False,22222210010112202010,False,222222100101122020101110200002,False,2222221001011220201011102000022201121110,False,22222210010112202010111020000222011211101021201212,False,222222100101122020101110200002220112111010212012120020002201,False,2222221001011220201011102000022201121110102120121200200022010200112112,False
172680,172680,0.949846719270238,000110111101,2211122202,False,22111222021101220220,False,221112220211012202200222002220,False,2211122202110122022002220022202110001002,False,22111222021101220220022200222021100010020012101202,False,221112220211012202200222002220211000100200121012022020201212,False,2211122202110122022002220022202110001002001210120220202012122011122000,False
172770,172770,0.733524540701408,011001010101,2020102221,False,20201022212012110110,False,202010222120121101102202112001,False,2020102221201211011022021120010202201212,False,20201022212012110110220211200102022012122110120110,False,202010222120121101102202112001020220121221101201100200122200,False,2020102221201211011022021120010202201212211012011002001222000221210112,False
172874,172874,0.350218912132981,100000001011,1110200002,False,11102000020222110202,False,111020000202221102020210000211,False,1110200002022211020202100002111020111211,False,11102000020222110202021000021110201112112120110220,False,111020000202221102020210000211102011121121201102200110102002,False,1110200002022211020202100002111020111211212011022001101020022102012110,False
172928,172928,0.420425604991683,110101011011,1120211222,False,11202112220110000200,False,112021122201100002002012220111,False,1120211222011000020020122201111102100220,False,11202112220110000200201222011111021002202011120100,False,112021122201100002002012220111110210022020111201001200121220,False,1120211222011000020020122201111102100220201112010012001212202012200000,False
172932,172932,0.944144619277512,100000110101,2211011211,False,22110112111110101020,False,221101121111101010200221111112,False,2211011211111010102002211111122212012121,False,22110112111110101020022111111222120121212212010022,False,221101121111101010200221111112221201212122120100220000010001,False,2211011211111010102002211111122212012121221201002200000100012221002000,False
173040,173040,0.084558004994916,011000000101,1002121222,False,10021212220022100002,False,100212122200221000021021011022,False,1002121222002210000210210110220212002010,False,10021212220022100002102101102202120020102022100100,False,100212122200221000021021011022021200201020221001002021022110,False,1002121222002210000210210110220212002010202210010020210221100001021000,False
173178,173178,0.152863997856042,110011100001,1011221022,False,10112210220220121202,False,101122102202201212022122010012,False,1011221022022012120221220100120010220120,False,10112210220220121202212201001200102201201012222210,False,101122102202201212022122010012001022012010122222100201011122,False,1011221022022012120221220100120010220120101222221002010111220000021220,False
173900,173900,0.684146076448312,111010011011,2010020210,False,20100202100022120212,False,201002021000221202120022122102,False,2010020210002212021200221221020211220101,False,20100202100022120212002212210202112201012201020200,False,201002021000221202120022122102021122010122010202001020222220,False,2010020210002212021200221221020211220101220102020010202222200021221211,False
173922,173922,0.564600655020375,011011101101,1212012112,False,12120121121021110000,False,121201211210211100002101001111,False,1212012112102111000021010011112111212011,False,12120121121021110000210100111121112120111022020200,False,121201211210211100002101001111211121201110220202002111010110,False,1212012112102111000021010011112111212011102202020021110101101101221012,False
174332,174332,0.245799619317924,001010001011,1022101000,False,10221010000001211021,False,102210100000012110211120021020,False,1022101000000121102111200210200211010101,False,10221010000001211021112002102002110101012202111021,False,102210100000012110211120021020021101010122021110212110202202,False,1022101000000121102111200210200211010101220211102121102022022112121012,False
174384,174384,0.054146805033711,010101001001,1001122200,False,10011222001012002011,False,100112220010120020111222022111,False,1001122200101200201112220221112102101012,False,10011222001012002011122202211121021010120110212110,False,100112220010120020111222022111210210101201102121102010021121,False,1001122200101200201112220221112102101012011021211020100211212221000021,False
174386,174386,0.316006312176626,111111011011,1102012120,False,11020121201120202220,False,110201212011202022200122002100,False,1102012120112020222001220021001020011120,False,11020121201120202220012200210010200111202122011021,False,110201212011202022200122002100102001112021220110212211101011,False,1102012120112020222001220021001020011120212201102122111010111220100101,False
175032,175032,0.896627119338130,000111101001,2200022012,False,22000220122022122021,False,220002201220221220212112002211,False,2200022012202212202121120022111122222102,False,22000220122022122021211200221111222221022212010100,False,220002201220221220212112002211112222210222120101000222120102,False,2200022012202212202121120022111122222102221201010002221201022202210001,False
175338,175338,0.961131712204106,001010110001,2212121120,False,22121211201211210020,False,221212112012112100200022222211,False,2212121120121121002000222222110222112212,False,22121211201211210020002222221102221122120021111020,False,221212112012112100200022222211022211221200211110202010002222,False,2212121120121121002000222222110222112212002111102020100022220110012222,False
175952,175952,0.352000405078973,001100101011,1110202011,False,11102020112221120020,False,111020201122211200202022000001,False,1110202011222112002020220000012020112201,False,11102020112221120020202200000120201122011200000100,False,111020201122211200202022000001202011220112000001001212212222,False,1110202011222112002020220000012020112201120000010012122122221222021120,False
176220,176220,0.441174362229566,100101111001,1121211122,False,11212111221011222110,False,112121112210112221101021110100,False,1121211122101122211010211101001011222112,False,11212111221011222110102111010010112221122000020002,False,112121112210112221101021110100101122211220000200022121122021,False,1121211122101122211010211101001011222112200002000221211220211020021110,False
176604,176604,0.718199733669222,111110100101,2012102201,False,20121022010022100000,False,201210220100221000002221202220,False,2012102201002210000022212022200112102100,False,20121022010022100000222120222001121021001011010122,False,201210220100221000002221202220011210210010110101222222011222,False,2012102201002210000022212022200112102100101101012222220112222121202011,False
176978,176978,0.685927569394303,110110111011,2010100210,False,20101002102121112010,False,201010021021211120101200221012,False,2010100210212111201012002210121222211201,False,20101002102121112010120022101212222112011012022200,False,201010021021211120101200221012122221120110120222001002110010,False,2010100210212111201012002210121222211201101202220010021100100102100222,False
177144,177144,0.420266662256238,010101010101,1120211202,False,11202112022002020022,False,112021120220020200221211122000,False,1120211202200202002212111220000211220122,False,11202112022002020022121112200002112201222101021020,False,112021120220020200221211122000021122012221010210202112000210,False,1120211202200202002212111220000211220122210102102021120002101212122102,False
177146,177146,0.682126169399152,111111111111,2010010100,False,20100101001202222102,False,201001010012022221021110011200,False,2010010100120222210211100112001010112212,False,20100101001202222102111001120010101122122011200200,False,201001010012022221021110011200101011221220112002000100201001,False,2010010100120222210211100112001010112212201120020001002010012111112012,False
177248,177248,0.036961033687811,110100001011,1001010012,False,10010100122002012020,False,100101001220020120201121021211,False,1001010012200201202011210212112001012212,False,10010100122002012020112102121120010122120202201202,False,100101001220020120201121021211200101221202022012022011000211,False,1001010012200201202011210212112001012212020220120220110002110121001120,False
177282,177282,0.488572655117364,010111110001,1201011220,False,12010112201220022101,False,120101122012200221010121210100,False,1201011220122002210101212101002010121210,False,12010112201220022101012121010020101212101120101012,False,120101122012200221010121210100201012121011201010120011211111,False,1201011220122002210101212101002010121210112010101200112111112012011220,False
177290,177290,0.536010683689023,011111010111,1210122121,False,12101221212012001111,False,121012212120120011110221000121,False,1210122121201200111102210001211200201000,False,12101221212012001111022100012112002010002100122101,False,121012212120120011110221000121120020100021001221012022202111,False,1210122121201200111102210001211200201000210012210120222021110201200101,False
177414,177414,0.771300126549746,010100000101,2100000002,False,21000000022112102021,False,210000000221121020211122100211,False,2100000002211210202111221002112210001021,False,21000000022112102021112210021122100010210101111120,False,210000000221121020211122100211221000102101011111202102212210,False,2100000002211210202111221002112210001021010111112021022122101201212000,False
177416,177416,0.033159633692660,111100001111,1001000001,True,10010000010210102000,False,100100000102101020001001201101,False,1001000001021010200010012011010120100120,False,10010000010210102000100120110101201001200111200001,False,100100000102101020001001201101012010012001112000010002021120,False,1001000001021010200010012011010120100120011120000100020211201202211020,False
177948,177948,0.687788533708017,001001101001,2010110222,False,20101102221100202120,False,201011022211002021200001020002,False,2010110222110020212000010200022210021010,False,20101102221100202120000102000222100210101111000011,False,201011022211002021200001020002221002101011110000111022210101,False,2010110222110020212000010200022210021010111100001110222101012101011122,False
178272,178272,0.109028690860227,011010001001,1010102202,False,10101022021221012110,False,101010220212210121101021110121,False,1010102202122101211010211101211100111121,False,10101022021221012110102111012111001111211111221212,False,101010220212210121101021110121110011112111112212122102212022,False,1010102202122101211010211101211100111121111122121221022120222101221012,False
178296,178296,0.251342776575205,110111101101,1022120211,False,10221202111120200000,False,102212021111202000002010011102,False,1022120211112020000020100111022011202111,False,10221202111120200000201001110220112021110010111101,False,102212021111202000002010011102201120211100101111010001002100,False,1022120211112020000020100111022011202111001011110100010021000122111222,False
178620,178620,0.672582933727415,001010001101,2002112021,False,20021120210210202020,False,200211202102102020202210122220,False,2002112021021020202022101222200112222222,False,20021120210210202020221012222001122222222122202110,False,200211202102102020202210122220011222222221222021101201000022,False,2002112021021020202022101222200112222222212220211012010000220002210102,False
178706,178706,0.932541740872754,011110001011,2210012210,False,22100122100020020211,False,221001221000200202110021020000,False,2210012210002002021100210200001002100122,False,22100122100020020211002102000010021001220212201112,False,221001221000200202110021020000100210012202122011120122100211,False,2210012210002002021100210200001002100122021220111201221002112202202011,False
178872,178872,0.666880833734689,110010000101,2002011201,False,20020112012202212012,False,200201120122022120122010011210,False,2002011201220221201220100112101001200002,False,20020112012202212012201001121010012000020001211121,False,200201120122022120122010011210100120000200012111210010020111,False,2002011201220221201220100112101001200002000121112100100201111200100221,False
179180,179180,0.993244933743579,110010000111,2222101211,False,22221012111020000112,False,222210121110200001121212200012,False,2222101211102000011212122000121211021002,False,22221012111020000112121220001212110210020002101020,False,222210121110200001121212200012121102100200021010201200012120,False,2222101211102000011212122000121211021002000210102012000121200002120112,False
179322,179322,0.585269940890536,100010011101,1220100200,False,12201002000001021010,False,122010020000010210100112021001,False,1220100200000102101001120210012122001210,False,12201002000001021010011202100121220012102111001211,False,122010020000010210100112021001212200121021110012111100200022,False,1220100200000102101001120210012122001210211100121111002000222000200000,False
179460,179460,0.653575933751662,100000011001,2001100201,False,20011002012001121022,False,200110020120011210220122002211,False,2001100201200112102201220022112200102202,False,20011002012001121022012200221122001022022022221100,False,200110020120011210220122002211220010220220222211001000221201,False,2001100201200112102201220022112200102202202222110010002212011101101000,False
179498,179498,0.628906569467044,111110100011,1222212202,False,12222122021210111001,False,122221220212101110011022110010,False,1222212202121011100110221100101011121011,False,12222122021210111001102211001010111210112022101021,False,122221220212101110011022110010101112101120221010212200201010,False,1222212202121011100110221100101011121011202210102122002010101022011202,False
179520,179520,0.509361148039108,011000100101,1202020201,False,12020202011010110111,False,120202020110101101112002110001,False,1202020201101011011120021100012002101201,False,12020202011010110111200211000120021012010200122011,False,120202020110101101112002110001200210120102001220111012020022,False,1202020201101011011120021100012002101201020012201110120200222212000110,False
179552,179552,0.699113262325746,011001110011,2011012102,False,20110121020011012001,False,201101210200110120012121121120,False,2011012102001101200121211211200112221011,False,20110121020011012001212112112001122210110122101122,False,201101210200110120012121121120011222101101221011221112212021,False,2011012102001101200121211211200112221011012210112211122120212002012000,False
179822,179822,0.050146726619254,001001000011,1001112021,False,10011120212101122211,False,100111202121011222111201111101,False,1001112021210112221112011111010120120100,False,10011120212101122211120111110101201201001201211100,False,100111202121011222111201111101012012010012012111002100122111,False,1001112021210112221112011111010120120100120121110021001221111012202100,False
179828,179828,0.835725248047999,110101100111,2111121212,False,21111212121110021021,False,211112121211100210211112012201,False,2111121212111002102111120122010110220101,False,21111212121110021021111201220101102201012010000000,False,211112121211100210211112012201011022010120100000000120212110,False,2111121212111002102111120122010110220101201000000001202121102022122012,False
180216,180216,0.636469633773484,011111001001,2000022220,False,20000222200221211222,False,200002222002212112221200221201,False,2000022220022121122212002212010101110120,False,20000222200221211222120022120101011101201111112211,False,200002222002212112221200221201010111012011111122110202210221,False,2000022220022121122212002212010101110120111111221102022102210021201002,False
180468,180468,0.630767533780758,010001100001,1222222201,False,12222222012221210002,False,122222220122212100020121222101,False,1222222201222121000201212221012220211020,False,12222222012221210002012122210122202110202020111021,False,122222220122212100020121222101222021102020201110211021110220,False,1222222201222121000201212221012220211020202011102110211102200122110100,False
180494,180494,0.034941126638652,010110101111,1001001112,False,10010011120202201002,False,100100111202022010022000022121,False,1001001112020220100220000221210122022221,False,10010011120202201002200002212101220222212012002222,False,100100111202022010022000022121012202222120120022220100222102,False,1001001112020220100220000221210122022221201200222201002221020022112210,False
180522,180522,0.700974226639460,011110010001,2011022121,False,20110221212122120120,False,201102212121221201201020022201,False,2011022121212212012010200222010220120021,False,20110221212122120120102002220102201200210221122201,False,201102212121221201201020022201022012002102211222011020102210,False,2011022121212212012010200222010220120021022112220110201022101012222212,False
180848,180848,0.384073890934585,101101010011,1112011200,False,11120112000120110101,False,111201120001201101012112221021,False,1112011200012011010121122210211120002022,False,11120112000120110101211222102111200020221001122221,False,111201120001201101012112221021112000202210011222212200011002,False,1112011200012011010121122210211120002022100112222122000110020201210000,False
181178,181178,0.590892569515539,010010010111,1220200021,False,12202000210000010122,False,122020002100000101221020201010,False,1220200021000001012210202010102010212120,False,12202000210000010122102020101020102121202201022001,False,122020002100000101221020201010201021212022010220011001000022,False,1220200021000001012210202010102010212120220102200110010000221210101022,False
181404,181404,0.181016876664920,110101011001,1012221101,False,10122211011222011111,False,101222110112220111111001121002,False,1012221101122201111110011210022022000101,False,10122211011222011111100112100220220001011020200010,False,101222110112220111111001121002202200010110202000100021021200,False,1012221101122201111110011210022022000101102020001000210212000010222222,False
181826,181826,0.433372883819958,111101110111,1121110112,False,11211101121222011020,False,112111011212220110202121201112,False,1121110112122201102021212011120021010002,False,11211101121222011020212120111200210100021121000200,False,112111011212220110202121201112002101000211210002002022220111,False,1121110112122201102021212011120021010002112100020020222201111121012212,False
181914,181914,0.955191198108213,110001111101,2212002221,False,22120022211122211221,False,221200222111222112210022010002,False,2212002221112221122100220100020120000111,False,22120022211122211221002201000201200001112122012001,False,221200222111222112210022010002012000011121220120010100010100,False,2212002221112221122100220100020120000111212201200101000101001200200001,False
182096,182096,0.784406348113466,111100000111,2100220202,False,21002202022212111102,False,210022020222121111020122122221,False,2100220202221211110201221222211112122002,False,21002202022212111102012212222111121220021102202201,False,210022020222121111020122122221111212200211022022012120020201,False,2100220202221211110201221222211112122002110220220121200202011211100110,False
182270,182270,0.566183469547060,110011101011,1212021220,False,12120212200100222202,False,121202122001002222020120221200,False,1212021220010022220201202212002121212011,False,12120212200100222202012022120021212120110210000111,False,121202122001002222020120221200212121201102100001111120001002,False,1212021220010022220201202212002121212011021000011111200010020220100011,False
182582,182582,0.416266583841781,100001000111,1120122200,False,11201222002020010012,False,112012220020200100122101022212,False,1120122200202001001221010222121011220121,False,11201222002020010012210102221210112201211111010212,False,112012220020200100122101022212101122012111110102122120012100,False,1120122200202001001221010222121011220121111101021221200121002212212221,False
182628,182628,0.439035248128823,101000110001,1121201212,False,11212012121010200202,False,112120121210102002020220002111,False,1121201212101020020202200021110102000021,False,11212012121010200202022000211101020000210000102020,False,112120121210102002020220002111010200002100001020202001002002,False,1121201212101020020202200021110102000021000010202020010020020112200202,False
182898,182898,0.790068712422331,100000100001,2101022112,False,21010221122011110022,False,210102211220111100220020012010,False,2101022112201111002200200120100000221210,False,21010221122011110022002001201000002212100011212011,False,210102211220111100220020012010000022121000112120110100010010,False,2101022112201111002200200120100000221210001121201101000100102200012101,False
182900,182900,0.051928219565246,100001100011,1001120210,False,10011202101121222110,False,100112021011212221101202202021,False,1001120210112122211012022020211000102110,False,10011202101121222110120220202110001021101002011021,False,100112021011212221101202202021100010211010020110212111001101,False,1001120210112122211012022020211000102110100201102121110011012012002101,False
182994,182994,0.359325055282245,100110001101,1111001212,False,11110012120021101120,False,111100121200211011201000001100,False,1111001212002110112010000011001112202002,False,11110012120021101120100000110011122020021221120011,False,111100121200211011201000001100111220200212211200111010112022,False,1111001212002110112010000011001112202002122112001110101120222012220020,False
183284,183284,0.328953591004901,100111110111,1102202100,False,11022021001121022001,False,110220210011210220012010101011,False,1102202100112102200120101010110221111001,False,11022021001121022001201010101102211110011022200211,False,110220210011210220012010101011022111100110222002111201121111,False,1102202100112102200120101010110221111001102220021112011211111222210202,False
183480,183480,0.991185291010559,001101001101,2222012220,False,22220122202210112020,False,222201222022101120200222220000,False,2222012220221011202002222200000221211222,False,22220122202210112020022222000002212112221212212102,False,222201222022101120200222220000022121122212122121020222100120,False,2222012220221011202002222200000221211222121221210202221001201111110121,False
183554,183554,0.679987055298409,000110000111,2002222201,False,20022222012112020100,False,200222220121120201002120000202,False,2002222201211202010021200002021220101101,False,20022222012112020100212000020212201011012211001010,False,200222220121120201002120000202122010110122110010100110001211,False,2002222201211202010021200002021220101101221100101001100012112221200120,False
183624,183624,0.845069805300430,011101110101,2112022201,False,21120222010120112222,False,211202220101201122220220001001,False,2112022201012011222202200010010111212002,False,21120222010120112222022000100101112120022100020210,False,211202220101201122220220001001011121200221000202101220000102,False,2112022201012011222202200010010111212002210002021012200001021122101210,False
183734,183734,0.247342698160748,010111001111,1022102121,False,10221021212022111100,False,102210212120221111002212201120,False,1022102121202211110022122011200210122211,False,10221021212022111100221220112002101222111122111222,False,102210212120221111002212201120021012221111221112221200201012,False,1022102121202211110022122011200210122211112211122212002010122002002210,False
183788,183788,0.317549391019450,111110011111,1102021022,False,11020210222100120202,False,110202102221001202022012212200,False,1102021022210012020220122122000210121202,False,11020210222100120202201221220002101212020000100121,False,110202102221001202022012212200021012120200001001210200221122,False,1102021022210012020220122122000210121202000010012102002211220200011110,False
183894,183894,0.196103269593938,010100100101,1020111020,False,10201110202221012001,False,102011102022210120011102010020,False,1020111020222101200111020100200022022121,False,10201110202221012001110201002000220221212111121201,False,102011102022210120011102010020002202212121111212011020011212,False,1020111020222101200111020100200022022121211112120110200112122011120121,False
183896,183896,0.457962776736853,111101101111,1122122200,False,11221222000220120201,False,112212220002201202012212211022,False,1122122200022012020122122110220102002111,False,11221222000220120201221221102201020021111100011021,False,112212220002201202012212211022010200211111000110212122020111,False,1122122200022012020122122110220102002111110001102121220201111220002210,False
183950,183950,0.528169469595554,010100111111,1210020100,False,12100201001112000000,False,121002010011120000002222212221,False,1210020100111200000022222122210101101012,False,12100201001112000000222221222101011010121211020212,False,121002010011120000002222212221010110101212110202121111211001,False,1210020100111200000022222122210101101012121102021211112110010121210000,False
184182,184182,0.903872298173680,010101011101,2200212210,False,22002122102222212122,False,220021221022222121221102212202,False,2200212210222221212211022122022012222100,False,22002122102222212122110221220220122221001220102122,False,220021221022222121221102212202201222210012201021222120120200,False,2200212210222221212211022122022012222100122010212221201202000201001222,False
184572,184572,0.966476191042080,110101110001,2220001220,False,22200012202102020122,False,222000122021020201220212110200,False,2220001220210202012202121102001210021010,False,22200012202102020122021211020012100210102120010220,False,222000122021020201220212110200121002101021200102201021110210,False,2220001220210202012202121102001210021010212001022010211102102001112010,False
184580,184580,0.013914219613740,110001010111,1000102020,False,10001020200120120121,False,100010202001201201212212210112,False,1000102020012012012122122101120220221121,False,10001020200120120121221221011202202211212011121121,False,100010202001201201212212210112022022112120111211210001202212,False,1000102020012012012122122101120220221121201112112100012022121011211102,False
184754,184754,0.795691341047334,000101111011,2101201022,False,21012010220201120010,False,210120102202011200100121011220,False,2101201022020112001001210112201120001211,False,21012010220201120010012101122011200012112202122111,False,210120102202011200100121011220112000121122021221110211122022,False,2101201022020112001001210112201120001211220212211102111220222020121222,False
184898,184898,0.649575855337205,110010110011,2001010011,False,20010100112011111200,False,200101001120111112002101101012,False,2001010011201111120021011010122122212211,False,20010100112011111200210110101221222122111210222201,False,200101001120111112002101101012212221221112102222011001011001,False,2001010011201111120021011010122122212211121022220110010110011102021202,False
184938,184938,0.886765998195502,011011001101,2122112011,False,21221120112110112112,False,212211201121101121120021101212,False,2122112011211011211200211012120111001122,False,21221120112110112112002110121201110011221022220002,False,212211201121101121120021101212011100112210222200021111101002,False,2122112011211011211200211012120111001122102222000211111010022210102201,False
185168,185168,0.000609319630713,010010000011,1000000111,True,10000001110112121101,False,100000011101121211010220122221,False,1000000111011212110102201222212002010110,False,10000001110112121101022012222120020101101120211201,False,100000011101121211010220122221200201011011202112012212002000,False,1000000111011212110102201222212002010110112021120122120020001020102200,False
185174,185174,0.786187841059457,101010100111,2101001011,False,21010010110201121211,False,210100101102011212111021110112,False,2101001011020112121110211101122201001012,False,21010010110201121211102111011222010010122002112220,False,210100101102011212111021110112220100101220021122200212200202,False,2101001011020112121110211101122201001012200211222002122002022221020201,False
185352,185352,0.091683976778881,110010100101,1002212020,False,10022120202120120122,False,100221202021201201221102021012,False,1002212020212012012211020210121012120102,False,10022120202120120122110202101210121201022102111202,False,100221202021201201221102021012101212010221021112022222101120,False,1002212020212012012211020210121012120102210211120222221011202200001220,False
185382,185382,0.019576583922604,001101010001,1000120211,False,10001202112201121120,False,100012021122011211200221011012,False,1000120211220112112002210110120000201000,False,10001202112201121120022101101200002010002210200112,False,100012021122011211200221011012000020100022102001121121000211,False,1000120211220112112002210110120000201000221020011211210002110202102001,False
185714,185714,0.488254769646474,010000110111,1201011110,False,12010111102122010020,False,120101111021220100200012201210,False,1201011110212201002000122012102121100000,False,12010111102122010020001220121021211000000221111021,False,120101111021220100200012201210212110000002211110211022110221,False,1201011110212201002000122012102121100000022111102110221102211111021121,False
186158,186158,0.621065355373576,000010101011,1222102021,False,12221020212001201220,False,122210202120012012200012111200,False,1222102021200120122000121112000100202100,False,12221020212001201220001211120001002021002210221002,False,122210202120012012200012111200010020210022102210020202112100,False,1222102021200120122000121112000100202100221022100202021121002000212221,False
186194,186194,0.334536483946043,000110010011,1102222210,False,11022222101001000122,False,110222221010010001222121200200,False,1102222210100100012221212002001012221020,False,11022222101001000122212120020010122210201200121022,False,110222221010010001222121200200101222102012001210220221122222,False,1102222210100100012221212002001012221020120012102202211222220101111111,False
186212,186212,0.691272048232277,001111111011,2010200221,False,20102002210101021122,False,201020022101010211221000122100,False,2010200221010102112210001221002110212010,False,20102002210101021122100012210021102120101210222111,False,201020022101010211221000122100211021201012102221112022102120,False,2010200221010102112210001221002110212010121022211120221021200100020012,False
186300,186300,0.213090362520532,001011100001,1021010021,False,10210100212200101112,False,102101002122001011121021001002,False,1021010021220010111210210010022012220122,False,10210100212200101112102100100220122201222020112221,False,102101002122001011121021001002201222012220201122210020120221,False,1021010021220010111210210010022012220122202011222100201202210102201211,False
186788,186788,0.106810105391761,011000100011,1010100202,False,10101002021220002211,False,101010020212200022112101212122,False,1010100202122000221121012121221121001211,False,10101002021220002211210121212211210012110120212210,False,101010020212200022112101212122112100121101202122100010222120,False,1010100202122000221121012121221121001211012021221000102221202002012012,False
186840,186840,0.915157291107548,010011010001,2201210100,False,22012101002102102210,False,220121010021021022101221100112,False,2201210100210210221012211001120022101211,False,22012101002102102210122110011200221012112110000211,False,220121010021021022101221100112002210121121100002111121022000,False,2201210100210210221012211001120022101211211000021111210220001020120002,False
187274,187274,0.738670341120075,010101100011,2020210012,False,20202100121121110211,False,202021001211211102110011222222,False,2020210012112111021100112222221212120101,False,20202100121121110211001122222212121201010000102220,False,202021001211211102110011222222121212010100001022200121211000,False,2020210012112111021100112222221212120101000010222001212110000020200101,False
187398,187398,0.973959783980798,111000111001,2220201022,False,22202010221222001110,False,222020102212220011100021022011,False,2220201022122200111000210220110121101121,False,22202010221222001110002102201101211011210212200200,False,222020102212220011100021022011012110112102122002000222202102,False,2220201022122200111000210220110121101121021220020002222021020022210221,False
187812,187812,0.178877762564177,111100010001,1012212022,False,10122120220212102102,False,101221202202121021021010021010,False,1012212022021210210210100210102112002211,False,10122120220212102102101002101021120022112120112200,False,101221202202121021021010021010211200221121201122001221001011,False,1012212022021210210210100210102112002211212011220012210010111200100120,False
188016,188016,0.888547491141494,011000101101,2122122221,False,21221222212220201022,False,212212222122202010221202020212,False,2122122221222020102212020202122112020102,False,21221222212220201022120202021221120201022210202110,False,212212222122202010221202020212211202010222102021100202120201,False,2122122221222020102212020202122112020102221020211002021202012220120211,False
188082,188082,0.529911226857685,111100000001,1210022211,False,12100222112120101020,False,121002221121201010201212112111,False,1210022211212010102012121121110022202022,False,12100222112120101020121211211100222020220021202101,False,121002221121201010201212112111002220202200212021012120110022,False,1210022211212010102012121121110022202022002120210121201100221002020210,False
188732,188732,0.634251048305019,001111100011,2000012022,False,20000120222201000212,False,200001202222010002121221122100,False,2000012022220100021212211221001022101010,False,20000120222201000212122112210010221010101222102122,False,200001202222010002121221122100102210101012221021221022201100,False,2000012022220100021212211221001022101010122210212210222011000200101112,False
188954,188954,0.700656341168570,000101010111,2011022002,False,20110220020010010112,False,201102200200100101122110112111,False,2011022002001001011221101121110211201002,False,20110220020010010112211011211102112010021202101001,False,201102200200100101122110112111021120100212021010011010002012,False,2011022002001001011221101121110211201002120210100110100020122202102202,False
189312,189312,0.573508119750332,110111001101,1212200212,False,12122002121000112101,False,121220021210001121011001121011,False,1212200212100011210110011210112012112020,False,12122002121000112101100112101120121120200201112010,False,121220021210001121011001121011201211202002011120101002121122,False,1212200212100011210110011210112012112020020111201010021211222001200000,False
189780,189780,0.848632791192413,011110010101,2112120221,False,21121202211121110002,False,211212022111211100021102002120,False,2112120221112111000211020021202122122020,False,21121202211121110002110200212021221220201222221102,False,211212022111211100021102002120212212202012222211020011200022,False,2112120221112111000211020021202122122020122222110200112000222021201200,False
190034,190034,0.104790198342602,010011100111,1010021221,False,10100212211201001212,False,101002122112010012122211102002,False,1010021221120100121222111020022101110012,False,10100212211201001212221110200221011100120210121110,False,101002122112010012122211102002210111001202101211101121112012,False,1010021221120100121222111020022101110012021012111011211120122022202000,False
190266,190266,0.480493026920727,001101010101,1200202220,False,12002022200100120011,False,120020222001001200112102200220,False,1200202220010012001121022002201200022121,False,12002022200100120011210220022012000221212000220111,False,120020222001001200112102200220120002212120002201110222011022,False,1200202220010012001121022002201200022121200022011102220110220000110200,False
190532,190532,0.307807476928405,010110101011,1101212022,False,11012120222022222000,False,110121202220222220002111122110,False,1101212022202222200021111221100020102000,False,11012120222022222000211112211000201020000012221120,False,110121202220222220002111122110002010200000122211201010000122,False,1101212022202222200021111221100020102000001222112010100001222002020101,False
190536,190536,0.831526491214235,001100000101,2111022110,False,21110221101210221021,False,211102211012102210211110021000,False,2111022110121022102111100210001102101120,False,21110221101210221021111002100011021011200101120110,False,211102211012102210211110021000110210112001011201100222101011,False,2111022110121022102111100210001102101120010112011002221010111100222022,False
191418,191418,0.311569141239695,101111101101,1102000120,False,11020001200020212200,False,110200012000202122000100110110,False,1102000120002021220001001101102221021210,False,11020001200020212200010011011022210212101212020000,False,110200012000202122000100110110222102121012120200000201111222,False,1102000120002021220001001101102221021210121202000002011112220012111122,False
191772,191772,0.660701905535627,000100111001,2001210110,False,20012101102121210002,False,200121011021212100022021100121,False,2001210110212121000220211001211200022220,False,20012101102121210002202110012112000222200011100012,False,200121011021212100022021100121120002222000111000122201010120,False,2001210110212121000220211001211200022220001110001222010101201201120011,False
191994,191994,0.727107198399178,101010000101,2020000111,False,20200001110112022121,False,202000011101120221212201222102,False,2020000111011202212122012221022221111002,False,20200001110112022121220122210222211110020210110012,False,202000011101120221212201222102222111100202101100121121001211,False,2020000111011202212122012221022221111002021011001211210012112102212121,False
191996,191996,0.988966705542093,111110001111,2222000122,False,22220001221201002111,False,222200012212010021111122122020,False,2222000122120100211111221220202220222110,False,22220001221201002111112212202022202221100001121021,False,222200012212010021111122122020222022211000011210211010102110,False,2222000122120100211111221220202220222110000112102110101021101020211110,False
192032,192032,0.702437834114561,111011110111,2011102011,False,20111020110220021220,False,201110201102200212201211212102,False,2011102011022002122012112121020001101010,False,20111020110220021220121121210200011010101210200212,False,201110201102200212201211212102000110101012102002122200010122,False,2011102011022002122012112121020001101010121020021222000101221111120020,False
192120,192120,0.224256148402816,111111111101,1021112122,False,10211121222201201011,False,102111212222012010111020210121,False,1021112122220120101110202101212222201221,False,10211121222201201011102021012122222012212111121202,False,102111212222012010111020210121222220122121111212020222010012,False,1021112122220120101110202101212222201221211112120202220100122022212111,False
192302,192302,0.053471298408069,011010000111,1001122002,False,10011220022200211220,False,100112200222002112202200110221,False,1001122002220021122022001102211212201021,False,10011220022200211220220011022112122010211212000212,False,100112200222002112202200110221121220102112120002122200112211,False,1001122002220021122022001102211212201021121200021222001122111112120021,False
192372,192372,0.218554048410090,010001110101,1021022211,False,10210222111221221101,False,102102221112212211011122021201,False,1021022211122122110111220212011001010012,False,10210222111221221101112202120110010100120111211011,False,102102221112212211011122021201100101001201112110110111020002,False,1021022211122122110111220212011001010012011121101101110200022001010222,False
192390,192390,0.575289612696324,110100101101,1212210112,False,12122101122020110111,False,121221011220201101111102011020,False,1212210112202011011111020110200011010100,False,12122101122020110111110201102000110101002020010220,False,121221011220201101111102011020001101010020200102202222222011,False,1212210112202011011111020110200011010100202001022022222220110120202002,False
192480,192480,0.358967434127493,111001000101,1111001102,False,11110011021211222220,False,111100110212112222201101212221,False,1111001102121122222011012122212222111102,False,11110011021211222220110121222122221111022102120100,False,111100110212112222201101212221222211110221021201002101111110,False,1111001102121122222011012122212222111102210212010021011111101012020222,False
192696,192696,0.639794205562299,111000010101,2000112021,False,20001120210201122002,False,200011202102011220021001212220,False,2000112021020112200210012122201021211022,False,20001120210201122002100121222010212110220000121010,False,200011202102011220021001212220102121102200001210101121002000,False,2000112021020112200210012122201021211022000012101011210020001022202202,False
192950,192950,0.895951612712488,011101100111,2200020202,False,22000202022000100012,False,220002020220001000122010102111,False,2200020202200010001220101021111112212021,False,22000202022000100012201010211111122120211022222010,False,220002020220001000122010102111111221202110222220102121221120,False,2200020202200010001220101021111112212021102222201021212211201100001222,False
193092,193092,0.487976619859444,010100111101,1201011002,False,12010110021210020002,False,120101100212100200020110110110,False,1201011002121002000201101101102201112120,False,12010110021210020002011011011022011121201202220220,False,120101100212100200020110110110220111212012022202202021200220,False,1201011002121002000201101101102201112120120222022020212002201212220010,False
193104,193104,0.059133662716934,110110100001,1001210221,False,10012102210110120112,False,100121022101101201122102220201,False,1001210221011012011221022202011222201120,False,10012102210110120112210222020112222011202111002210,False,100121022101101201122102220201122220112021110022100200011000,False,1001210221011012011221022202011222201120211100221002000110001200101212,False
193484,193484,0.812440019870760,100000010011,2102220202,False,21022202021001120101,False,210222020210011201012120200100,False,2102220202100112010121202001001101220201,False,21022202021001120101212020010011012202011110000021,False,210222020210011201012120200100110122020111100000211121020210,False,2102220202100112010121202001001101220201111000002111210202100101111102,False
193934,193934,0.730829127026606,010001101011,2020021010,False,20200210101100021112,False,202002101011000211120222120221,False,2020021010110002111202221202211210212200,False,20200210101100021112022212022112102122001210011002,False,202002101011000211120222120221121021220012100110020101221122,False,2020021010110002111202221202211210212200121001100201012211220221201022,False
194130,194130,0.393060827032264,110001010001,1112120201,False,11121202010000021022,False,111212020100000210221210211011,False,1112120201000002102212102110112021210111,False,11121202010000021022121021101120212101112001222012,False,111212020100000210221210211011202121011120012220122222221101,False,1112120201000002102212102110112021210111200122201222222211011200021020,False
194400,194400,0.744094291325772,100001000001,2021011000,False,20210110001010101220,False,202101100010101012202000201210,False,2021011000101010122020002012100022210111,False,20210110001010101220200020121000222101111110210011,False,202101100010101012202000201210002221011111102100112002122111,False,2021011000101010122020002012100022210111111021001120021221111110002221,False
194402,194402,0.005953798468687,100011000011,1000011210,False,10000112100111111211,False,100001121001111112112220022210,False,1000011210011111121122200222101010220112,False,10000112100111111211222002221010102201122222200102,False,100001121001111112112220022210101022011222222001020021011202,False,1000011210011111121122200222101010220112222220010200210112022222101022,False
194526,194526,0.241243241329409,001101011001,1022012020,False,10220120200211010100,False,102201202002110101001122101100,False,1022012020021101010011221011001122221102,False,10220120200211010100112210110011222211022011012110,False,102201202002110101001122101100112222110220110121100110000120,False,1022012020021101010011221011001122221102201101211001100001202022202110,False
195036,195036,0.015417562772702,101001111101,1000110110,True,10001101100200112000,False,100011011002001120000100002102,False,1000110110020011200001000021021122210221,False,10001101100200112000010000210211222102210011221001,False,100011011002001120000100002102112221022100112210011201001110,False,1000110110020011200001000021021122210221001122100112010011101012202112,False
195428,195428,0.339880962784017,000111010011,1110012222,False,11100122222012200000,False,111001222220122000000000011010,False,1110012222201220000000000110102002111011,False,11100122222012200000000001101020021110111222220221,False,111001222220122000000000011010200211101112222202210002001012,False,1110012222201220000000000110102002111011122222022100020010121201201200,False
195444,195444,0.434757019927336,011101101001,1121112022,False,11211120222121212201,False,112111202221212122011110211120,False,1121112022212121220111102111202220102111,False,11211120222121212201111021112022201021111201210220,False,112111202221212122011110211120222010211112012102201121221202,False,1121112022212121220111102111202220102111120121022011212212020222121121,False
195704,195704,0.476492948506270,001001000111,1200120110,False,12001201102101122021,False,120012011021011220211111222011,False,1200120110210112202111112220112021002220,False,12001201102101122021111122201120210022200102001112,False,120012011021011220211111222011202100222001020011121202121002,False,1200120110210112202111112220112021002220010200111212021210021112020011,False
196044,196044,0.992609162801799,011111100101,2222100022,False,22221000221110010201,False,222210002211100102012101200202,False,2222100022111001020121012002022001100220,False,22221000221110010201210120020220011002202002020101,False,222210002211100102012101200202200110022020020201010202000002,False,2222100022111001020121012002022001100220200202010102020000021121202112,False
196256,196256,0.749716919950775,010011011011,2021112020,False,20211120201202110112,False,202111202012021101121221002210,False,2021112020120211011212210022100211010121,False,20211120201202110112122100221002110101210212001001,False,202111202012021101121221002210021101012102120010012011102211,False,2021112020120211011212210022100211010121021200100120111022111110210210,False
196368,196368,0.413849319954008,100110000101,1120112122,False,11201121220211002121,False,112011212202110021211010202002,False,1120112122021100212110102020021202002220,False,11201121220211002121101020200212020022202000020111,False,112011212202110021211010202002120200222020000201112210011200,False,1120112122021100212110102020021202002220200002011122100112001220222101,False
196406,196406,0.389179955669391,001111110111,1112101221,False,11121012210002222102,False,111210122100022221020120100002,False,1112101221000222210201201000020201100102,False,11121012210002222102012010000202011001022210222001,False,111210122100022221020120100002020110010222102220011010201222,False,1112101221000222210201201000020201100102221022200110102012221111212200,False
196854,196854,0.045709555682323,110101000101,1001101112,False,10011011121222120022,False,100110111212221200221201201110,False,1001101112122212002212012011101001201001,False,10011011121222120022120120111010012010011120001100,False,100110111212221200221201201110100120100111200011000101011211,False,1001101112122212002212012011101001201001112000110001010112112012001101,False
196956,196956,0.400544419970981,110100011001,1112220222,False,11122202220202100000,False,111222022202021000002200102221,False,1112220222020210000022001022211212112222,False,11122202220202100000220010222112121122220110210022,False,111222022202021000002200102221121211222201102100220121111022,False,1112220222020210000022001022211212112222011021002201211110221011022111,False
197016,197016,0.256329634258428,001100100101,1022210010,False,10222100100010201220,False,102221001000102012200222011021,False,1022210010001020122002220110211021000010,False,10222100100010201220022201102110210000102111110100,False,102221001000102012200222011021102100001021111101002211002101,False,1022210010001020122002220110211021000010211111010022110021012202001100,False
197070,197070,0.326536327117129,110100010101,1102122120,False,11021221201211021100,False,110212212012110211000221002101,False,1102122120121102110002210021011221220221,False,11021221201211021100022100210112212202210011112202,False,110212212012110211000221002101122122022100111122022012211101,False,1102122120121102110002210021011221220221001111220220122111011021112112,False
197304,197304,0.964098662838169,001101011101,2212212102,False,22122121021000200012,False,221221210210002000122200220222,False,2212212102100020001222002202222121020010,False,22122121021000200012220022022221210200100021020102,False,221221210210002000122200220222212102001000210201022212120111,False,2212212102100020001222002202222121020010002102010222121201111202022112,False
197390,197390,0.224057469983509,001000111011,1021112110,False,10211121101020112200,False,102111211010201122002102212010,False,1021112110102011220021022120100211120212,False,10211121101020112200210221201002111202121112100102,False,102111211010201122002102212010021112021211121001022210021211,False,1021112110102011220021022120100211120212111210010222100212111000001022,False
197558,197558,0.220256069988359,101001111111,1021101120,False,10211011201110200122,False,102110112011102001220211211210,False,1021101120111020012202112112101200112002,False,10211011201110200122021121121012001120021220200220,False,102110112011102001220211211210120011200212202002200200210202,False,1021101120111020012202112112101200112002122020022002002102021110022002,False
197604,197604,0.243024734275401,101110111001,1022021002,False,10220210021121102020,False,102202100211211020200102211202,False,1022021002112110202001022112020102021211,False,10220210021121102020010221120201020212110112102121,False,102202100211211020200102211202010202121101121021211201011220,False,1022021002112110202001022112020102021211011210212112010112202112011200,False
197694,197694,0.026702555706570,001101110001,1000210200,False,10002102002220110021,False,100021020022201100211012022101,False,1000210200222011002110120221011111002211,False,10002102002220110021101202210111110022111121120120,False,100021020022201100211012022101111100221111211201200211101121,False,1000210200222011002110120221011111002211112112012002111011212011201112,False
197702,197702,0.074140584278229,011001010111,1002021212,False,10020212120221122121,False,100202121202211221210101101001,False,1002021212022112212101011010011211120202,False,10020212120221122121010110100112111202021220020111,False,100202121202211221210101101001121112020212200201112021120222,False,1002021212022112212101011010011211120202122002011120211202220012012100,False
197858,197858,0.499182141425590,010100010011,1201201112,False,12012011121000100220,False,120120111210001002200101000122,False,1201201112100010022001010001222022201212,False,12012011121000100220010100012220222012120210220010,False,120120111210001002200101000122202220121202102200102012121110,False,1201201112100010022001010001222022201212021022001020121211102021120221,False
197874,197874,0.594058198568909,100100101001,1220212010,False,12202120100201212200,False,122021201002012122002102000121,False,1220212010020121220021020001211202220100,False,12202120100201212200210200012112022201001121220001,False,122021201002012122002102000121120222010011212200010110002001,False,1220212010020121220021020001211202220100112122000101100020012011021201,False
197876,197876,0.855917705711824,101101111011,2120010211,False,21200102110222111121,False,212001021102221111210012200211,False,2120010211022211112100122002110100212110,False,21200102110222111121001220021101002121102011112001,False,212001021102221111210012200211010021211020111120011121002202,False,2120010211022211112100122002110100212110201111200111210022020212201022,False
198090,198090,0.874884970003715,000001111001,2121121010,False,21211210101222002012,False,212112101012220020120022020220,False,2121121010122200201200220202201001100101,False,21211210101222002012002202022010011001010121021222,False,212112101012220020120022020220100110010101210212220202000122,False,2121121010122200201200220202201001100101012102122202020001220220011221,False
198290,198290,0.060835684295202,111010000011,1001212101,False,10012121011101211001,False,100121210111012110010020210222,False,1001212101110121100100202102221011022000,False,10012121011101211001002021022210110220000222220111,False,100121210111012110010020210222101102200002222201110012200010,False,1001212101110121100100202102221011022000022222011100122000102010211221,False
198474,198474,0.151910341443371,101010100101,1011220101,False,10112201012202211120,False,101122010122022111201021212110,False,1011220101220221112010212121101221222020,False,10112201012202211120102121211012212220200011100101,False,101122010122022111201021212110122122202000111001012122202112,False,1011220101220221112010212121101221222020001110010121222021122220020002,False
198476,198476,0.413769848586286,111111101111,1120112112,False,11201121121200210002,False,112011211212002100021201111021,False,1120112112120021000212011110212121121222,False,11201121121200210002120111102121211212220012210112,False,112011211212002100021201111021212112122200122101121112200101,False,1120112112120021000212011110212121121222001221011211122001012212022010,False
198528,198528,0.222117034302072,010010010101,1021110110,False,10211101102101211210,False,102111011021012112102212111220,False,1021110110210121121022121112202011221200,False,10211101102101211210221211122020112212001011021022,False,102111011021012112102212111220201122120010110210221001111022,False,1021110110210121121022121112202011221200101102102210011110222220110011,False
198530,198530,0.483976541444987,110110111111,1200221122,False,12002211220012110102,False,120022112200121101020211100112,False,1200221122001211010202111001122220121020,False,12002211220012110102021110011222201210201112200202,False,120022112200121101020211100112222012102011122002020101222202,False,1200221122001211010202111001122220121020111220020201012222022212121012,False
198674,198674,0.337861055734858,101110010111,1110010122,False,11100101221001220201,False,111001012210012202011121101121,False,1110010122100122020111211011210110220002,False,11100101221001220201112110112101102200022112100110,False,111001012210012202011121101121011022000221121001100112021112,False,1110010122100122020111211011210110220002211210011001120211122121102102,False
198762,198762,0.859679370023113,111011011101,2120102120,False,21201021200011211111,False,212010212000112111111111110201,False,2120102120001121111111111102010120222202,False,21201021200011211111111111020101202222021110221001,False,212010212000112111111111110201012022220211102210012110022021,False,2120102120001121111111111102010120222202111022100121100220211222120020,False
198776,198776,0.692695920023517,010111000011,2010210100,False,20102101002221021021,False,201021010022210210212210222100,False,2010210100222102102122102221000210200211,False,20102101002221021021221022210002102002111212021021,False,201021010022210210212210222100021020021112120210210110201122,False,2010210100222102102122102221000210200211121202102101102011222212002221,False
199014,199014,0.853977270030387,000001010101,2112222211,False,21122222112222012222,False,211222221122220122221202012020,False,2112222211222201222212020120201002110101,False,21122222112222012222120201202010021101011211002120,False,211222221122220122221202012020100211010112110021200221010020,False,2112222211222201222212020120201002110101121100212002210100201120010011,False
199016,199016,0.115836777173302,000011111111,1010122221,False,10101222210122122122,False,101012222101221221222102222022,False,1010122221012212212221022220222111002111,False,10101222210122122122210222202221110021112010211010,False,101012222101221221222102222022211100211120102110102102011102,False,1010122221012212212221022220222111002111201021101021020111022200201102,False
199032,199032,0.210712834316621,111000001101,1021000220,False,10210002200000110111,False,102100022000001101111222220102,False,1021000220000011011112222201021121101120,False,10210002200000110111122222010211211011202211101000,False,102100022000001101111222220102112110112022111010001012201111,False,1021000220000011011112222201021121101120221110100010122011112001121221,False
199152,199152,0.922283262891513,010011110001,2202101000,False,22021010001210012121,False,220210100012100121211011002201,False,2202101000121001212110110022012002202221,False,22021010001210012121101100220120022022212121220201,False,220210100012100121211011002201200220222121212202011011202112,False,2202101000121001212110110022012002202221212122020110112021122220002111,False
199160,199160,0.969721291463173,000011010111,2220100110,False,22201001100012210020,False,222010011000122100201110002122,False,2220100110001221002011100021221221010222,False,22201001100012210020111000212212210102220110001011,False,222010011000122100201110002122122101022201100010110021210102,False,2220100110001221002011100021221221010222011000101100212101021221221022,False
199280,199280,0.681291720038065,101010101011,2010001221,False,20100012211022010100,False,201000122110220101001011200002,False,2010001221102201010010112000020111210110,False,20100012211022010100101120000201112101100101002221,False,201000122110220101001011200002011121011001010022212101021220,False,2010001221102201010010112000020111210110010100222121010212201021210022,False
199284,199284,0.205010734323895,000000000101,1020211011,False,10202110110012210222,False,102021101100122102221200202201,False,1020211011001221022212002022010212011201,False,10202110110012210222120020220102120112010112222202,False,102021101100122102221200202201021201120101122222020212002200,False,1020211011001221022212002022010212011201011222220202120022001102121121,False
199286,199286,0.466870241466810,000000001111,1200002112,False,12000021121021202022,False,120000211210212020221021000121,False,1200002112102120202210210001212010220021,False,12000021121021202022102100012120102200211201222200,False,120000211210212020221021000121201022002112012222000010210120,False,1200002112102120202210210001212010220021120122220000102101201220111011,False
199316,199316,0.394762848610533,101110010011,1112122210,False,11121222102012201220,False,111212221020122012201220220021,False,1112122210201220122012202200210020002220,False,11121222102012201220122022002100200022201211202120,False,111212221020122012201220220021002000222012112021201121201220,False,1112122210201220122012202200210020002220121120212011212012200102122220,False
199734,199734,0.123399841479742,110000011101,1010220211,False,10102202112012010211,False,101022021120120102110122110100,False,1010220211201201021101221101001222222101,False,10102202112012010211012211010012222221011201021100,False,101022021120120102110122110100122222210112010211001111111201,False,1010220211201201021101221101001222222101120102110011111112011111221202,False
200124,200124,0.186003734348142,011100110001,1020010021,False,10200100211201220201,False,102001002112012202010001002121,False,1020010021120122020100010021212220112011,False,10200100211201220201000100212122201120110210121110,False,102001002112012202010001002121222011201102101211102011210100,False,1020010021120122020100010021212220112011021012111020112101001102120212,False
200166,200166,0.685053384349354,000011101101,2010022022,False,20100220222012000010,False,201002202220120000101201220121,False,2010022022201200001012012201210020220020,False,20100220222012000010120122012100202200202221120220,False,201002202220120000101201220121002022002022211202202111200112,False,2010022022201200001012012201210020220020222112022021112001120011100101,False
200394,200394,0.537037198641650,010100100001,1210201002,False,12102010022020202102,False,121020100220202021022110002002,False,1210201002202020210221100020020001201220,False,12102010022020202102211000200200012012201000211021,False,121020100220202021022110002002000120122010002110212121000021,False,1210201002202020210221100020020001201220100021102121210000212211102220,False
200396,200396,0.798896705784565,111101100011,2101221110,False,21012211102000000020,False,210122111020000000202021002202,False,2101221110200000002020210022022002022112,False,21012211102000000020202100220220020221121101002201,False,210122111020000000202021002202200202211211010022011110100101,False,2101221110200000002020210022022002022112110100220111101001011202220212,False
200868,200868,0.597740391512475,010011111101,1221001210,False,12210012101102221021,False,122100121011022210211210011010,False,1221001210110222102112100110102102012201,False,12210012101102221021121001101021020122011222202201,False,122100121011022210211210011010210201220112222022011112000220,False,1221001210110222102112100110102102012201122220220111120002200021111002,False
200906,200906,0.573071027227858,100000101111,1212200012,False,12122000121210022111,False,121220001212100221110021222102,False,1212200012121002211100212221020101201221,False,12122000121210022111002122210201012012211211212010,False,121220001212100221110021222102010120122112112120102112220000,False,1212200012121002211100212221020101201221121121201021122200002201101000,False
200936,200936,0.500963634371581,100100110011,1201211000,False,12012110000012102110,False,120121100000121021100211011020,False,1201211000001210211002110110201121122101,False,12012110000012102110021101102011211221010200022110,False,120121100000121021100211011020112112210102000221102110011101,False,1201211000001210211002110110201121122101020002211021100111012122201211,False
201062,201062,0.998112584375218,000111001011,2222211110,False,22222111102001121101,False,222221111020011211012001220122,False,2222211110200112110120012201221221021101,False,22222111102001121101200122012212210211010221120022,False,222221111020011211012001220122122102110102211200220211211120,False,2222211110200112110120012201221221021101022112002202112111200002212202,False
201206,201206,0.851997098665089,100100000011,2112211210,False,21122112102001222200,False,211221121020012222000002010021,False,2112211210200122220000020100211011101210,False,21122112102001222200000201002110111012102201010101,False,211221121020012222000002010021101110121022010101010000200120,False,2112211210200122220000020100211011101210220101010100002001202201211202,False
201212,201212,0.637575620093834,010100100111,2000101200,False,20001012001102020101,False,200010120011020201012201200020,False,2000101200110202010122012000202111210212,False,20001012001102020101220120002021112102121220202222,False,200010120011020201012201200020211121021212202022222201112200,False,2000101200110202010122012000202111210212122020222222011122001201100022,False
201368,201368,0.062617177241194,110010100011,1001220220,False,10012202202002010020,False,100122022020020100201200020000,False,1001220220200201002012000200002112000102,False,10012202202002010020120002000021120001020222212112,False,100122022020020100201200020000211200010202222121122102010111,False,1001220220200201002012000200002112000102022221211221020101111100000021,False
201536,201536,0.058815777246043,010111000111,1001210122,False,10012101222110111221,False,100121012221101112212112110112,False,1001210122211011122121121101120210001101,False,10012101222110111221211211011202100011012120012112,False,100121012221101112212112110112021000110121200121120100100010,False,1001210122211011122121121101120210001101212001211201001000101100011120,False
201764,201764,0.910799591538339,011100111011,2201102211,False,22011022112200001201,False,220110221122000012010011122021,False,2201102211220000120100111220212222101020,False,22011022112200001201001112202122221010201220111021,False,220110221122000012010011122021222210102012201110211221211111,False,2201102211220000120100111220212222101020122011102112212111111122222112,False
202392,202392,0.134684834413609,011010010001,1011022020,False,10110220202202222210,False,101102202022022222101120200102,False,1011022020220222221011202001022011100222,False,10110220202202222210112020010220111002221110120202,False,101102202022022222101120200102201110022211101202022112100020,False,1011022020220222221011202001022011100222111012020221121000202101022011,False
202434,202434,0.633734484414822,101111001101,2000011111,False,20000111111110100212,False,200001111111101002120212122202,False,2000011111111010021202121222021001220021,False,20000111111110100212021212220210012200211222102002,False,200001111111101002120212122202100122002112221020022001012120,False,2000011111111010021202121222021001220021122210200220010121202020112011,False
202718,202718,0.817784498708734,100001010011,2110022020,False,21100220200222121012,False,211002202002221210122122010210,False,2110022020022212101221220102102220111112,False,21100220200222121012212201021022201111121120010011,False,211002202002221210122122010210222011111211200100111101001220,False,2110022020022212101221220102102220111112112001001111010012201122200010,False
202848,202848,0.838652462998201,100110100101,2111211202,False,21112112020211111101,False,211121120202111111012111202221,False,2111211202021111110121112022212202122102,False,21112112020211111101211120222122021221021010111221,False,211121120202111111012111202221220212210210101112211010100022,False,2111211202021111110121112022212202122102101011122110101000221202221220,False
203210,203210,0.235223255865793,101100110111,1021221222,False,10212212220110022020,False,102122122201100220200022112021,False,1021221222011002202000221120212202100121,False,10212212220110022020002211202122021001211221101210,False,102122122201100220200022112021220210012112211012100120011100,False,1021221222011002202000221120212202100121122110121001200111001101222110,False
203274,203274,0.614727484439069,010001011001,1222001021,False,12220010211110020002,False,122200102111100200020021022022,False,1222001021111002000200210220222212100012,False,12220010211110020002002102202222121000120212022221,False,122200102111100200020021022022221210001202120222212021212010,False,1222001021111002000200210220222212100012021202222120212120100102200011,False
203550,203550,0.751339470161322,011100110101,2021122012,False,20211220121211111201,False,202112201212111112010101122112,False,2021122012121111120101011221121120010021,False,20211220121211111201010112211211200100212011021200,False,202112201212111112010101122112112001002120110212000210121101,False,2021122012121111120101011221121120010021201102120002101211011222222000,False
203654,203654,0.368033841592895,111110101011,1111110020,False,11111100202201002101,False,111111002022010021011022220111,False,1111110020220100210110222201112001220020,False,11111100202201002101102222011120012200202121112220,False,111111002022010021011022220111200122002021211122200222112110,False,1111110020220100210110222201112001220020212111222002221121100112010001,False
203696,203696,0.867083491594107,100001110111,2120222212,False,21202222121022111202,False,212022221210221112021101210200,False,2120222212102211120211012102000212021002,False,21202222121022111202110121020002120210021010120210,False,212022221210221112021101210200021202100210101202101212221111,False,2120222212102211120211012102000212021002101012021012122211112211221012,False
203706,203706,0.176381027308682,101110101001,1012202212,False,10122022121222220220,False,101220221212222202201210012220,False,1012202212122222022012100122201010120002,False,10122022121222220220121001222010101200020211011122,False,101220221212222202201210012220101012000202110111222021022001,False,1012202212122222022012100122201010120002021101112220210220010202001121,False
203922,203922,0.457207798743488,101011111001,1122121200,False,11221212000221102212,False,112212120002211022120021120012,False,1122121200022110221200211200122002102122,False,11221212000221102212002112001220021021221000020001,False,112212120002211022120021120012200210212210000200011100212000,False,1122121200022110221200211200122002102122100002000111002120001222210100,False
203966,203966,0.218116955887615,100000000111,1021022101,False,10210221011220211010,False,102102210112202110101221122001,False,1021022101122021101012211220011201212011,False,10210221011220211010122112200112012120110002121001,False,102102210112202110101221122001120121201100021210011012220011,False,1021022101122021101012211220011201212011000212100110122200110212211112,False
204146,204146,0.785472598749954,100001001111,2100222210,False,21002222101201020220,False,210022221012010202200020102020,False,2100222210120102022000201020200002002010,False,21002222101201020220002010202000020020102002102000,False,210022221012010202200020102020000200201020021020000020020001,False,2100222210120102022000201020200002002010200210200000200200010201020101,False
204200,204200,0.855679291608656,101000011111,2120010100,False,21200101000101021022,False,212001010001010210220121022011,False,2120010100010102102201210220110222022011,False,21200101000101021022012102201102220220110121102020,False,212001010001010210220121022011022202201101211020200021202201,False,2120010100010102102201210220110222022011012110202000212022011201210011,False
204516,204516,0.229481420189206,100010001001,1021202000,False,10212020002122120120,False,102120200021221201202200012122,False,1021202000212212012022000121222222100001,False,10212020002122120120220001212222221000010111210022,False,102120200021221201202200012122222210000101112100221100202100,False,1021202000212212012022000121222222100001011121002211002021001101122110,False
204518,204518,0.491340927332121,100110011011,1201022201,False,12010222010112102210,False,120102220101121022100120021112,False,1201022201011210221001200211122222010001,False,12010222010112102210012002111222220100011200101102,False,120102220101121022100120021112222201000112001011020211000010,False,1201022201011210221001200211122222010001120010110202110000101212012021,False
204606,204606,0.013159241620375,110111000001,1000101121,False,10001011211212101112,False,100010112112121011120011100202,False,1000101121121210111200111002022010102020,False,10001011211212101112001110020220101020202210100102,False,100010112112121011120011100202201010202022101001021222010102,False,1000101121121210111200111002022010102020221010010212220101021100021012,False
204792,204792,0.366093405911458,010011100101,1111100221,False,11111002210022011211,False,111110022100220112112200211210,False,1111100221002201121122002112102002210101,False,11111002210022011211220021121020022101010022111020,False,111110022100220112112200211210200221010100221110200010212111,False,1111100221002201121122002112102002210101002211102000102121112201000021,False
205494,205494,0.278780413074579,001001110101,1100200020,False,11002000201021111202,False,110020002010211112020010201112,False,1100200020102111120200102011121011122110,False,11002000201021111202001020111210111221101211012110,False,110020002010211112020010201112101112211012110121102000001121,False,1100200020102111120200102011121011122110121101211020000011210200220211,False
205512,205512,0.635515977360813,101100101101,2000021100,False,20000211002112110212,False,200002110021121102121222122000,False,2000021100211211021212221220001100111121,False,20000211002112110212122212200011001111212101101200,False,200002110021121102121222122000110011112121011012002111102202,False,2000021100211211021212221220001100111121210110120021111022020121011211,False
205658,205658,0.751259998793599,000010011111,2021122001,False,20211220012001202022,False,202112200120012020222000000121,False,2021122001200120202220000001210000111122,False,20211220012001202022200000012100001111220102020210,False,202112200120012020222000000121000011112201020202100100022012,False,2021122001200120202220000001210000111122010202021001000220121221211001,False
205764,205764,0.629813877368087,000000100101,1222221012,False,12222210122022101101,False,122222101220221011012021120001,False,1222221012202210110120211200012011200002,False,12222210122022101101202112000120112000022111000202,False,122222101220221011012021120001201120000221110002021012100220,False,1222221012202210110120211200012011200002211100020210121002202220022220,False
205766,205766,0.891673384511002,000001101111,2122220121,False,21222201212002011212,False,212222012120020112121001002002,False,2122220121200201121210010020020220020010,False,21222201212002011212100100200202200200102022101000,False,212222012120020112121001002002022002001020221010000121011020,False,2122220121200201121210010020020220020010202210100001210110200212102212,False
206214,206214,0.548202984523934,001100111101,1211022100,False,12110221000000010022,False,121102210000000100221121120000,False,1211022100000001002211211200001211022202,False,12110221000000010022112112000012110222020112211121,False,121102210000000100221121120000121102220201122111210121020122,False,1211022100000001002211211200001211022202011221112101210201220211102102,False
206226,206226,0.119360027381423,001110100001,1010210010,False,10102100102201212001,False,101021001022012120012200201211,False,1010210010220121200122002012112222210101,False,10102100102201212001220020121122222101012200021202,False,101021001022012120012200201211222221010122000212021111120011,False,1010210010220121200122002012112222210101220002120211111200112002122122,False
206352,206352,0.616508977385060,110010111001,1222011002,False,12220110020201211220,False,122201100202012112201222212111,False,1222011002020121122012222121110011211202,False,12220110020201211220122221211100112112021220212220,False,122201100202012112201222212111001121120212202122202101210110,False,1222011002020121122012222121110011211202122021222021012101102010101221,False
206442,206442,0.400186798816230,110001110001,1112220112,False,11122201120201212220,False,111222011202012122201100102120,False,1112220112020121222011001021200011021202,False,11122201120201212220110010212000110212020200010101,False,111222011202012122201100102120001102120202000101010111121212,False,1112220112020121222011001021200011021202020001010101111212121102202201,False
206460,206460,0.756922363102464,100111001001,2022000110,False,20220001100011111100,False,202200011000111111001222221102,False,2022000110001111110012222211022210010010,False,20220001100011111100122222110222100100102012212102,False,202200011000111111001222221102221001001020122121021221211211,False,2022000110001111110012222211022210010010201221210212212112111120010020,False
206766,206766,0.821426955968439,100110010001,2110120102,False,21101201020102102011,False,211012010201021020112211210010,False,2110120102010210201122112100100200222211,False,21101201020102102011221121001002002222111021011201,False,211012010201021020112211210010020022221110210112011021212021,False,2110120102010210201122112100100200222211102101120110212120210010012001,False
206970,206970,0.531096684545756,111010101101,1210101112,False,12101011122022100011,False,121010111220221000112110211221,False,1210101112202210001121102112211220110012,False,12101011122022100011211021122112201100121010022120,False,121010111220221000112110211221122011001210100221200201110211,False,1210101112202210001121102112211220110012101002212002011102110210210101,False
207036,207036,0.172460420261947,000110000001,1012122001,False,10121220012221101122,False,101212200122211011222221021120,False,1012122001222110112222210211202101021100,False,10121220012221101122222102112021010211000200202200,False,101212200122211011222221021120210102110002002022000010110012,False,1012122001222110112222210211202101021100020020220000101100122202211001,False
207056,207056,0.791055491691096,111001101011,2101101102,False,21011011021201212022,False,210110110212012120221000202011,False,2101101102120121202210002020110222002222,False,21011011021201212022100020201102220022222112201221,False,210110110212012120221000202011022200222221122012212111010010,False,2101101102120121202210002020110222002222211220122121110100100021120201,False
207092,207092,0.504526620263564,010101010011,1201222221,False,12012222212202022211,False,120122222122020222112100201111,False,1201222221220202221121002011111122201201,False,12012222212202022211210020111111222012010211012100,False,120122222122020222112100201111112220120102110121001111020100,False,1201222221220202221121002011111122201201021101210011110201001202201202,False
207252,207252,0.453287191696754,001001010001,1122102111,False,11221021111112212221,False,112210211111122122212110002112,False,1122102111111221222121100021120220002212,False,11221021111112212221211000211202200022122202021001,False,112210211111122122212110002112022000221222020210010211010112,False,1122102111111221222121100021120220002212220202100102110101120200021120,False
207254,207254,0.715146698839669,011011110011,2012020100,False,20120201000001211221,False,201202010000012112211021010101,False,2012020100000121122110210101010012010211,False,20120201000001211221102101010100120102112200000101,False,201202010000012112211021010101001201021122000001012002111200,False,2012020100000121122110210101010012010211220000010120021112002220101002,False
207530,207530,0.851758684561921,101111100111,2112211022,False,21122110221122100110,False,211221102211221001100212220022,False,2112211022112210011002122200221220100101,False,21122110221122100110021222002212201001011201021112,False,211221102211221001100212220022122010010112010211122100112201,False,2112211022112210011002122200221220100101120102111221001122010102202110,False
207672,207672,0.443783691708877,111010111101,1121222001,False,11212220010102022002,False,112122200101020220022211110001,False,1121222001010202200222111100011102111202,False,11212220010102022002221111000111021112022210201022,False,112122200101020220022211110001110211120222102010222020121020,False,1121222001010202200222111100011102111202221020102220201210200212212010,False
207920,207920,0.914362577430322,110001011011,2201201121,False,22012011212120211002,False,220120112121202110020001120122,False,2201201121212021100200011201221210022100,False,22012011212120211002000112012212100221001101212002,False,220120112121202110020001120122121002210011012120020002101212,False,2201201121212021100200011201221210022100110121200200021012120121021222,False
208550,208550,0.400107327448507,101111010011,1112220102,False,11122201021201211121,False,111222010212012111211111220011,False,1112220102120121112111112200112001012011,False,11122201021201211121111122001120010120112202002120,False,111222010212012111211111220011200101201122020021201120222102,False,1112220102120121112111112200112001012011220200212011202221022112002111,False
209060,209060,0.174281648891800,111001011111,1012200211,False,10122002111212122202,False,101220021112121222020212001110,False,1012200211121212220202120011100101222110,False,10122002111212122202021200111001012221101210021012,False,101220021112121222020212001110010122211012100210121222221222,False,1012200211121212220202120011100101222110121002101212222212220022200022,False
209106,209106,0.197050313178842,111011011001,1020112012,False,10201120121011211111,False,102011201210112111111122201120,False,1020112012101121111111222011200112120120,False,10201120121011211111112220112001121201201110011110,False,102011201210112111111122201120011212012011100111102100121221,False,1020112012101121111111222011200112120120111001111021001212211220011020,False
209376,209376,0.548083777472350,101001001001,1211022011,False,12110220110212211112,False,121102201102122111120221002111,False,1211022011021221111202210021112100201122,False,12110220110212211112022100211121002011222101012212,False,121102201102122111120221002111210020112221010122120202211201,False,1211022011021221111202210021112100201122210101221202022112012220210112,False
209378,209378,0.809943284615265,111011011011,2102201212,False,21022012122011210001,False,210220121220112100010020110100,False,2102201212201121000100201101001010222012,False,21022012122011210001002011010010102220122011121211,False,210220121220112100010020110100101022201220111212110000210022,False,2102201212201121000100201101001010222012201112121100002100221220001200,False
209682,209682,0.612588370338326,111000010001,1221220220,False,12212202202010120110,False,122122022020101201100202001100,False,1221220220201012011002020011000021202121,False,12212202202010120110020200110000212021210120111111,False,122122022020101201100202001100002120212101201111111112011022,False,1221220220201012011002020011000021202121012011111111120110220222222102,False
209868,209868,0.965522534629409,000101110101,2212222201,False,22122222010121212100,False,221222220101212121002101110111,False,2212222201012121210021011101110100120020,False,22122222010121212100210111011101001200202200112211,False,221222220101212121002101110111010012002022001122110220111202,False,2212222201012121210021011101110100120020220011221102201112020000112012,False
209940,209940,0.392464791774345,111110011101,1112112222,False,11121122220111000002,False,111211222201110000021102122011,False,1112112222011100000211021220111122222200,False,11121122220111000002110212201111222222000020000112,False,111211222201110000021102122011112222220000200001121011020201,False,1112112222011100000211021220111122222200002000011210110202010222022101,False
209952,209952,0.963621834631834,111000000001,2212211022,False,22122110221211122112,False,221221102212111221122220202201,False,2212211022121112211222202022012120001221,False,22122110221211122112222020220121200012210211221101,False,221221102212111221122220202201212000122102112211012211101011,False,2212211022121112211222202022012120001221021122110122111010112210122110,False
209976,209976,0.105935920346812,101101000101,1010022222,False,10100222221011010021,False,101002222210110100210010112110,False,1010022222101101002100101121100222210001,False,10100222221011010021001011211002222100011201121020,False,101002222210110100210010112110022221000112011210202022210220,False,1010022222101101002100101121100222210001120112102020222102202211121210,False
210078,210078,0.460770784635471,001100011001,1122210101,False,11222101012122111022,False,112221010121221110220221111110,False,1122210101212211102202211111101021020211,False,11222101012122111022022111111010210202112211011200,False,112221010121221110220221111110102102021122110112000100122021,False,1122210101212211102202211111101021020211221101120001001220212112211200,False
210192,210192,0.386762691781619,101100010101,1112021221,False,11120212212221210212,False,111202122122212102120010122012,False,1112021221222121021200101220120201201022,False,11120212212221210212001012201202012010220220102100,False,111202122122212102120010122012020120102202201021000122201202,False,1112021221222121021200101220120201201022022010210001222012020202001112,False
210518,210518,0.069862356076743,010011011111,1002011011,False,10020110110120022200,False,100201101101200222001000101102,False,1002011011012002220010001011022021021111,False,10020110110120022200100010110220210211111122100222,False,100201101101200222001000101102202102111111221002221100201110,False,1002011011012002220010001011022021021111112210022211002011102220221021,False
210602,210602,0.067961656079168,000011100011,1002002111,False,10020021112120100001,False,100200211121201000010001012011,False,1002002111212010000100010120110202202222,False,10020021112120100001000101201102022022221220121122,False,100200211121201000010001012011020220222212201211221212121201,False,1002002111212010000100010120110202202222122012112212121212010021001110,False
210944,210944,0.845937377517612,001000101011,2112101110,False,21121011102001122211,False,211210111020011222111200011201,False,2112101110200112221112000112010110111022,False,21121011102001122211120001120101101110221211110012,False,211210111020011222111200011201011011102212111100121200201011,False,2112101110200112221112000112010110111022121111001212002010111102200100,False
210980,210980,0.559408506090079,111100010011,1211220211,False,12112202110202022002,False,121122021102020220022211120101,False,1211220211020202200222111201010202011121,False,12112202110202022002221112010102020111212002010211,False,121122021102020220022211120101020201112120020102110101020100,False,1211220211020202200222111201010202011121200201021101010201001102010120,False
211086,211086,0.437962384664568,111101100001,1121200110,False,11212001102110112101,False,112120011021101121010101200111,False,1121200110211011210101012001111111002100,False,11212001102110112101010120011111110021001011201020,False,112120011021101121010101200111111100210010112010201210211212,False,1121200110211011210101012001111111002100101120102012102112122202201022,False
211182,211182,0.007218727524482,000011001101,1000012210,False,10000122102011011212,False,100001221020110112120212200110,False,1000012210201101121202122001102120002220,False,10000122102011011212021220011021200022200012022121,False,100001221020110112120212200110212000222000120221210012202112,False,1000012210201101121202122001102120002220001202212100122021120021201020,False
211650,211650,0.282343398966562,001010010101,1100211010,False,11002110100212012210,False,110021101002120122100210121221,False,1100211010021201221002101212210110201222,False,11002110100212012210021012122101102012220101122101,False,110021101002120122100210121221011020122201011221010100021020,False,1100211010021201221002101212210110201222010112210101000210200210020111,False
211652,211652,0.544202906109477,011110111111,1211002111,False,12110021111010221201,False,121100211110102212011001211120,False,1211002111101022120110012111201121222121,False,12110021111010221201100121112011212221212112012011,False,121100211110102212011001211120112122212121120120111110100122,False,1211002111101022120110012111201121222121211201201111101001221001022122,False
211896,211896,0.491062777545092,010101000001,1201022022,False,12010220222120201021,False,120102202221202010210102100002,False,1201022022212020102101021000022121001212,False,12010220222120201021010210000221210012122212121222,False,120102202221202010210102100002212100121222121212221000120002,False,1201022022212020102101021000022121001212221212122210001200021102012221,False
211898,211898,0.752922284688007,111111000011,2021202002,False,20212020022102221200,False,202120200221022212001120010010,False,2021202002210222120011200100102110102111,False,20212020022102221200112001001021101021112211111122,False,202120200221022212001120010010211010211122111111220100202010,False,2021202002210222120011200100102110102111221111112201002020100212221220,False
211970,211970,0.179864541832942,110010111011,1012220021,False,10122200210211021120,False,101222002102110211200022212202,False,1012220021021102112000222122020212122011,False,10122200210211021120002221220202121220110101112200,False,101222002102110211200022212202021212201101011122000021220011,False,1012220021021102112000222122020212122011010111220000212200110102110101,False
212240,212240,0.530898006126450,110000001011,1210101021,False,12101010210012201101,False,121010102100122011010200102021,False,1210101021001220110102001020210010222122,False,12101010210012201101020010202100102221220200100202,False,121010102100122011010200102021001022212202001002020102110120,False,1210101021001220110102001020210010222122020010020201021101201211111202,False
212298,212298,0.124823713270981,010000110101,1010222011,False,10102220110001102222,False,101022201100011022220101002121,False,1010222011000110222201010021210202122012,False,10102220110001102222010100212102021220122011222001,False,101022201100011022220101002121020212201220112220011110200021,False,1010222011000110222201010021210202122012201122200111102000212122220021,False
212454,212454,0.549865270418342,110010101001,1211101202,False,12111012022010012210,False,121110120220100122102022002021,False,1211101202201001221020220020211222201201,False,12111012022010012210202200202112222012010212221101,False,121110120220100122102022002021122220120102122211010220021222,False,1211101202201001221020220020211222201201021222110102200212222201000022,False
212856,212856,0.183626206144231,101000011101,1020000221,False,10200002211210002101,False,102000022112100021010201012020,False,1020000221121000210102010120202102001221,False,10200002211210002101020101202021020012211010112201,False,102000022112100021010201012020210200122110101122010211220200,False,1020000221121000210102010120202102001221101011220102112202002212211221,False
213416,213416,0.504288206160396,101010110111,1201222121,False,12012221212211112012,False,120122212122111120120001101110,False,1201222121221111201200011011101112200001,False,12012221212211112012000110111011122000012102122010,False,120122212122111120120001101110111220000121021220101112000202,False,1201222121221111201200011011101112200001210212201011120002021110012220,False
213434,213434,0.861023770446630,101101011111,2120112022,False,21201120222121101202,False,212011202221211012021122112211,False,2120112022212110120211221122111112211100,False,21201120222121101202112211221111122111002202212202,False,212011202221211012021122112211111221110022022122021201211222,False,2120112022212110120211221122111112211100220221220212012112221002222220,False
213480,213480,0.883792434733672,000111011001,2122021212,False,21220212122021210021,False,212202121220212100212211220001,False,2122021212202121002122112200012111122112,False,21220212122021210021221122000121111221122012212120,False,212202121220212100212211220001211112211220122121202122220102,False,2122021212202121002122112200012111122112201221212021222201021120222111,False
213698,213698,0.426478713311393,011010001011,1121010200,False,11210102001201120112,False,112101020012011201121021102201,False,1121010200120112011210211022011001010201,False,11210102001201120112102110220110010102011011110101,False,112101020012011201121021102201100101020110111101011222100002,False,1121010200120112011210211022011001010201101111010112221000020012212100,False
213866,213866,0.422677313316243,000010001111,1120221211,False,11202212111120002102,False,112022121111200021022102121122,False,1120221211112000210221021211221021212020,False,11202212111120002102210212112210212120201020011111,False,112022121111200021022102121122102121202010200111112022001200,False,1120221211112000210221021211221021212020102001111120220012000021212012,False
213990,213990,0.657966756176965,001011111101,2001121221,False,20011212212111121100,False,200112122121111211001210101010,False,2001121221211112110012101010100201001112,False,20011212212111121100121010101002010011120000022020,False,200112122121111211001210101010020100111200000220202000102111,False,2001121221211112110012101010100201001112000002202020001021112221001120,False
214028,214028,0.633297391892348,001000101111,2000010210,False,20000102101120211120,False,200001021011202111201122002210,False,2000010210112021112011220022102222110122,False,20000102101120211120112200221022221101220010112011,False,200001021011202111201122002210222211012200101120112202220000,False,2000010210112021112011220022102222110122001011201122022200002211010220,False
214184,214184,0.058338949039708,101111001011,1001210020,False,10012100202110211001,False,100121002021102110012201022021,False,1001210020211021100122010220211111220102,False,10012100202110211001220102202111112201022122200010,False,100121002021102110012201022021111122010221222000101110112210,False,1001210020211021100122010220211111220102212220001011101122102121221211,False
214260,214260,0.009000220470473,000000101101,1000021020,False,10000210201202110120,False,100002102012021101201210112110,False,1000021020120211012012101121100011210201,False,10000210201202110120121011211000112102012111000210,False,100002102012021101201210112110001121020121110002101222022211,False,1000021020120211012012101121100011210201211100021012220222111202211201,False
214820,214820,0.329662220486638,000001100111,1102210011,False,11022100111121111211,False,110221001111211112111121210000,False,1102210011112111121111212100000220121212,False,11022100111121111211112121000002201212121012211202,False,110221001111211112111121210000022012121210122112020011202000,False,1102210011112111121111212100000220121212101221120200112020002011221222,False
214892,214892,0.756604477631573,000111011111,2021222212,False,20212222120210211012,False,202122221202102110121000211211,False,2021222212021021101210002112110200201112,False,20212222120210211012100021121102002011122210022000,False,202122221202102110121000211211020020111222100220000202002101,False,2021222212021021101210002112110200201112221002200002020021011002212112,False
214974,214974,0.492844270491083,110010100001,1201101202,False,12011012022222202212,False,120110120222222022120021110001,False,1201101202222220221200211100011121022201,False,12011012022222202212002111000111210222012100202112,False,120110120222222022120021110001112102220121002021122012221011,False,1201101202222220221200211100011121022201210020211220122210112002101012,False
215318,215318,0.532679499072441,011100101011,1210110211,False,12101102110111102111,False,121011021101111021111022110200,False,1210110211011110211110221102002002221012,False,12101102110111102111102211020020022210122020202111,False,121011021101111021111022110200200222101220202021111212211211,False,1210110211011110211110221102002002221012202020211112122112110222212220,False
215486,215486,0.528878099077291,100010101111,1210021100,False,12100211002200020201,False,121002110022000202010101222200,False,1210021100220002020101012222000210220011,False,12100211002200020201010122220002102200110210002202,False,121002110022000202010101222200021022001102100022020000010210,False,1210021100220002020101012222000210220011021000220200000102100010020120,False
215586,215586,0.621853456223035,010101111001,1222110112,False,12221101121020221120,False,122211011210202211200022100022,False,1222110112102022112000221000220110100100,False,12221101121020221120002210002201101001001200120020,False,122211011210202211200022100022011010010012001200200110101010,False,1222110112102022112000221000220110100100120012002001101010102111212021,False
215792,215792,0.593382691943267,100110100111,1220211002,False,12202110020121022011,False,122021100201210220112110011022,False,1220211002012102201121100110221100021210,False,12202110020121022011211001102211000212100120022201,False,122021100201210220112110011022110002121001200222012001021121,False,1220211002012102201121100110221100021210012002220120010211211122102122,False
216024,216024,0.969085520521392,000110010101,2220021222,False,22200212220120110211,False,222002122201201102110222121111,False,2220021222012011021102221211111210100110,False,22200212220120110211022212111112101001102122211012,False,222002122201201102110222121111121010011021222110120110120211,False,2220021222012011021102221211111210100110212221101201101202112111212210,False
216818,216818,0.927309856258597,001001110111,2202210010,False,22022100102110121122,False,220221001021101211222101012011,False,2202210010211012112221010120112220002210,False,22022100102110121122210101201122200022101021120020,False,220221001021101211222101012011222000221010211200200022202210,False,2202210010211012112221010120112220002210102112002000222022100001102220,False
217088,217088,0.278343320552105,001000000111,1100122202,False,11001222021202211020,False,110012220212022110201020100221,False,1100122202120221102010201002211011201202,False,11001222021202211020102010022110112012022212100001,False,110012220212022110201020100221101120120222121000012000010021,False,1100122202120221102010201002211011201202221210000120000100210212222111,False
217268,217268,0.845698963414444,001001001111,2112100222,False,21121002221220002100,False,211210022212200021001120022021,False,2112100222122000210011200220210010122201,False,21121002221220002100112002202100101222011112202101,False,211210022212200021001120022021001012220111122021010122112020,False,2112100222122000210011200220210010122201111220210101221120202212222020,False
217458,217458,0.722352141991357,111111010001,2012201001,False,20122010010121211100,False,201220100101212111002212210201,False,2012201001012121110022122102011120102012,False,20122010010121211100221221020111201020122011221202,False,201220100101212111002212210201112010201220112212022112210011,False,2012201001012121110022122102011120102012201122120221122100112200112010,False
217728,217728,0.073385606284865,001111000001,1002021012,False,10020210121211122121,False,100202101212111221211101222222,False,1002021012121112212111012222222101002020,False,10020210121211122121110122222221010020201012001012,False,100202101212111221211101222222210100202010120010122220020221,False,1002021012121112212111012222222101002020101200101222200202210021122221,False
217914,217914,0.426319770575948,001011100101,1121010111,False,11210101110020211120,False,112101011100202111201020121222,False,1121010111002021112010201212221000022202,False,11210101110020211120102012122210000222021212111112,False,112101011100202111201020121222100002220212121111122122012121,False,1121010111002021112010201212221000022202121211111221220121212120002020,False
218364,218364,0.344708877731795,100111111101,1110102121,False,11101021212101102222,False,111010212121011022220111112011,False,1110102121210110222201111120110211101012,False,11101021212101102222011111201102111010120202222212,False,111010212121011022220111112011021110101202022222121112121212,False,1110102121210110222201111120110211101012020222221211121212120120011110,False
218688,218688,0.765949034884004,010010011101,2022122010,False,20221220101212200002,False,202212201012122000020211102120,False,2022122010121220000202111021200221200010,False,20221220101212200002021110212002212000102202110202,False,202212201012122000020211102120022120001022021102022210020211,False,2022122010121220000202111021200221200010220211020222100202110002211202,False
218724,218724,0.479420163456472,100001000101,1200201102,False,12002011022102122012,False,120020110221021220122220211112,False,1200201102210212201222202111122222201202,False,12002011022102122012222021111222222012021120121101,False,120020110221021220122220211112222220120211201211010022200001,False,1200201102210212201222202111122222201202112012110100222000011102000102,False
218726,218726,0.741279670599387,100011001111,2020221220,False,20202212202020111221,False,202022122020201112212220010001,False,2020221220202011122122200100012222122100,False,20202212202020111221222001000122221221001002210211,False,202022122020201112212220010001222212210010022102111102120001,False,2020221220202011122122200100012222122100100221021111021200012212200120,False
218826,218826,0.834255027745131,010000011001,2111111220,False,21111112202202200120,False,211111122022022001200012100002,False,2111111220220220012000121000020222012200,False,21111112202202200120001210000202220122000110011121,False,211111122022022001200012100002022201220001100111212122112220,False,2111111220220220012000121000020222012200011001112121221122200001012010,False
218940,218940,0.760246934891279,100000010101,2022020120,False,20220201201110011000,False,202202012011100110001000100001,False,2022020120111001100010001000010111010201,False,20220201201110011000100010000101110102012022222212,False,202202012011100110001000100001011101020120222222120010110210,False,2022020120111001100010001000010111010201202222221200101102101001222021,False
218942,218942,0.022106442034193,100000111111,1000122220,False,10001222202122101210,False,100012222021221012100110011000,False,1000122220212210121001100110001112211122,False,10001222202122101210011001100011122111222100222221,False,100012222021221012100110011000111221112221002222210201112200,False,1000122220212210121001100110001112211122210022222102011122001110212200,False
219078,219078,0.828552927752405,000110110001,2111002112,False,21110021121200021100,False,211100211212000211001221002111,False,2111002112120002110012210021110000210002,False,21110021121200021100122100211100002100022021010020,False,211100211212000211001221002111000021000220210100200000121121,False,2111002112120002110012210021110000210002202101002000001211211001011211,False
219086,219086,0.875990956324064,101000010111,2121200110,False,21212001100200100202,False,212120011002001002020210212201,False,2121200110020010020202102122011210011020,False,21212001100200100202021021220112100110200201001111,False,212120011002001002020210212201121001102002010011111222122111,False,2121200110020010020202102122011210011020020100111112221221111000000112,False
219188,219188,0.230825820612723,011001000011,1021210102,False,10212101020221210111,False,102121010202212101112121002110,False,1021210102022121011121210021102212221101,False,10212101020221210111212100211022122211012022211021,False,102121010202212101112121002110221222110120222110210000202100,False,1021210102022121011121210021102212221101202221102100002021000221101101,False
219474,219474,0.676735342049550,001010111001,2002210020,False,20022100202001220000,False,200221002020012200001000212111,False,2002210020200122000010002121111022010120,False,20022100202001220000100021211110220101201202101220,False,200221002020012200001000212111102201012012021012201112111000,False,2002210020200122000010002121111022010120120210122011121110002020102110,False
219564,219564,0.460413163480719,001001110001,1122202221,False,11222022210011112011,False,112220222100111120111211200101,False,1122202221001111201112112001011021100211,False,11222022210011112011121120010110211002111000121101,False,112220222100111120111211200101102110021110001211010110201111,False,1122202221001111201112112001011021100211100012110101102011110020000121,False
219744,219744,0.027768806343058,000000101001,1000211120,False,10002111202011202121,False,100021112020112021212000100101,False,1000211120201120212120001001010100102022,False,10002111202011202121200010010101001020220011220002,False,100021112020112021212000100101010010202200112200020001112220,False,1000211120201120212120001001010100102022001122000200011122201111020011,False
219746,219746,0.289628313485973,000001111011,1101010002,False,11010100022220100111,False,110101000222201001110200110111,False,1101010002222010011102001101111110120001,False,11010100022220100111020011011111101200012020112002,False,110101000222201001110200110111111012000120201120022002001212,False,1101010002222010011102001101111110120001202011200220020012121222122012,False
220214,220214,0.564752984928053,111101010011,1212012202,False,12120122021122121110,False,121201220211221211101001111111,False,1212012202112212111010011111110002200201,False,12120122021122121110100111111100022002010121011211,False,121201220211221211101001111111000220020101210112111021102200,False,1212012202112212111010011111110002200201012101121110211022002200201010,False
220346,220346,0.847480456360435,000011101111,2112111121,False,21121111210211020221,False,211211112102110202210100020112,False,2112111121021102022101000201122022102221,False,21121111210211020221010002011220221022210200001201,False,211211112102110202210100020112202210222102000012011120102122,False,2112111121021102022101000201122022102221020000120111201021220001100200,False
220578,220578,0.223183284938561,110001101101,1021111120,False,10211111200201222012,False,102111112002012220121002201022,False,1021111120020122201210022010221220010110,False,10211111200201222012100220102212200101102000121021,False,102111112002012220121002201022122001011020001210211011202022,False,1021111120020122201210022010221220010110200012102110112020222221012112,False
221186,221186,0.828473456384682,100010010011,2111002101,False,21110021010212101102,False,211100210102121011022201210020,False,2111002101021210110222012100202220112021,False,21110021010212101102220121002022201120212000102100,False,211100210102121011022201210020222011202120001021000201101220,False,2111002101021210110222012100202220112021200010210002011012202011200110,False
221204,221204,0.185209020670916,001011111011,1020002111,False,10200021111112002111,False,102000211111120021112111021102,False,1020002111111200211121110211022002222220,False,10200021111112002111211102110220022222200201010210,False,102000211111120021112111021102200222222002010102102201202200,False,1020002111111200211121110211022002222220020101021022012022001222210110,False
221418,221418,0.204176284962808,111111111001,1020210022,False,10202100221102212121,False,102021002211022121212111200021,False,1020210022110221212121112000211122221122,False,10202100221102212121211120002111222211222102111220,False,102021002211022121212111200021112222112221021112200011000200,False,1020210022110221212121112000211122221122210211122000110002001021221222,False
221688,221688,0.555209749256316,100101101001,1211200121,False,12112001212022111002,False,121120012120221110021120011201,False,1211200121202211100211200112012122101011,False,12112001212022111002112001120121221010110102200020,False,121120012120221110021120011201212210101101022000202102222200,False,1211200121202211100211200112012122101011010220002021022222000112110112,False
221948,221948,0.596945677835249,110001000111,1221000120,False,12210001201001211122,False,122100012010012111220121210212,False,1221000120100121112201212102121201002011,False,12210001201001211122012121021212010020111112100002,False,122100012010012111220121210212120100201111121000020102110021,False,1221000120100121112201212102121201002011111210000201021100210022111102,False
221994,221994,0.619714342122291,011000110001,1222100010,False,12221000102210111200,False,122210001022101112000120200122,False,1222100010221011120001202001221220201212,False,12221000102210111200012020012212202012122010112021,False,122210001022101112000120200122122020121220101120211022212002,False,1222100010221011120001202001221220201212201011202110222120020202100211,False
222012,222012,0.976449906408525,110110001001,2220221010,False,22202210102120002212,False,222022101021200022122221021111,False,2220221010212000221222210211110001110222,False,22202210102120002212222102111100011102222022120211,False,222022101021200022122221021111000111022220221202111211221122,False,2220221010212000221222210211110001110222202212021112112211222222110222,False
222264,222264,0.970747806415799,010000100001,2220102211,False,22201022111120012121,False,222010221111200121212212020210,False,2220102211112001212122120202102221112120,False,22201022111120012121221202021022211121202112120121,False,222010221111200121212212020210222111212021121201210200002112,False,2220102211112001212122120202102221112120211212012102000021121202100221,False
222266,222266,0.232607313558714,110001100011,1021212021,False,10212120210000202111,False,102121202100002021111121100000,False,1021212021000020211111211000002022100111,False,10212120210000202111112110000020221001110010110221,False,102121202100002021111121100000202210011100101102210122001010,False,1021212021000020211111211000002022100111001011022101220010101110001102,False
222288,222288,0.113061892130778,000111100101,1010120102,False,10101201020112010100,False,101012010201120101002101002111,False,1010120102011201010021010021110220000101,False,10101201020112010100210100211102200001012022212122,False,101012010201120101002101002111022000010120222121222220022201,False,1010120102011201010021010021110220000101202221212222200222012012012100,False
222360,222360,0.540004149275713,010110001101,1210212101,False,12102121012000212120,False,121021210120002121200010201220,False,1210212101200021212000102012202210220100,False,12102121012000212120001020122022102201001000000011,False,121021210120002121200010201220221022010010000000110112222021,False,1210212101200021212000102012202210220100100000001101122220210210112011,False
222650,222650,0.509632684998370,110111110111,1202021002,False,12020210021221212210,False,120202100212212122101111212021,False,1202021002122121221011112120211102211100,False,12020210021221212210111121202111022111000100022000,False,120202100212212122101111212021110221110001000220001120111002,False,1202021002122121221011112120211102211100010002200011201110020010101021,False
222920,222920,0.860666149291878,010110000111,2120111120,False,21201111202212122002,False,212011112022121220020010002121,False,2120111120221212200200100021212110021121,False,21201111202212122002001000212121100211212112110210,False,212011112022121220020010002121211002112121121102101102222002,False,2120111120221212200200100021212110021121211211021011022220022202011200,False
223292,223292,0.566534477874045,001101110011,1212022102,False,12120221020210101202,False,121202210202101012021011221202,False,1212022102021010120210112212022222110102,False,12120221020210101202101122120222221101021122222010,False,121202210202101012021011221202222211010211222220102122002102,False,1212022102021010120210112212022222110102112222201021220021021000010112,False
223724,223724,0.128188020743658,101011100011,1011002020,False,10110020201211210110,False,101100202012112101100002221010,False,1011002020121121011000022210101002100101,False,10110020201211210110000222101010021001012021122001,False,101100202012112101100002221010100210010120211220012100012102,False,1011002020121121011000022210101002100101202112200121000121022211210100,False
224120,224120,0.976370435040803,010101111011,2220220221,False,22202202212111012100,False,222022022121110121000112120202,False,2220220221211101210001121202022121020112,False,22202202212111012100011212020221210201121001100011,False,222022022121110121000112120202212102011210011000112222002112,False,2220220221211101210001121202022121020112100110001122220021122202110021,False
224540,224540,0.966866935052926,111010100111,2220002211,False,22200022110201122022,False,222000221102011220222111121001,False,2220002211020112202221111210010122210210,False,22200022110201122022211112100101222102102022001111,False,222000221102011220222111121001012221021020220011110000201122,False,2220002211020112202221111210010122210210202200111100002011221211021222,False
224658,224658,0.416577856484904,111010011001,1120200002,False,11202000021010121012,False,112020000210101210120221010202,False,1120200002101012101202210102021002021020,False,11202000021010121012022101020210020210202222022221,False,112020000210101210120221010202100202102022220222211101001012,False,1120200002101012101202210102021002021020222202222111010010122121000022,False
224928,224928,0.767611320778412,111000001001,2022202020,False,20222020200021002102,False,202220202000210021020220122010,False,2022202020002100210202201220101221211112,False,20222020200021002102022012201012212111122000100011,False,202220202000210021020220122010122121111220001000112202021222,False,2022202020002100210202201220101221211112200010001122020212222202112122,False
225006,225006,0.980132099352092,100011011101,2221020210,False,22210202100021200021,False,222102021000212000210210011202,False,2221020210002120002102100112020221111010,False,22210202100021200021021001120202211110101221010211,False,222102021000212000210210011202022111101012210102112220001112,False,2221020210002120002102100112020221111010122101021122200011120112211012,False
225276,225276,0.331165563645600,100000001101,1102211220,False,11022112200211001002,False,110221122002110010020201121002,False,1102211220021100100202011210021121122210,False,11022112200211001002020112100211211222101221000222,False,110221122002110010020201121002112112221012210002221021121121,False,1102211220021100100202011210021121122210122100022210211211212201121111,False
225420,225420,0.185050077935471,001000110101,1020002100,False,10200021000212220111,False,102000210002122201111120220112,False,1020002100021222011111202201121220220200,False,10200021000212220111112022011212202202002021010102,False,102000210002122201111120220112122022020020210101022022221122,False,1020002100021222011111202201121220220200202101010220222211220201111210,False
225524,225524,0.801744449367044,010010101011,2102010222,False,21020102220001100002,False,210201022200011000022222222120,False,2102010222000110000222222221201202022211,False,21020102220001100002222222212012020222111212001121,False,210201022200011000022222222120120202221112120011210011101112,False,2102010222000110000222222221201202022211121200112100111011120222200210,False
225560,225560,0.515215577939512,010110010011,1202112221,False,12021122211212211121,False,120211222112122111211212112122,False,1202112221121221112112121121222121002221,False,12021122211212211121121211212221210022210111112100,False,120211222112122111211212112122212100222101111121002022202110,False,1202112221121221112112121121222121002221011111210020222021100012112020,False
225576,225576,0.610091635082831,001010101001,1221210000,False,12212100000002111220,False,122121000000021112200002011201,False,1221210000000211122000020112012000201021,False,12212100000002111220000201120120002010212201222222,False,122121000000021112200002011201200020102122012222221111100221,False,1221210000000211122000020112012000201021220122222211111002210020002201,False
225578,225578,0.871951142225746,011111111011,2121101000,False,21211010000010100112,False,212110100000101001120002220022,False,2121101000001010011200022200220200221201,False,21211010000010100112000222002202002212011122122222,False,212110100000101001120002220022020022120111221222220222211020,False,2121101000001010011200022200220200221201112212222202222110201022010122,False
225848,225848,0.222984606519254,001101001011,1021111100,False,10211111002021022220,False,102111110020210222200010110220,False,1021111100202102222000101102201020022220,False,10211111002021022220001011022010200222202012200012,False,102111110020210222200010110220102002222020122000122112202212,False,1021111100202102222000101102201020022220201220001221122022121210200020,False
226322,226322,0.283687799390079,000101000111,1100212120,False,11002121202212202001,False,110021212022122020012101001212,False,1100212120221220200121010012122021220202,False,11002121202212202001210100121220212202020020110111,False,110021212022122020012101001212202122020200201101112210101001,False,1100212120221220200121010012122021220202002011011122101010011121021002,False
226368,226368,0.306456463677121,100100110001,1101210210,False,11012102102111220222,False,110121021021112202221122110222,False,1101210210211122022211221102221212011112,False,11012102102111220222112211022212120111122020021001,False,110121021021112202221122110222121201111220200210012022200210,False,1101210210211122022211221102221212011112202002100120222002100201010011,False
226476,226476,0.446869849394525,110011000001,1122010001,False,11220100012222011022,False,112201000122220110222221221222,False,1122010001222201102222212212220201222221,False,11220100012222011022222122122202012222212121112102,False,112201000122220110222221221222020122222121211121022211101111,False,1122010001222201102222212212220201222221212111210222111011112102011102,False
226872,226872,0.295052263691670,111101001001,1101100002,False,11011000022000202210,False,110110000220002022101011112022,False,1101100002200020221010111120220220102021,False,11011000022000202210101111202202201020211122121200,False,110110000220002022101011112022022010202111221212000000200210,False,1101100002200020221010111120220220102021112212120000002002101210202022,False
227520,227520,0.137532577996089,101111101001,1011101220,False,10111012201022102220,False,101110122010221022201101211222,False,1011101220102210222011012112221222011101,False,10111012201022102220110121122212220111011221110021,False,101110122010221022201101211222122201110112211100211111020111,False,1011101220102210222011012112221222011101122111002111110201111002120222,False
228096,228096,0.553070635155573,001010100001,1211120110,False,12111201102020012220,False,121112011020200122201001221121,False,1211120110202001222010012211210002121102,False,12111201102020012220100122112100021211021102200201,False,121112011020200122201001221121000212110211022002011220002001,False,1211120110202001222010012211210002121102110220020112200020012012122200,False
228098,228098,0.814930142298488,011111100011,2110002121,False,21100021212222021212,False,211000212122220212121102121010,False,2110002121222202121211021210101010110220,False,21100021212222021212110212101010101102200220120222,False,211000212122220212121102121010101011022002201202220112002202,False,2110002121222202121211021210101010110220022012022201120022020221112120,False
228320,228320,0.881335435162039,010101010111,2122002200,False,21220022001222212122,False,212200220012222121221122002002,False,2122002200122221212211220020020020000100,False,21220022001222212122112200200200200001000020002220,False,212200220012222121221122002002002000010000200022200102121210,False,2122002200122221212211220020020020000100002000222001021212100202222222,False
228330,228330,0.190632970876613,000011001001,1020021211,False,10200212112001220002,False,102002121120012200021221101012,False,1020021211200122000212211010122202200000,False,10200212112001220002122110101222022000000202012012,False,102002121120012200021221101012220220000002020120121202122220,False,1020021211200122000212211010122202200000020201201212021222202200021110,False
228608,228608,0.589104463741780,001010101111,1220120112,False,12201201120012200022,False,122012011200122000222201010221,False,1220120112001220002222010102210011020110,False,12201201120012200022220101022100110201101101101022,False,122012011200122000222201010221001102011011011010220001022111,False,1220120112001220002222010102210011020110110110102200010221110122201002,False
228636,228636,0.255137563742589,100010010001,1022201211,False,10222012112201110102,False,102220121122011101020200012101,False,1022201211220111010202000121011201100121,False,10222012112201110102020001210112011001210100221000,False,102220121122011101020200012101120110012101002210001000112120,False,1022201211220111010202000121011201100121010022100010001121202010102020,False
228638,228638,0.516997070885504,100110110011,1202122110,False,12021221101121221112,False,120212211011212211122220021012,False,1202122110112122111222200210120021210210,False,12021221101121221112222002101200212102101111020100,False,120212211011212211122220021012002121021011110201001100201102,False,1202122110112122111222200210120021210210111102010011002011022211112222,False
228906,228906,0.606171028036097,000010000001,1221112212,False,12211122122000000010,False,122111221220000000102210202021,False,1221112212200000001022102020212002112210,False,12211122122000000010221020202120021122101111122110,False,122111221220000000102210202021200211221011111221101010021002,False,1221112212200000001022102020212002112210111112211010100210020020110011,False
228908,228908,0.868030535179012,000110000011,2121001211,False,21210012111200000012,False,212100121112000000120202000001,False,2121001211120000001202020000010210101201,False,21210012111200000012020200000102101012012000012021,False,212100121112000000120202000001021010120120000120211111100102,False,2121001211120000001202020000010210101201200001202111111001022022121012,False
228914,228914,0.653609056607756,001110100111,2001100210,False,20011002100110120011,False,200110021001101200110102210200,False,2001100210011012001101022102002222220110,False,20011002100110120011010221020022222201102121211011,False,200110021001101200110102210200222222011021212110111202212210,False,2001100210011012001101022102002222220110212121101112022122100220110110,False
229032,229032,0.103319978039734,000110011001,1010020121,False,10100201212210001021,False,101002012122100010212022102010,False,1010020121221000102120221020100002020010,False,10100201212210001021202210201000020200102102122202,False,101002012122100010212022102010000202001021021222020112000120,False,1010020121221000102120221020100002020010210212220201120001201122210201,False
229302,229302,0.454353442333242,000100001001,1122110220,False,11221102201102121202,False,112211022011021212020112221122,False,1122110220110212120201122211222101212011,False,11221102201102121202011222112221012120111111210201,False,112211022011021212020112221122210121201111112102012202000210,False,1122110220110212120201122211222101212011111121020122020002102112010220,False
229304,229304,0.716212949476157,001100011011,2012022012,False,20120220121220111022,False,201202201212201110222201221012,False,2012022012122011102222012210122012110220,False,20120220121220111022220122101220121102200000101222,False,201202201212201110222201221012201211022000001012221122201002,False,2012022012122011102222012210122012110220000010122211222010020100212012,False
229770,229770,0.729478113775322,111111110001,2020011201,False,20200112010212111011,False,202001120102121110111010002120,False,2020011201021211101110100021200221100021,False,20200112010212111011101000212002211000211101120112,False,202001120102121110111010002120022110002111011201120002000122,False,2020011201021211101110100021200221100021110112011200020001221020102201,False
229794,229794,0.871792199490301,000100110101,2121100200,False,21211002000020211110,False,212110020000202111100210202121,False,2121100200002021111002102021212100001011,False,21211002000020211110021020212121000010112212221010,False,212110020000202111100210202121210000101122122210102211211012,False,2121100200002021111002102021212100001011221222101022112110121000212122,False
230040,230040,0.080511578068830,000111100001,1002111102,False,10021111020220011011,False,100211110202200110111110022020,False,1002111102022001101111100220200002101100,False,10021111020220011011111002202000021011000022122011,False,100211110202200110111110022020000210110000221220112221100211,False,1002111102022001101111100220200002101100002212201122211002111112012222,False
230420,230420,0.833817935222656,100011010011,2111111001,False,21111110010212201220,False,211111100102122012200200111212,False,2111111001021220122002001112120201200012,False,21111110010212201220020011121202012000122222211122,False,211111100102122012200200111212020120001222222111222011201102,False,2111111001021220122002001112120201200012222221112220112011022201001212,False
230528,230528,0.974231320940060,001100100011,2220201221,False,22202012212022211211,False,222020122120222112111221021102,False,2220201221202221121112210211020201000010,False,22202012212022211211122102110202010000102120011121,False,222020122120222112111221021102020100001021200111211121220102,False,2220201221202221121112210211020201000010212001112111212201022000021200,False
230784,230784,0.492248235233164,011111101101,1201100221,False,12011002212120021211,False,120110022121200212112021011021,False,1201100221212002121120210110212021022000,False,12011002212120021211202101102120210220002102120021,False,120110022121200212112021011021202102200021021200211101110010,False,1201100221212002121120210110212021022000210212002111011100100101002210,False
231090,231090,0.556752828099139,111011010101,1211202220,False,12112022200200202200,False,121120222002002022001111200112,False,1211202220020020220011112001121021111101,False,12112022200200202200111120011210211111011022100022,False,121120222002002022001111200112102111110110221000221100111001,False,1211202220020020220011112001121021111101102210002211001110012221111000,False
231360,231360,0.907786292392647,011010000101,2201012021,False,22010120212212002020,False,220101202122120020201102201001,False,2201012021221200202011022010012100102210,False,22010120212212002020110220100121001022101020112220,False,220101202122120020201102201001210010221010201122202002212100,False,2201012021221200202011022010012100102210102011222020022121000101102111,False
231594,231594,0.545348628113688,110001001101,1211011011,False,12110110111101001111,False,121101101111010011112102022220,False,1211011011110100111121020222202221000212,False,12110110111101001111210202222022210002120000110101,False,121101101111010011112102022220222100021200001101011010121100,False,1211011011110100111121020222202221000212000011010110101211000110212122,False
231810,231810,0.826175399548494,001010011101,2110220210,False,21102202102220112100,False,211022021022201121001120222012,False,2110220210222011210011202220120012102000,False,21102202102220112100112022201200121020001011022112,False,211022021022201121001120222012001210200010110221121210001011,False,2110220210222011210011202220120012102000101102211212100010110000221111,False
231848,231848,0.801506035263877,001011001111,2102010111,False,21020101111201212212,False,210201011112012122120111021000,False,2102010111120121221201110210002200202112,False,21020101111201212212011102100022002021122120221111,False,210201011112012122120111021000220020211221202211111220100012,False,2102010111120121221201110210002200202112212022111112201000122021122110,False
232064,232064,0.082332806698683,001000111111,1002120000,False,10021200001002121112,False,100212000010021211122020200101,False,1002120000100212111220202001012111200020,False,10021200001002121112202020010121112000200012120111,False,100212000010021211122020200101211120002000121201111202011002,False,1002120000100212111220202001012111200020001212011112020110020212012211,False
232850,232850,0.993119113864229,110000010011,2222101112,False,22221011120220211001,False,222210111202202110011200102211,False,2222101112022021100112001022110211222012,False,22221011120220211001120010221102112220120202111002,False,222210111202202110011200102211021122201202021110022221001221,False,2222101112022021100112001022110211222012020211100222210012210001201201,False
232868,232868,0.349854678150462,101001111011,1110122122,False,11101221222021022120,False,111012212220210221201202020101,False,1110122122202102212012020201010222221100,False,11101221222021022120120202010102222211001010122122,False,111012212220210221201202020101022222110010101221220010022002,False,1110122122202102212012020201010222221100101012212200100220022102021200,False
232956,232956,0.871672992438717,111001100001,2121100102,False,21211001021002202220,False,212110010210022022200220002000,False,2121100102100220222002200020001021101002,False,21211001021002202220022000200010211010020000110111,False,212110010210022022200220002000102110100200001101111111021121,False,2121100102100220222002200020001021101002000011011111110211210120120120,False
233214,233214,0.651549413874736,100010101101,2001020101,False,20010201012210210100,False,200102010122102101001110212112,False,2001020101221021010011102121121010101011,False,20010201012210210100111021211210101010111202210200,False,200102010122102101001110212112101010101112022102001100221212,False,2001020101221021010011102121121010101011120221020011002212122011010222,False
233700,233700,0.283409649603050,101001101101,1100212021,False,11002120212020111020,False,110021202120201110201210200012,False,1100212021202011102012102000122022202212,False,11002120212020111020121020001220222022121022112211,False,110021202120201110201210200012202220221210221122112200202022,False,1100212021202011102012102000122022202212102211221122002020220210101021,False
233766,233766,0.924773385319241,010001000001,2202120112,False,22021201120100111210,False,220212011201001112102101210000,False,2202120112010011121021012100001002221210,False,22021201120100111210210121000010022212100002110102,False,220212011201001112102101210000100222121000021101022121100110,False,2202120112010011121021012100001002221210000211010221211001102010212121,False
233768,233768,0.186632892462156,110011000011,1020010220,False,10200102200211020010,False,102001022002110200102001210100,False,1020010220021102001020012101000111022110,False,10200102200211020010200121010001110221101001002112,False,102001022002110200102001210100011102211010010021120211021012,False,1020010220021102001020012101000111022110100100211202110210121221201111,False
233916,233916,0.564236421037857,100010111101,1212011222,False,12120112222100102002,False,121201122221001020021222210020,False,1212011222210010200212222100201010110120,False,12120112222100102002122221002010101101202110001010,False,121201122221001020021222210020101011012021100010101221102220,False,1212011222210010200212222100201010110120211000101012211022201020002110,False
234402,234402,0.196096656766171,011001111101,1020111020,False,10201110202101211010,False,102011102021012110102101200211,False,1020111020210121101021012002110102102022,False,10201110202101211010210120021101021020221020012220,False,102011102021012110102101200211010210202210200122202020000212,False,1020111020210121101021012002110102102022102001222020200002121102011011,False
234794,234794,0.520560056777486,010111010011,1202211111,False,12022111112022111221,False,120221111120221112211222221011,False,1202211111202211122112222210110110212201,False,12022111112022111221122222101101102122011022002011,False,120221111120221112211222221011011021220110220020112022100000,False,1202211111202211122112222210110110212201102200201120221000001010101110,False
235070,235070,0.657172042499739,011001000111,2001120122,False,20011201221022222022,False,200112012210222220221122222020,False,2001120122102222202211222220202111111110,False,20011201221022222022112222202021111111101120101121,False,200112012210222220221122222020211111111011201011211122222001,False,2001120122102222202211222220202111111110112010112111222220010201221022,False
235134,235134,0.036676271073015,001110001001,1001002222,False,10010022220211211110,False,100100222202112111100112012112,False,1001002222021121111001120121120212110221,False,10010022220211211110011201211202121102211111211120,False,100100222202112111100112012112021211022111112111201110221120,False,1001002222021121111001120121120212110221111121112011102211201202110200,False
235464,235464,0.243494949653969,110111010101,1022021120,False,10220211202110100012,False,102202112021101000121121222110,False,1022021120211010001211212221102210111122,False,10220211202110100012112122211022101111220010020102,False,102202112021101000121121222110221011112200100201022020220011,False,1022021120211010001211212221102210111122001002010220202200112010101121,False
235482,235482,0.600230513940203,001110001101,1221012122,False,12210121221101020011,False,122101212211010200111012111222,False,1221012122110102001110121112220202102121,False,12210121221101020011101211122202021021210210222121,False,122101212211010200111012111222020210212102102221210101200212,False,1221012122110102001110121112220202102121021022212101012002121101200111,False
235734,235734,0.594528413947477,010110000101,1220212211,False,12202122112100002201,False,122021221121000022010002102222,False,1220212211210000220100021022221210011111,False,12202122112100002201000210222212100111110222201222,False,122021221121000022010002102222121001111102222012220122210111,False,1220212211210000220100021022221210011111022220122201222101112211001120,False
235772,235772,0.569859049662860,011111110111,1212111101,False,12121111011102001021,False,121211110111020010211120020200,False,1212111101110200102111200202002212112201,False,12121111011102001021112002020022121122011011200220,False,121211110111020010211120020200221211220110112002201022101122,False,1212111101110200102111200202002212112201101120022010221011222220101022,False
236054,236054,0.492049556813857,000011001011,1201100200,False,12011002001102201112,False,120110020011022011122120122101,False,1201100200110220111221201221010102120002,False,12011002001102201112212012210101021200022212020201,False,120110020011022011122120122101010212000222120202012010121111,False,1201100200110220111221201221010102120002221202020120101211111101211102,False
236184,236184,0.512917521103324,100110011101,1202102201,False,12021022010122111121,False,120210220101221111211020110110,False,1202102201012211112110201101102211102010,False,12021022010122111121102011011022111020101211122121,False,120210220101221111211020110110221110201012111221210201002121,False,1202102201012211112110201101102211102010121112212102010021211111211112,False
236268,236268,0.511016821105749,110011101001,1202100001,False,12021000010020220212,False,120210000100202202122211022211,False,1202100001002022021222110222112100121110,False,12021000010020220212221102221121001211102200001202,False,120210000100202202122211022211210012111022000012021010112120,False,1202100001002022021222110222112100121110220000120210101121201002022022,False
236756,236756,0.404736563976978,011000111011,1120010012,False,11200100121000012210,False,112001001210000122101120211120,False,1120010012100001221011202111202221111022,False,11200100121000012210112021112022211110220112011120,False,112001001210000122101120211120222111102201120111200220112222,False,1120010012100001221011202111202221111022011201112002201122222111212200,False
236924,236924,0.400935163981827,111001111111,1112221110,False,11122211101010021210,False,111222111010100212101121111220,False,1112221110101002121011211112200012100100,False,11122211101010021210112111122000121001001220221111,False,111222111010100212101121111220001210010012202211110121102210,False,1112221110101002121011211112200012100100122022111101211022100201220021,False
236970,236970,0.423703828268869,011110111001,1121000010,False,11210000102120021201,False,112100001021200212010211011022,False,1121000010212002120102110110220021100110,False,11210000102120021201021101102200211001102000111011,False,112100001021200212010211011022002110011020001110110201022022,False,1121000010212002120102110110220021100110200011101102010220222221021211,False
237240,237240,0.774737292562377,010100101001,2100020112,False,21000201121211022110,False,210002011212110221101200111221,False,2100020112121102211012001112210102100021,False,21000201121211022110120011122101021000212122222211,False,210002011212110221101200111221010210002121222222111220121221,False,2100020112121102211012001112210102100021212222221112201212211010111120,False
237242,237242,0.036596799705292,111101111011,1001002220,False,10010022201110220202,False,100100222011102202021202020012,False,1001002220111022020212020200120112001010,False,10010022201110220202120202001201120010101111222221,False,100100222011102202021202020012011200101011112222210011221112,False,1001002220111022020212020200120112001010111122222100112211120211120000,False
237674,237674,0.598250342574905,100101101011,1221002120,False,12210021202020212011,False,122100212020202120111210111220,False,1221002120202021201112101112201221222212,False,12210021202020212011121011122012212222121200020100,False,122100212020202120111210111220122122221212000201001002210000,False,1221002120202021201112101112201221222212120002010010022100000121220011,False
237840,237840,0.332589435436840,011010100101,1102220112,False,11022201121211020000,False,110222011212110200001100100222,False,1102220112121102000011001002222021202211,False,11022201121211020000110010022220212022110222211101,False,110222011212110200001100100222202120221102222111010010212111,False,1102220112121102000011001002222021202211022221110100102121112122022121,False
238040,238040,0.518540149728327,111110010111,1202201122,False,12022011221102120010,False,120220112211021200102202022112,False,1202201122110212001022020221122110221211,False,12022011221102120010220202211221102212110011110121,False,120220112211021200102202022112211022121100111101211122222001,False,1202201122110212001022020221122110221211001111012111222220010121022020,False
238382,238382,0.296515871166771,010011111111,1101101201,False,11011012011102122212,False,110110120111021222120020211122,False,1101101201110212221200202111221121202211,False,11011012011102122212002021112211212022111012000110,False,110110120111021222120020211122112120221110120001101200011112,False,1101101201110212221200202111221121202211101200011012000111121201002122,False
238526,238526,0.150400385456642,010011010111,1011211222,False,10112112221010022122,False,101121122210100221222220100000,False,1011211222101002212222201000002201212202,False,10112112221010022122222010000022012122021221020102,False,101121122210100221222220100000220121220212210201021111002211,False,1011211222101002212222201000002201212202122102010211110022111220110021,False
238646,238646,0.861970814031534,111010101011,2120121021,False,21201210211220100101,False,212012102112201001012220121212,False,2120121021122010010122201212121111122120,False,21201210211220100101222012121211111221201010102022,False,212012102112201001012220121212111112212010101020220211101100,False,2120121021122010010122201212121111122120101010202202111011000002202102,False
238652,238652,0.647549335460279,010000001111,2000222212,False,20002222121002120102,False,200022221210021201022000010022,False,2000222212100212010220000100222201010012,False,20002222121002120102200001002222010100122110000221,False,200022221210021201022000010022220101001221100002210121200111,False,2000222212100212010220000100222201010012211000022101212001111102011210,False
238682,238682,0.575441942604002,111110010011,1212210202,False,12122102022211111011,False,121221020222111110111200110212,False,1212210202221111101112001102121122220011,False,12122102022211111011120011021211222200111220121111,False,121221020222111110111200110212112222001112201211111121021112,False,1212210202221111101112001102121122220011122012111111210211122210112000,False
238776,238776,0.882838778321001,110101111101,2122012212,False,21220122121000120212,False,212201221210001202121201122011,False,2122012212100012021212011220112200200202,False,21220122121000120212120112201122002002021121101210,False,212201221210001202121201122011220020020211211012100021120122,False,2122012212100012021212011220112200200202112110121000211201220220121202,False
239132,239132,0.493831049759848,001111101011,1201110010,False,12011100102001121000,False,120111001020011210002101002110,False,1201110010200112100021010021102001210200,False,12011100102001121000210100211020012102000111011102,False,120111001020011210002101002110200121020001110111020211202011,False,1201110010200112100021010021102001210200011101110202112020111001010201,False
239328,239328,0.156062749765506,111011010001,1012001100,False,10120011000210120101,False,101200110002101201011011012000,False,1012001100021012010110110120001120020122,False,10120011000210120101101101200011200201221022110212,False,101200110002101201011011012000112002012210221102120000202101,False,1012001100021012010110110120001120020122102211021200002021010000221100,False
239510,239510,0.985277899770760,100010011011,2221200220,False,22212002201220001221,False,222120022012200012211112012020,False,2221200220122000122111120120200202220020,False,22212002201220001221111201202002022200200121222011,False,222120022012200012211112012020020222002001212220110121221102,False,2221200220122000122111120120200202220020012122201101212211022212211221,False
239598,239598,0.507096214059014,001011000001,1202010112,False,12020101122022210102,False,120201011220222101022011002221,False,1202010112202221010220110022211110120202,False,12020101122022210102201100222111101202020020211112,False,120201011220222101022011002221111012020200202111120220202211,False,1202010112202221010220110022211110120202002021111202202022110010011111,False
239996,239996,0.617138135499074,100111011011,1222012002,False,12220120020002221200,False,122201200200022212000200112012,False,1222012002000222120002001120120202202221,False,12220120020002221200020011201202022022212121011221,False,122201200200022212000200112012020220222121210112211112221200,False,1222012002000222120002001120120202202221212101122111122212000100101201,False
240272,240272,0.753750121221327,110000101111,2021210121,False,20212101212022100112,False,202121012120221001121101120020,False,2021210121202210011211011200202001220221,False,20212101212022100112110112002020012202212200122100,False,202121012120221001121101120020200122022122001221001222111210,False,2021210121202210011211011200202001220221220012210012221112102012211121,False
240302,240302,0.681642728365050,110100110011,2010002112,False,20100021121102221021,False,201000211211022210211221100220,False,2010002112110222102112211002202121021122,False,20100021121102221021122110022021210211221111021110,False,201000211211022210211221100220212102112211110211101201211011,False,2010002112110222102112211002202121021122111102111012012110112201222210,False
240428,240428,0.178791678368687,010111001011,1012212020,False,10122120200001220112,False,101221202000012201121020021100,False,1012212020000122011210200211001120002101,False,10122120200001220112102002110011200021011212110111,False,101221202000012201121020021100112000210112121101110212122110,False,1012212020000122011210200211001120002101121211011102121221102000221010,False
240572,240572,0.032676192658558,110100000011,1000222122,False,10002221221021110100,False,100022212210211101000221112010,False,1000222122102111010002211120100212021222,False,10002221221021110100022111201002120212221100122002,False,100022212210211101000221112010021202122211001220020010002112,False,1000222122102111010002211120100212021222110012200200100021120000111021,False
240948,240948,0.262263535526554,000010110001,1100000102,False,11000001021221202212,False,110000010212212022122120200202,False,1100000102122120221221202002022120001002,False,11000001021221202212212020020221200010022220102022,False,110000010212212022122120200202212000100222201020220222101111,False,1100000102122120221221202002022120001002222010202202221011112222122002,False
241298,241298,0.087677285536657,101101111111,1002201201,False,10022012010202001010,False,100220120102020010100100210021,False,1002201201020200101001002100211220210112,False,10022012010202001010010021002112202101121200020202,False,100220120102020010100100210021122021011212000202022000102112,False,1002201201020200101001002100211220210112120002020220001021120201220221,False
241800,241800,0.814413578408291,011111001101,2110001121,False,21100011211221221222,False,211000112112212212222201201002,False,2110001121122122122222012010020021211221,False,21100011211221221222220120100200212112212011012212,False,211000112112212212222201201002002121122120110122121122011122,False,2110001121122122122222012010020021211221201101221211220111220022002120,False
241944,241944,0.668298092698162,111111110101,2002021002,False,20020210022012200021,False,200202100220122000210112102122,False,2002021002201220002101121021221100010011,False,20020210022012200021011210212211000100111222211010,False,200202100220122000210112102122110001001112222110102221012012,False,2002021002201220002101121021221100010011122221101022210120121221111101,False
242030,242030,0.928256899843501,101110000011,2202212020,False,22022120201201102100,False,220221202012011021001011201002,False,2202212020120110210010112010022202200001,False,22022120201201102100101120100222022000012220122221,False,220221202012011021001011201002220220000122201222211222101122,False,2202212020120110210010112010022202200001222012222112221011220002111002,False
242084,242084,0.998463592702203,110001010011,2222212022,False,22222120221020120010,False,222221202210201200100211012001,False,2222212022102012001002110120010121112102,False,22222120221020120010021101200101211121022111122201,False,222221202210201200100211012001012111210221111222010110202020,False,2222212022102012001002110120010121112102211112220101102020201220112212,False
242214,242214,0.019331556991670,010110100101,1000120122,False,10001201221111011111,False,100012012211110111112121001000,False,1000120122111101111121210010002220200222,False,10001201221111011111212100100022202002220221200200,False,100012012211110111112121001000222020022202212002002020021211,False,1000120122111101111121210010002220200222022120020020200212112202210112,False
242576,242576,0.415902349859262,111100110111,1120122020,False,11201220200220102202,False,112012202002201022022110100110,False,1120122020022010220221101001101222221211,False,11201220200220102202211010011012222212110102112211,False,112012202002201022022110100110122222121101021122112202012210,False,1120122020022010220221101001101222221211010211221122020122100200121002,False
242756,242756,0.983257992721601,000111111111,2221112010,False,22211120102112002001,False,222111201021120020012010211102,False,2221112010211200200120102111021121022222,False,22211120102112002001201021110211210222222112020000,False,222111201021120020012010211102112102222221120200002100112110,False,2221112010211200200120102111021121022222211202000021001121102212101102,False
243026,243026,0.334291457015109,000100001111,1102222111,False,11022221112002022102,False,110222211120020221020022102021,False,1102222111200202210200221020212112001121,False,11022221112002022102002210202121120011211020221101,False,110222211120020221020022102021211200112110202211011200012002,False,1102222111200202210200221020212112001121102022110112000120020100002012,False
243062,243062,0.047762585587576,110001110111,1001110021,False,10011100211011222212,False,100111002110112222120010102100,False,1001110021101122221200101021000112121002,False,10011100211011222212001010210001121210022112120212,False,100111002110112222120010102100011212100221121202120220200000,False,1001110021101122221200101021000112121002211212021202202000000000012100,False
243072,243072,0.357060121302151,011110101001,1110222011,False,11102220111111101102,False,111022201111111011021022200201,False,1110222011111110110210222002010020111120,False,11102220111111101102102220020100201111202102220020,False,111022201111111011021022200201002011112021022200201212112111,False,1110222011111110110210222002010020111120210222002012121121112000021112,False
243288,243288,0.637886892736957,011011111001,2000102012,False,20001020120002211102,False,200010201200022111020210002202,False,2000102012000221110202100022022100012120,False,20001020120002211102021000220221000121202021011220,False,200010201200022111020210002202210001212020210112201002022111,False,2000102012000221110202100022022100012120202101122010020221111120002101,False
243332,243332,0.398796049881084,110000000111,1112211210,False,11122112101210202202,False,111221121012102022020200101001,False,1112211210121020220202001010011200112122,False,11122112101210202202020010100112001121220101000212,False,111221121012102022020200101001120011212201010002122200222100,False,1112211210121020220202001010011200112122010100021222002221000120201222,False
243512,243512,0.966151692743423,110001001111,2220001011,False,22200010111120002002,False,222000101111200020021021111000,False,2220001011112000200210211110002002101221,False,22200010111120002002102111100020021012210120001020,False,222000101111200020021021111000200210122101200010200112200202,False,2220001011112000200210211110002002101221012000102001122002022212010220,False
243558,243558,0.988920357030465,000001101001,2222000112,False,22220001121210111012,False,222200011212101110121002010110,False,2222000112121011101210020101102102012222,False,22220001121210111012100201011021020122222221022101,False,222200011212101110121002010110210201222222210221011121120100,False,2222000112121011101210020101102102012222222102210111211201001010100020,False
243566,243566,0.036358385602125,111000011111,1001002201,False,10010022010101020202,False,100100220101010202020102110011,False,1001002201010102020201021100112211020101,False,10010022010101020202010211001122110201012122101222,False,100100220101010202020102110011221102010121221012221122202002,False,1001002201010102020201021100112211020101212210122211222020021112122200,False
243882,243882,0.410160514182675,010010001001,1120100222,False,11201002222112100021,False,112010022221121000211011112220,False,1120100222211210002110111122202110110020,False,11201002222112100021101111222021101100201122201221,False,112010022221121000211011112220211011002011222012212011012011,False,1120100222211210002110111122202110110020112220122120110120110000122121,False
243884,243884,0.672020021325590,110110011011,2002111022,False,20021110222101010100,False,200211102221010101002120001220,False,2002111022210101010021200012200021121022,False,20021110222101010100212000122000211210222012122121,False,200211102221010101002120001220002112102220121221210212120212,False,2002111022210101010021200012200021121022201212212102121202121000212110,False
244034,244034,0.311483057044205,100110110111,1102000110,False,11020001101101120011,False,110200011011011200112021010110,False,1102000110110112001120210101100111100220,False,11020001101101120011202101011001111002202020020001,False,110200011011011200112021010110011110022020200200010011020012,False,1102000110110112001120210101100111100220202002000100110200120212211022,False
244260,244260,0.901607364193586,101100111001,2200200220,False,22002002202212120200,False,220020022022121202000101112020,False,2200200220221212020001011120201200211111,False,22002002202212120200010111202012002111112201200200,False,220020022022121202000101112020120021111122012002000001012022,False,2200200220221212020001011120201200211111220120020000010120222201120120,False
244316,244316,0.233673564195202,000110001011,1021220100,False,10212201002101112100,False,102122010021011121001210000120,False,1021220100210111210012100001200020100020,False,10212201002101112100121000012000201000200120211111,False,102122010021011121001210000120002010002001202111111021011221,False,1021220100210111210012100001200020100020012021111110210112212111021110,False
244646,244646,0.440492242776157,100100101111,1121210202,False,11212102021100211022,False,112121020211002110221222010110,False,1121210202110021102212220101100010121201,False,11212102021100211022122201011000101212012021011111,False,112121020211002110221222010110001012120120210111110110002210,False,1121210202110021102212220101100010121201202101111101100022100111200220,False
244716,244716,0.605574992778177,101001001101,1221111221,False,12211112211202201212,False,122111122112022012120201212000,False,1221111221120220121202012120002210011000,False,12211112211202201212020121200022100110001212221110,False,122111122112022012120201212000221001100012122211102011220001,False,1221111221120220121202012120002210011000121222111020112200011102221122,False
244878,244878,0.816195071354282,011100101101,2110012002,False,21100120022222220112,False,211001200222222201121120020011,False,2110012002222222011211200200112221110112,False,21100120022222220112112002001122211101120102211010,False,211001200222222201121120020011222111011201022110102111101121,False,2110012002222222011211200200112221110112010221101021111011211011211020,False
245024,245024,0.931939092787068,010010011111,2210011102,False,22100111022100201210,False,221001110221002012102020012211,False,2210011102210020121020200122111120122000,False,22100111022100201210202001221111201220002020021102,False,221001110221002012102020012211112012200020200211022100100210,False,2210011102210020121020200122111120122000202002110221001002100021201221,False
245108,245108,0.930038392789493,100110100011,2210000012,False,22100000121110111001,False,221000001211101110010001220012,False,2210000012111011100100012200120010102112,False,22100000121110111001000122001200101021122112010012,False,221000001211101110010001220012001010211221120100121022001020,False,2210000012111011100100012200120010102112211201001210220010202111221020,False
245132,245132,0.072352478504471,010001101111,1002020022,False,10020200221020021010,False,100202002210200210100021012221,False,1002020022102002101000210122211102012121,False,10020200221020021010002101222111020121212121012021,False,100202002210200210100021012221110201212121210120211002002212,False,1002020022102002101000210122211102012121212101202110020022122002022002,False
245162,245162,0.000245085648194,000001110011,1000000012,False,10000000120220100001,False,100000001202201000012102020102,False,1000000012022010000121020201020112002002,False,10000000120220100001210202010201120020020120200200,False,100000001202201000012102020102011200200201202002002201002222,False,1000000012022010000121020201020112002002012020020022010022221100100000,False
245418,245418,0.518261999941298,110001011101,1202201020,False,12022010202112111012,False,120220102021121110120102012200,False,1202201020211211101201020122000200100211,False,12022010202112111012010201220002001002112101102021,False,120220102021121110120102012200020010021121011020212101001220,False,1202201020211211101201020122000200100211210110202121010012202221202112,False
245826,245826,0.937601457095932,010111001001,2210122002,False,22101220022010210111,False,221012200220102101112000112212,False,2210122002201021011120001122120120100201,False,22101220022010210111200011221201201002012011112212,False,221012200220102101112000112212012010020120111122120022212000,False,2210122002201021011120001122120120100201201111221200222120000122111212,False
246132,246132,0.002106049961908,010110010001,1000001200,False,10000012001210002220,False,100000120012100022201010122111,False,1000001200121000222010101221112101002012,False,10000012001210002220101012211121010020121202112201,False,100000120012100022201010122111210100201212021122011102220110,False,1000001200121000222010101221112101002012120211220111022201101101121010,False
246644,246644,0.038139878548116,101010111111,1001011012,False,10010110120202221201,False,100101101202022212011220021122,False,1001011012020222120112200211221121120100,False,10010110120202221201122002112211211201000010121102,False,100101101202022212011220021122112112010000101211022121111120,False,1001011012020222120112200211221121120100001012110221211111202221211210,False
246896,246896,0.032437778555390,111111100111,1000222110,False,10002221100020122202,False,100022211000201222022100011111,False,1000222110002012220221000111110122100120,False,10002221100020122202210001111101221001201111220021,False,100022211000201222022100011111012210012011112200212201002102,False,1000222110002012220221000111110122100120111122002122010021022100201202,False
247436,247436,0.734504707142406,000101110111,2020111201,False,20201112010121210121,False,202011120101212101212101000200,False,2020111201012121012121010002001210002111,False,20201112010121210121210100020012100021110011010111,False,202011120101212101212101000200121000211100110101112212112000,False,2020111201012121012121010002001210002111001101011122121120000222012210,False
247706,247706,0.085538171435914,000100000111,1002122211,False,10021222111010021121,False,100212221110100211212201001222,False,1002122211101002112122010012221201022122,False,10021222111010021121220100122212010221222212100121,False,100212221110100211212201001222120102212222121001212202221101,False,1002122211101002112122010012221201022122221210012122022211010010202000,False
247886,247886,0.652893814298253,100101001111,2001022121,False,20010221211100210200,False,200102212111002102001100202110,False,2001022121110021020011002021100122010002,False,20010221211100210200110020211001220100021212201212,False,200102212111002102001100202110012201000212122012122202000002,False,2001022121110021020011002021100122010002121220121222020000021101220111,False
247916,247916,0.580786421441976,111111010011,1220002212,False,12200022120011021010,False,122000221200110210101202120112,False,1220002212001102101012021201121011201110,False,12200022120011021010120212011210112011100100011220,False,122000221200110210101202120112101120111001000112200000011000,False,1220002212001102101012021201121011201110010001122000000110001101211221,False
247940,247940,0.723100507156954,101100011111,2012202101,False,20122021010000120221,False,201220210100001202212111100222,False,2012202101000012022121111002222002121210,False,20122021010000120221211110022220021212102011022102,False,201220210100001202212111100222200212121020110221020211222120,False,2012202101000012022121111002222002121210201102210202112221200202201000,False
248238,248238,0.740167071451271,100000110001,2020212220,False,20202122201101100001,False,202021222011011000012021000210,False,2020212220110110000120210002100021210121,False,20202122201101100001202100021000212101211211110102,False,202021222011011000012021000210002121012112111101022211202111,False,2020212220110110000120210002100021210121121111010222112021112001020001,False
248586,248586,0.303721314318459,101111010101,1101200202,False,11012002020102121010,False,110120020201021210102201220220,False,1101200202010212101022012202201221002002,False,11012002020102121010220122022012210020021200201111,False,110120020201021210102201220220122100200212002011111221211100,False,1101200202010212101022012202201221002002120020111112212111000122121011,False
248742,248742,0.728762871465819,011001001001,2020010102,False,20200101022111112101,False,202001010221111121010012221102,False,2020010102211111210100122211021201020010,False,20200101022111112101001222110212010200102101212212,False,202001010221111121010012221102120102001021012122122011000122,False,2020010102211111210100122211021201020010210121221220110001221011200022,False
248856,248856,0.654754778611967,001110000101,2001102122,False,20011021222221222020,False,200110212222212220200201010121,False,2001102122222122202002010101212210111110,False,20011021222221222020020101012122101111102211112001,False,200110212222212220200201010121221011111022111120012201012020,False,2001102122222122202002010101212210111110221111200122010120201222210222,False
249050,249050,0.055126971474710,001000110011,1001200111,False,10012001112201002102,False,100120011122010021022200202101,False,1001200111220100210222002021010210220021,False,10012001112201002102220020210102102200210101201221,False,100120011122010021022200202101021022002101012012212102000100,False,1001200111220100210222002021010210220021010120122121020001002010121021,False
249176,249176,0.552275921478347,101011001011,1211112022,False,12111120220121121120,False,121111202201211211202112122001,False,1211112022012112112021121220010022210222,False,12111120220121121120211212200100222102221101121221,False,121111202201211211202112122001002221022211011212211210021210,False,1211112022012112112021121220010022210222110112122112100212102111220021,False
249320,249320,0.406160435768218,001000000011,1120011222,False,11200112221012201012,False,112001122210122010121111002220,False,1120011222101220101211110022200101020200,False,11200112221012201012111100222001010202002220122111,False,112001122210122010121111002220010102020022201221110201120102,False,1120011222101220101211110022200101020200222012211102011201021202000221,False
249326,249326,0.191738957196962,101000100111,1020022221,False,10200222210120211211,False,102002222101202112112000200121,False,1020022221012021121120002001212012002121,False,10200222210120211211200020012120120021212222010211,False,102002222101202112112000200121201200212122220102110101110112,False,1020022221012021121120002001212012002121222201021101011101120110011101,False
249342,249342,0.286615014340281,011101000101,1100222210,False,11002222101122010022,False,110022221011220100222011011112,False,1100222210112201002220110111121212122001,False,11002222101122010022201101111212121220012122211200,False,110022221011220100222011011112121212200121222112001010011021,False,1100222210112201002220110111121212122001212221120010100110210111012002,False
249390,249390,0.571243185770238,001011101001,1212120110,False,12121201101110121012,False,121212011011101210121000120101,False,1212120110111012101210001201010010002201,False,12121201101110121012100012010100100022011001102201,False,121212011011101210121000120101001000220110011022011201220110,False,1212120110111012101210001201010010002201100110220112012201102212020001,False
249398,249398,0.618681214341898,000110011111,1222021111,False,12220211112110201101,False,122202111121102011012012201012,False,1222021111211020110120122010120201121012,False,12220211112110201101201220101202011210120211021210,False,122202111121102011012012201012020112101202110212101112202020,False,1222021111211020110120122010120201121012021102121011122020200221100121,False
249506,249506,0.759094600059301,000101101111,2022011110,False,20220111100020010112,False,202201111000200101122120010010,False,2022011110002001011221200100100211110110,False,20220111100020010112212001001002111101100020121020,False,202201111000200101122120010010021111011000201210202210002111,False,2022011110002001011221200100100211110110002012102022100021112200200211,False
249558,249558,0.567441785775088,011100010101,1212100202,False,12121002022112011110,False,121210020221120111102120200001,False,1212100202211201111021202000011101002121,False,12121002022112011110212020000111010021212200122110,False,121210020221120111102120200001110100212122001221100101122110,False,1212100202211201111021202000011101002121220012211001011221101122221200,False
249650,249650,0.612979114349172,101011000111,1221221112,False,12212211120211100211,False,122122111202111002112011110100,False,1221221112021110021120111101000020120121,False,12212211120211100211201111010000201201210212120210,False,122122111202111002112011110100002012012102121202102022002112,False,1221221112021110021120111101000020120121021212021020220021121200001112,False
249704,249704,0.683185807207874,100100010111,2010012011,False,20100120110022000212,False,201001201100220002120221011211,False,2010012011002200021202210112110222222111,False,20100120110022000212022101121102222221110200021100,False,201001201100220002120221011211022222211102000211001120120102,False,2010012011002200021202210112110222222111020002110011201201021211122221,False
249968,249968,0.248640750072637,010011100011,1022110222,False,10221102221220010012,False,102211022212200100120122001122,False,1022110222122001001201220011221000022011,False,10221102221220010012012200112210000220112211122222,False,102211022212200100120122001122100002201122111222222220202220,False,1022110222122001001201220011221000022011221112222222202022201102221010,False
250310,250310,0.026616471511080,011000101011,1000210122,False,10002101220011012012,False,100021012200110120122010002121,False,1000210122001101201220100021212100102222,False,10002101220011012012201000212121001022220222110201,False,100021012200110120122010002121210010222202221102011211020200,False,1000210122001101201220100021212100102222022211020112110202002210101111,False
250578,250578,0.115790428661674,101001111001,1010122220,False,10101222200020110100,False,101012222000201101002001012120,False,1010122220002011010020010121200021200021,False,10101222200020110100200101212000212000210220201112,False,101012222000201101002001012120002120002102202011120201010012,False,1010122220002011010020010121200021200021022020111202010100122210100212,False
250692,250692,0.041782335807821,110011110101,1001021020,False,10010210201200012120,False,100102102012000121200212111020,False,1001021020120001212002121110202011220111,False,10010210201200012120021211102020112201112212021211,False,100102102012000121200212111020201122011122120212112100100101,False,1001021020120001212002121110202011220111221202121121001001010222222221,False
250800,250800,0.182195721525225,111011000101,1012222112,False,10122221122022220002,False,101222211220222200022020110122,False,1012222112202222000220201101221211100100,False,10122221122022220002202011012212111001000211221121,False,101222211220222200022020110122121110010002112211211211210212,False,1012222112202222000220201101221211100100021122112112112102121021002102,False
250992,250992,0.320708407245052,000101010001,1102101220,False,11021012202100012122,False,110210122021000121220212202220,False,1102101220210001212202122022202001101020,False,11021012202100012122021220222020011010200000020112,False,110210122021000121220212202220200110102000000201122101010002,False,1102101220210001212202122022202001101020000002011221010100020012011101,False
250994,250994,0.582567914387967,001111110011,1220012120,False,12200121200010021112,False,122001212000100211120011200212,False,1220012120001002111200112002122201211122,False,12200121200010021112001120021222012111220000022201,False,122001212000100211120011200212220121112200000222012011111002,False,1220012120001002111200112002122201211122000002220120111110022020212211,False
251640,251640,0.163188721549472,111011110001,1012022010,False,10120220102200112111,False,101202201022001121110011101022,False,1012022010220011211100111010220121222110,False,10120220102200112111001110102201212221100201222111,False,101202201022001121110011101022012122211002012221111000220220,False,1012022010220011211100111010220121222110020122211110002202200020101211,False
251898,251898,0.943065142985490,101101111101,2211002101,False,22110021011222220020,False,221100210112222200202121121211,False,2211002101122222002021211212110220101222,False,22110021011222220020212112121102201012222100011211,False,221100210112222200202121121211022010122221000112110122001221,False,2211002101122222002021211212110220101222210001121101220012211012110200,False
251910,251910,0.514222185842980,000011100001,1202111112,False,12021111122102222211,False,120211111221022222112011111102,False,1202111112210222221120111111021012001201,False,12021111122102222211201111110210120012012211112121,False,120211111221022222112011111102101200120122111121210212111002,False,1202111112210222221120111111021012001201221111212102121110021210210122,False
252222,252222,0.364305300137700,011000011101,1111021210,False,11110212101001012101,False,111102121010010121010012200201,False,1111021210100101210100122002012021022210,False,11110212101001012101001220020120210222101122111210,False,111102121010010121010012200201202102221011221112100201110200,False,1111021210100101210100122002012021022210112211121002011102001102002212,False
252398,252398,0.407941928714209,000000100011,1120021012,False,11200210121221200120,False,112002101212212001200121111122,False,1120021012122120012001211111220002120020,False,11200210121221200120012111112200021200202002221221,False,112002101212212001200121111122000212002020022212210001010102,False,1120021012122120012001211111220002120020200222122100010101020100021022,False
252782,252782,0.684967300153865,111010110111,2010022011,False,20100220112022222120,False,201002201120222221202220012222,False,2010022011202222212022200122221102002200,False,20100220112022222120222001222211020022001100021000,False,201002201120222221202220012222110200220011000210000010202112,False,2010022011202222212022200122221102002200110002100000102021122100112021,False
252800,252800,0.041702864440099,111101011111,1001021011,False,10010210112021110212,False,100102101120211102121021010101,False,1001021011202111021210210101011221012022,False,10010210112021110212102101010112210120220120212012,False,100102101120211102121021010101122101202201202120121220022212,False,1001021011202111021210210101011221012022012021201212200222121022200021,False
252882,252882,0.777942657299609,111100100001,2100110120,False,21001101200201222112,False,210011012002012221120201100011,False,2100110120020122211202011000112000100220,False,21001101200201222112020110001120001002202010102202,False,210011012002012221120201100011200010022020101022022221202111,False,2100110120020122211202011000112000100220201010220222212021111002120112,False
253008,253008,0.275091607303246,110000111001,1100112020,False,11001120200212211020,False,110011202002122110202002102111,False,1100112020021221102020021021110011200211,False,11001120200212211020200210211100112002112022222011,False,110011202002122110202002102111001120021120222220112100012010,False,1100112020021221102020021021110011200211202222201121000120102121022012,False
253232,253232,0.603356407309712,010010001111,1221101111,False,12211011111011112200,False,122110111110111122000220202210,False,1221101111101111220002202022101222100112,False,12211011111011112200022020221012221001120100021100,False,122110111110111122000220202210122210011201000211001012220102,False,1221101111101111220002202022101222100112010002110010122201022211000212,False
253394,253394,0.813976485885816,011000101111,2110000202,False,21100002021121021121,False,211000020211210211210110212102,False,2110000202112102112101102121020000201120,False,21100002021121021121011021210200002011202000221211,False,211000020211210211210110212102000020112020002212112222101202,False,2110000202112102112101102121020000201120200022121122221012020011111222,False
253422,253422,0.480009585886625,110100010001,1200202020,False,12002020201012101200,False,120020202010121012000121011112,False,1200202020101210120001210111120021220211,False,12002020201012101200012101111200212202111211111221,False,120020202010121012000121011112002122021112111112210002211211,False,1200202020101210120001210111120021220211121111122100022112112022211001,False
253550,253550,0.239018043033177,111111001011,1022002220,False,10220022201220000000,False,102200222012200000001210020100,False,1022002220122000000012100201000122011112,False,10220022201220000000121002010001220111120022120222,False,102200222012200000001210020100012201111200221202221001211120,False,1022002220122000000012100201000122011112002212022210012111200020011112,False
253692,253692,0.831043050180133,110100000001,2111021111,False,21110211111122102102,False,211102111111221021022210102101,False,2111021111112210210222101021011000201122,False,21110211111122102102221010210110002011221200220222,False,211102111111221021022210102101100020112212002202222122001022,False,2111021111112210210222101021011000201122120022022221220010221020101021,False
254186,254186,0.510341314480107,010001100111,1202022002,False,12020220021110102002,False,120202200211101020022111212000,False,1202022002111010200221112120002010222220,False,12020220021110102002211121200020102222201000201111,False,120202200211101020022111212000201022222010002011112011100211,False,1202022002111010200221112120002010222220100020111120111002112002201102,False
254258,254258,0.937283571625042,010111011111,2210121101,False,22101211011101100222,False,221012110111011002220001001110,False,2210121101110110022200010011102020101220,False,22101211011101100222000100111020201012201212222100,False,221012110111011002220001001110202010122012122221002010102122,False,2210121101110110022200010011102020101220121222210020101021222002121010,False
254328,254328,0.102366321627063,110000111101,1010012202,False,10100122022111212122,False,101001220221112121222211220022,False,1010012202211121212222112200222002222212,False,10100122022111212122221122002220022222120211021100,False,101001220221112121222211220022200222221202110211001112222222,False,1010012202211121212222112200222002222212021102110011122222221212110111,False
254852,254852,0.709557193070760,110010101111,2011212112,False,20112121122000001210,False,201121211220000012102112212200,False,2011212112200000121021122122002210221001,False,20112121122000001210211221220022102210011220111200,False,201121211220000012102112212200221022100112201112002001001102,False,2011212112200000121021122122002210221001122011120020010011020021002121,False
255158,255158,0.774061785936735,110110100111,2100012021,False,21000120211012222022,False,210001202110122220221222101211,False,2100012021101222202212221012111200010110,False,21000120211012222022122210121112000101101022022200,False,210001202110122220221222101211120001011010220222002220002010,False,2100012021101222202212221012111200010110102202220022200020100221210111,False
255174,255174,0.868937843080054,110111000101,2121010201,False,21210102011111011221,False,212101020111110112211111012022,False,2121010201111101122111110120220211110000,False,21210102011111011221111101202202111100001202202120,False,212101020111110112211111012022021111000012022021202101220101,False,2121010201111101122111110120220211110000120220212021012201011001211210,False
255336,255336,0.079557921656159,001110100101,1002110120,False,10021101202100021002,False,100211012021000210021202120201,False,1002110120210002100212021202010101110001,False,10021101202100021002120212020101011100012001020020,False,100211012021000210021202120201010111000120010200202121021020,False,1002110120210002100212021202010101110001200102002021210210200010200202,False
255624,255624,0.787326950235901,111111011101,2101010022,False,21010100222010010000,False,210101002220100100002101122112,False,2101010022201001000021011221121010201000,False,21010100222010010000210112211210102010002212121021,False,210101002220100100002101122112101020100022121210211200021200,False,2101010022201001000021011221121010201000221212102112000212000022100010,False
255762,255762,0.855632943097027,111001011001,2120010020,False,21200100201200102220,False,212001002012001022200100112021,False,2120010020120010222001001120211001111220,False,21200100201200102220010011202110011112200121101202,False,212001002012001022200100112021100111122001211012021021200101,False,2120010020120010222001001120211001111220012110120210212001011121000020,False
255822,255822,0.711418157384474,111101100101,2011222210,False,20112222101111121202,False,201122221011111212021021110221,False,2011222210111112120210211102210121022202,False,20112222101111121202102111022101210222021202120212,False,201122221011111212021021110221012102220212021202122122121011,False,2011222210111112120210211102210121022202120212021221221210111010201011,False
255894,255894,0.138360414529409,111100001101,1011102200,False,10111022000210200222,False,101110220002102002221210111011,False,1011102200021020022212101110111000122110,False,10111022000210200222121011101110001221101222100011,False,101110220002102002221210111011100012211012221000112011100001,False,1011102200021020022212101110111000122110122210001120111000011201202111,False
256022,256022,0.897368871675961,101111010111,2200100210,False,22001002102020021000,False,220010021020200210000122221221,False,2200100210202002100001222212212010112111,False,22001002102020021000012222122120101121110000110001,False,220010021020200210000122221221201011211100001100011221011011,False,2200100210202002100001222212212010112111000011000112210110112112200022,False
256184,256184,0.107988950252066,011001110111,1010101211,False,10101012110221111002,False,101010121102211110020010011101,False,1010101211022111100200100111012012210000,False,10101012110221111002001001110120122100002212110100,False,101010121102211110020010011101201221000022121101001010100202,False,1010101211022111100200100111012012210000221211010010101002020110212020,False
256454,256454,0.459022414545574,011000000111,1122201002,False,11222010020122222020,False,112220100201222220201012022121,False,1122201002012222202010120221210201002221,False,11222010020122222020101202212102010022212022012100,False,112220100201222220201012022121020100222120220121002022002100,False,1122201002012222202010120221210201002221202201210020220021002221211001,False
256596,256596,0.051047421692530,110100011101,1001120001,False,10011200011011102222,False,100112000110111022220212002001,False,1001120001101110222202120020010211210200,False,10011200011011102222021200200102112102001210101202,False,100112000110111022220212002001021121020012101012020120200200,False,1001120001101110222202120020010211210200121010120201202002001101012000,False
256634,256634,0.026378057407913,011001001111,1000210102,False,10002101022020021011,False,100021010220200210111220120121,False,1000210102202002101112201201212210000210,False,10002101022020021011122012012122100002102022200211,False,100021010220200210111220120121221000021020222002111000210221,False,1000210102202002101112201201212210000210202220021110002102211210102201,False
257028,257028,0.612700964562143,000111101101,1221221002,False,12212210021110011012,False,122122100211100110120121012110,False,1221221002111001101201210121102210100010,False,12212210021110011012012101211022101000102220012002,False,122122100211100110120121012110221010001022200120021111210102,False,1221221002111001101201210121102210100010222001200211112101021201102002,False
257156,257156,0.371709421708695,001110110111,1111121200,False,11111212000200111122,False,111112120002001111220000200002,False,1111121200020011112200002000020222012102,False,11111212000200111122000020000202220121021212101011,False,111112120002001111220000200002022201210212121010112101112101,False,1111121200020011112200002000020222012102121210101121011121010120102022,False
257334,257334,0.677205557428119,100011010101,2002211001,False,20022110010020112222,False,200221100100201122220020222100,False,2002211001002011222200202221001101221200,False,20022110010020112222002022210011012212002020200102,False,200221100100201122220020222100110122120020202001022021110000,False,2002211001002011222200202221001101221200202020010220211100002212101102,False
257438,257438,0.293899928859692,101110001011,1101021211,False,11010212110201102210,False,110102121102011022102222201102,False,1101021211020110221022222011022010220220,False,11010212110201102210222220110220102202200121100210,False,110102121102011022102222201102201022022001211002101001021210,False,1101021211020110221022222011022010220220012110021010010212100201211020,False
257604,257604,0.028239021721627,000010000101,1000211222,False,10002112220122002122,False,100021122201220021221222011111,False,1000211222012200212212220111110120011002,False,10002112220122002122122201111101200110020111212202,False,100021122201220021221222011111012001100201112122020202210112,False,1000211222012200212212220111110120011002011121220202022101121121120022,False
257606,257606,0.290098528864541,000110001111,1101010121,False,11010101212211210112,False,110101012122112101121121212222,False,1101010121221121011211212122221202012102,False,11010101212211210112112121222212020121022200111200,False,110101012122112101121121212222120201210222001112000000201201,False,1101010121221121011211212122221202012102220011120000002012011011002102,False
257642,257642,0.003569657437009,000011110111,1000002212,False,10000022121000200110,False,100000221210002001101200221121,False,1000002212100020011012002211212220012211,False,10000022121000200110120022112122200122112201201120,False,100000221210002001101200221121222001221122012011200121112102,False,1000002212100020011012002211212220012211220120112001211121020202202120,False
257730,257730,0.525387971725264,010111111101,1210002101,False,12100021010122122201,False,121000210101221222012202102001,False,1210002101012212220122021020010210112012,False,12100021010122122201220210200102101120120101120000,False,121000210101221222012202102001021011201201011200002110110102,False,1210002101012212220122021020010210112012010112000021101101021222121212,False
257768,257768,0.500718607440646,001100101111,1201210122,False,12012101222122101100,False,120121012221221011002102100201,False,1201210122212210110021021002011202202201,False,12012101222122101100210210020112022022012200222020,False,120121012221221011002102100201120220220122002220201111221011,False,1201210122212210110021021002011202202201220022202011112210110012220111,False
258090,258090,0.660099257449941,010001000101,2001202110,False,20012021102212011221,False,200120211022120112211101001010,False,2001202110221201122111010010101100001210,False,20012021102212011221110100101011000012101120102221,False,200120211022120112211101001010110000121011201022211011100111,False,2001202110221201122111010010101100001210112010222110111001112110110112,False
258092,258092,0.921958764592856,110011001111,2202100022,False,22021000220210220120,False,220210002202102201202211101111,False,2202100022021022012022111011111210002101,False,22021000220210220120221110111112100021012002120220,False,220210002202102201202211101111121000210120021202202112210200,False,2202100022021022012022111011111210002101200212022021122102001021121201,False
258284,258284,0.060471450312684,101001110011,1001212002,False,10012120020010212220,False,100121200200102122201111022001,False,1001212002001021222011110220010112201021,False,10012120020010212220111102200101122010211200122222,False,100121200200102122201111022001011220102112001222220202211202,False,1001212002001021222011110220010112201021120012222202022112020200211210,False
258306,258306,0.940926028884747,010000010101,2210220120,False,22102201201101120121,False,221022012011011201212112121002,False,2210220120110112012121121210022212112101,False,22102201201101120121211212100222121121012021122110,False,221022012011011201212112121002221211210120211221100220110122,False,2210220120110112012121121210022212112101202112211002201101220000100121,False
258308,258308,0.202785536027662,110000111111,1020201220,False,10202012202121200221,False,102020122021212002211110111011,False,1020201220212120022111101110110221110101,False,10202012202121200221111011101102211101012100101202,False,102020122021212002211110111011022111010121001012021101212121,False,1020201220212120022111101110110221110101210010120211012121211200011021,False
258452,258452,0.056670050317533,111000010111,1001201211,False,10012012111011001002,False,100120121110110010022200022001,False,1001201211101100100222000220011012022202,False,10012012111011001002220002200110120222022200111220,False,100120121110110010022200022001101202220222001112200221010012,False,1001201211101100100222000220011012022202220011122002210100120001021111,False
258540,258540,0.578488364605788,101001011101,1212222101,False,12122221010100001202,False,121222210101000012020200002211,False,1212222101010000120202000022111220122212,False,12122221010100001202020000221112201222120221211120,False,121222210101000012020200002211122012221202212111201010222000,False,1212222101010000120202000022111220122212022121112010102220000020221101,False
259112,259112,0.470307407479442,010001111011,1200021010,False,12000210102101121002,False,120002101021011210021221201220,False,1200021010210112100212212012201010211022,False,12000210102101121002122120122010102110221211001121,False,120002101021011210021221201220101021102212110011210000200020,False,1200021010210112100212212012201010211022121100112100002000201121011122,False
259226,259226,0.396299314625590,100110101111,1112201201,False,11122012010010120220,False,111220120100101202201222101002,False,1112201201001012022012221010022022002221,False,11122012010010120220122210100220220022210110221010,False,111220120100101202201222101002202200222101102210101011211010,False,1112201201001012022012221010022022002221011022101010112110100021122202,False
259524,259524,0.413365878919906,101110000001,1120112000,False,11201120002102020210,False,112011200021020202101212010100,False,1120112000210202021012120101001221201121,False,11201120002102020210121201010012212011212200011020,False,112011200021020202101212010100122120112122000110200110101012,False,1120112000210202021012120101001221201121220001102001101010122110200111,False
259712,259712,0.028159550353904,010011101111,1000211220,False,10002112201022112001,False,100021122010221120012022021202,False,1000211220102211200120220212020122122222,False,10002112201022112001202202120201221222222210121212,False,100021122010221120012022021202012212222222101212122011000220,False,1000211220102211200120220212020122122222221012121220110002202122012020,False
259910,259910,0.952250757502477,100010010111,2211212020,False,22112120200202211222,False,221121202002022112220001002021,False,2211212020020221122200010020210210201120,False,22112120200202211222000100202102102011202012001120,False,221121202002022112220001002021021020112020120011200000101121,False,2211212020020221122200010020210210201120201200112000001011210211100001,False
260136,260136,0.542375064651857,000101011001,1210222211,False,12102222111202121220,False,121022221112021212201121110210,False,1210222211120212122011211102101212121020,False,12102222111202121220112111021012121210202021011000,False,121022221112021212201121110210121212102020210110001201200202,False,1210222211120212122011211102101212121020202101100012012002021111010000,False
260552,260552,0.009152550378151,110010010011,1000021100,False,10000211002201221201,False,100002110022012212010001022001,False,1000021100220122120100010220010110011000,False,10000211002201221201000102200101100110002221201102,False,100002110022012212010001022001011001100022212011021210001221,False,1000021100220122120100010220010110011000222120110212100012211112022001,False
260570,260570,0.365888114664385,011011111011,1111100200,False,11111002001101122012,False,111110020011011220120021022202,False,1111100200110112201200210222021100221102,False,11111002001101122012002102220211002211022222100112,False,111110020011011220120021022202110022110222221001120012112211,False,1111100200110112201200210222021100221102222210011200121122112201002001,False
260646,260646,0.316549386095150,000001111101,1102020012,False,11020200120110012102,False,110202001201100121020001022102,False,1102020012011001210200010221020122011101,False,11020200120110012102000102210201220111011120020110,False,110202001201100121020001022102012201110111200201101020000012,False,1102020012011001210200010221020122011101112002011010200000122102200020,False
260840,260840,0.716921578957893,001001001011,2012100110,False,20121001100220202211,False,201210011002202022112110210122,False,2012100110022020221121102101221021020200,False,20121001100220202211211021012210210202002000122001,False,201210011002202022112110210122102102020020001220011201222221,False,2012100110022020221121102101221021020200200012200112012222212011210011,False
261008,261008,0.713120178962742,001101001111,2012002202,False,20120022022222021110,False,201200220222220211100212011020,False,2012002202222202111002120110200100022110,False,20120022022222021110021201102001000221100010010222,False,201200220222220211100212011020010002211000100102222121000111,False,2012002202222202111002120110200100022110001001022221210001112002220011,False
261054,261054,0.735888843249785,010101101001,2020121012,False,20201210121000000210,False,202012101210000002101211200210,False,2020121012100000021012112002100212001020,False,20201210121000000210121120021002120010201101102020,False,202012101210000002101211200210021200102011011020200202210102,False,2020121012100000021012112002100212001020110110202002022101021221222020,False
261870,261870,0.574567757559053,111110110101,1212202110,False,12122021101011121222,False,121220211010111212221120120000,False,1212202110101112122211201200001220200112,False,12122021101011121222112012000012202001121221111210,False,121220211010111212221120120000122020011212211112102121000102,False,1212202110101112122211201200001220200112122111121021210001020102121101,False
262466,262466,0.608700886147686,100111001111,1221200211,False,12212002110212111120,False,122120021102121111202210211000,False,1221200211021211112022102110001120212112,False,12212002110212111120221021100011202121121020112020,False,122120021102121111202210211000112021211210201120201122112200,False,1221200211021211112022102110001120212112102011202011221122001101122000,False
262658,262658,0.747213571867514,011101110011,2021100200,False,20211002001012022000,False,202110020010120220000010202122,False,2021100200101202200000102021220021201120,False,20211002001012022000001020212200212011201110002002,False,202110020010120220000010202122002120112011100020020201020221,False,2021100200101202200000102021220021201120111000200202010202212200012102,False
262682,262682,0.889527657582492,100100111111,2122202001,False,21222020010210000202,False,212220200102100002020122121201,False,2122202001021000020201221212011010102221,False,21222020010210000202012212120110101022211022101212,False,212220200102100002020122121201101010222110221012122211202121,False,2122202001021000020201221212011010102221102210121222112021210010020112,False
262826,262826,0.743412171872363,001100010111,2021002202,False,20210022022221120012,False,202100220222211200122112020100,False,2021002202222112001221120201001022120210,False,20210022022221120012211202010010221202101201212220,False,202100220222211200122112020100102212021012012122202010210121,False,2021002202222112001221120201001022120210120121222020102101210021110001,False
262928,262928,0.098247036161022,001101000011,1010002002,False,10100020021011012200,False,101000200210110122000110002111,False,1010002002101101220001100021112002002201,False,10100020021011012200011000211120020022011211111120,False,101000200210110122000110002111200200220112111111202120101112,False,1010002002101101220001100021112002002201121111112021201011122022021212,False
263090,263090,0.308867114737127,111011100011,1101220111,False,11012201112210021101,False,110122011122100211010021210021,False,1101220111221002110100212100212200222221,False,11012201112210021101002121002122002222211012120011,False,110122011122100211010021210021220022222110121200111221022100,False,1101220111221002110100212100212200222221101212001112210221000101111112,False
263214,263214,0.544156557597849,100110111001,1211002102,False,12110021021200100102,False,121100210212001001021111110002,False,1211002102120010010211111100022221012102,False,12110021021200100102111111000222210121021110110102,False,121100210212001001021111110002222101210211101101021001212022,False,1211002102120010010211111100022221012102111011010210012120221001010200,False
263304,263304,0.327834379029018,000101110001,1102201001,False,11022010012110021210,False,110220100121100212100211200212,False,1102201001211002121002112002121121201011,False,11022010012110021210021120021211212010110122000202,False,110220100121100212100211200212112120101101220002020111201002,False,1102201001211002121002112002121121201011012200020201112010020020110101,False
263814,263814,0.102008700472311,101011110101,1010012110,False,10100121100120001211,False,101001211001200012110002210101,False,1010012110012000121100022101011020100201,False,10100121100120001211000221010110201002011210022100,False,101001211001200012110002210101102010020112100221000100110100,False,1010012110012000121100022101011020100201121002210001001101002110210010,False
263832,263832,0.458744264758545,111110101101,1122200201,False,11222002010210101211,False,112220020102101012110212111111,False,1122200201021010121102121111111001221100,False,11222002010210101211021211111110012211002012000201,False,112220020102101012110212111111100122110020120002012222112200,False,1122200201021010121102121111111001221100201200020122221122000002202102,False
263900,263900,0.361967507617651,100010000011,1111012000,False,11110120000000222210,False,111101200000002222100020011000,False,1111012000000022221000200110001120222000,False,11110120000000222210002001100011202220000120000012,False,111101200000002222100020011000112022200001200000122020210002,False,1111012000000022221000200110001120222000012000001220202100021020011021,False
264084,264084,0.453042164765819,000010100101,1122102011,False,11221020112101211000,False,112210201121012110000122100102,False,1122102011210121100001221001022222201220,False,11221020112101211000012210010222222012201121010101,False,112210201121012110000122100102222220122011210101011202100010,False,1122102011210121100001221001022222201220112101010112021000101102200002,False
264086,264086,0.714901671908734,000111101111,2012012220,False,20120122201012102100,False,201201222010121021000212010120,False,2012012220101210210002120101202222122112,False,20120122201012102100021201012022221221122010111112,False,201201222010121021000212010120222212211220101111120100010011,False,2012012220101210210002120101202222122112201011111201000100111220120010,False
264296,264296,0.210149921914796,001000011011,1021000022,False,10210000222000001121,False,102100002220000011210021001012,False,1021000022200000112100210010120010012220,False,10210000222000001121002100101200100122201200001221,False,102100002220000011210021001012001001222012000012211121201110,False,1021000022200000112100210010120010012220120000122111212011101200001200,False
264372,264372,0.160811193345561,010011011101,1012012212,False,10120122121101222220,False,101201221211012222202001000101,False,1012012212110122222020010001012001100202,False,10120122121101222220200100010120011002020110202111,False,101201221211012222202001000101200110020201102021112101121000,False,1012012212110122222020010001012001100202011020211121011210002100201011,False
264384,264384,0.731968236203050,111101000001,2020100011,False,20201000111101100102,False,202010001111011001020221220222,False,2020100011110110010202212202221000201111,False,20201000111101100102022122022210002011110120222020,False,202010001111011001020221220222100020111101202220200121010100,False,2020100011110110010202212202221000201111012022202001210101002200022200,False
264446,264446,0.849612957633411,100000110111,2112122221,False,21121222211020011001,False,211212222110200110012220010101,False,2112122221102001100122200101011002221102,False,21121222211020011001222001010110022211022120202202,False,211212222110200110012220010101100222110221202022021100120001,False,2112122221102001100122200101011002221102212020220211001200010210001011,False
264534,264534,0.371431271921666,111110111101,1111121100,False,11111211000112201010,False,111112110001122010100021010002,False,1111121100011220101000210100021002220222,False,11111211000112201010002101000210022202220120222010,False,111112110001122010100021010002100222022201202220102012200121,False,1111121100011220101000210100021002220222012022201020122001210212022110,False
264570,264570,0.084902400494133,110001100101,1002122021,False,10021220210211102000,False,100212202102111020001101001101,False,1002122021021110200011010011012121221020,False,10021220210211102000110100110121212210202101222202,False,100212202102111020001101001101212122102021012222022002212122,False,1002122021021110200011010011012121221020210122220220022121222022122012,False
264642,264642,0.511844657639069,010000001101,1202101012,False,12021010121110010011,False,120210101211100100112121220111,False,1202101012111001001121212201111001120011,False,12021010121110010011212122011110011200111222202202,False,120210101211100100112121220111100112001112222022020120220210,False,1202101012111001001121212201111001120011122220220201202202100210211210,False
264782,264782,0.842010157643110,001101011011,2112002112,False,21120021120011021121,False,211200211200110211212201202200,False,2112002112001102112122012022001222002211,False,21120021120011021121220120220012220022111102212220,False,211200211200110211212201202200122200221111022122201111012112,False,2112002112001102112122012022001222002211110221222011110121120121022111,False
265214,265214,0.403663700512723,011101001011,1120001212,False,11200012120111112212,False,112000121201111122122211020022,False,1120001212011111221222110200222212111202,False,11200012120111112212221102002222121112020021020220,False,112000121201111122122211020022221211120200210202201211212012,False,1120001212011111221222110200222212111202002102022012112120120102120011,False
265520,265520,0.468168293378699,101000100011,1200011021,False,12000110211000200120,False,120001102110002001201111211200,False,1200011021100020012011112112000221112100,False,12000110211000200120111121120002211121001120002001,False,120001102110002001201111211200022111210011200020010010210011,False,1200011021100020012011112112000221112100112000200100102100110221201202,False
265688,265688,0.464366893383548,010101000111,1122222012,False,11222220120102200220,False,112222201201022002201200212121,False,1122222012010220022012002121210210000102,False,11222220120102200220120021212102100001020221001210,False,112222201201022002201200212121021000010202210012102021121021,False,1122222012010220022012002121210210000102022100121020211210210120010002,False
265734,265734,0.487135557670590,010100110001,1201002221,False,12010022211120021210,False,120100222111200212101022020101,False,1201002221112002121010220201011120210012,False,12010022211120021210102202010111202100120020011002,False,120100222111200212101022020101112021001200200110020021111021,False,1201002221112002121010220201011120210012002001100200211110212001221202,False
265968,265968,0.124697893391630,101111011001,1010222000,False,10102220002200200122,False,101022200022002001220220010001,False,1010222000220020012202200100010021121020,False,10102220002200200122022001000100211210201121222102,False,101022200022002001220220010001002112102011212221020110100010,False,1010222000220020012202200100010021121020112122210201101000102120002022,False
266006,266006,0.100028529107013,100101100011,1010010200,False,10100102001000121202,False,101001020010001212021110020111,False,1010010200100012120211100201110020120202,False,10100102001000121202111002011100201202020111121021,False,101001020010001212021110020111002012020201111210212001211200,False,1010010200100012120211100201110020120202011112102120012112000001210220,False
266130,266130,0.335317971967735,001000111001,1110000200,False,11100002002021122112,False,111000020020211221122002002122,False,1110000200202112211220020021221101210012,False,11100002002021122112200200212211012100121111022222,False,111000020020211221122002002122110121001211110222222100211122,False,1110000200202112211220020021221101210012111102222221002111222021210010,False
266544,266544,0.540235950551114,001100010001,1210212201,False,12102122012020210100,False,121021220120202101002111110022,False,1210212201202021010021111100221012212101,False,12102122012020210100211111002210122121011002201122,False,121021220120202101002111110022101221210110022011222200012010,False,1210212201202021010021111100221012212101100220112222000120101121101221,False
266814,266814,0.891269414844622,001100000001,2122212202,False,21222122021022001111,False,212221220210220011112220110202,False,2122212202102200111122201102022111221021,False,21222122021022001111222011020221112210210011002101,False,212221220210220011112220110202211122102100110021011102210111,False,2122212202102200111122201102022111221021001100210111022101111210221120,False
266886,266886,0.318211671989558,011111101001,1102022002,False,11020220020021110011,False,110202200200211100110212010111,False,1102022002002111001102120101112212100122,False,11020220020021110011021201011122121001221221222210,False,110202200200211100110212010111221210012212212222102120202212,False,1102022002002111001102120101112212100122122122221021202022122020121100,False
267374,267374,0.211931414860787,000100111011,1021002010,False,10210020100201121220,False,102100201002011212200222002112,False,1021002010020112122002220021122100220020,False,10210020100201121220022200211221002200202200000102,False,102100201002011212200222002112210022002022000001020122000212,False,1021002010020112122002220021122100220020220000010201220002121010101022,False
267450,267450,0.162592686291552,101000111101,1012021120,False,10120211201102222012,False,101202112011022220122100122011,False,1012021120110222201221001220111020102210,False,10120211201102222012210012201110201022102002111002,False,101202112011022220122100122011102010221020021110022102110001,False,1012021120110222201221001220111020102210200211100221021100011002102112,False
267974,267974,0.769783557735249,011010101111,2022220021,False,20222200211011002010,False,202222002110110020102001221101,False,2022220021101100201020012211011121121001,False,20222200211011002010200122110111211210010002021110,False,202222002110110020102001221101112112100100020211102112220000,False,2022220021101100201020012211011121121001000202111021122200001110112010,False
268002,268002,0.435816657736058,010010010001,1121120200,False,11211202002111221202,False,112112020021112212022221110211,False,1121120200211122120222211102112102022001,False,11211202002111221202222111021121020220012220111101,False,112112020021112212022221110211210202200122201111012120101221,False,1121120200211122120222211102112102022001222011110121201012211111210101,False
268004,268004,0.697676164878972,110110110011,2011002221,False,20110022210100121100,False,201100222101001211002220222010,False,2011002221010012110022202220101020001202,False,20110022210100121100222022201010200012021212122212,False,201100222101001211002220222010102000120212121222121102112121,False,2011002221010012110022202220101020001202121212221211021121210000101112,False
268044,268044,0.934866307737270,000111001101,2210101222,False,22101012220211222021,False,221010122202112220212022102102,False,2210101222021122202120221021020011021110,False,22101012220211222021202210210200110211102110222120,False,221010122202112220212022102102001102111021102221200202111220,False,2210101222021122202120221021020011021110211022212002021112201110100122,False
268074,268074,0.862758914880993,111101111001,2120122220,False,21201222201202101112,False,212012222012021011122210120102,False,2120122220120210111222101201022002211202,False,21201222201202101112221012010220022112022021000220,False,212012222012021011122210120102200221120220210002202221200122,False,2120122220120210111222101201022002211202202100022022212001222022001221,False
268188,268188,0.788750822027141,100111110101,2101020000,False,21010200002122202022,False,210102000021222020220101001101,False,2101020000212220202201010011011102211201,False,21010200002122202022010100110111022112011011210000,False,210102000021222020220101001101110221120110112100002112010020,False,2101020000212220202201010011011102211201101121000021120100200022101000,False
268274,268274,0.048709629172480,010110000011,1001111001,True,10011110012222001112,False,100111100122220011120212200022,False,1001111001222200111202122000221100022211,False,10011110012222001112021220002211000222111121011211,False,100111100122220011120212200022110002221111210112110020100202,False,1001111001222200111202122000221100022211112101121100201002022220121102,False
268280,268280,0.834288150601225,011110100111,2111111222,False,21111112222010202121,False,211111122220102021212122010102,False,2111111222201020212121220101020002002221,False,21111112222010202121212201010200020022211020100102,False,211111122220102021212122010102000200222110201001021000002011,False,2111111222201020212121220101020002002221102010010210000020112010022221,False
268296,268296,0.929164207744544,101111000101,2202221020,False,22022210202222211200,False,220222102022222112002221111112,False,2202221020222221120022211111120211000001,False,22022210202222211200222111111202110000010220222211,False,220222102022222112002221111112021100000102202222110101021100,False,2202221020222221120022211111120211000001022022221101010211001110202000,False
268670,268670,0.896892043469626,011100011011,2200022210,False,22000222100100110012,False,220002221001001100121202120112,False,2200022210010011001212021201120001100011,False,22000222100100110012120212011200011000110110020012,False,220002221001001100121202120112000110001101100200122110221120,False,2200022210010011001212021201120001100011011002001221102211201120001202,False
268766,268766,0.466148386329539,100011100111,1200001120,False,12000011201002221000,False,120000112010022210001211220212,False,1200001120100222100012112202121112001022,False,12000011201002221000121122021211120010220210111022,False,120000112010022210001211220212111200102202101110220202021022,False,1200001120100222100012112202121112001022021011102202020210221210020000,False
268832,268832,0.107512122045730,001110111011,1010101101,True,10101011012010100021,False,101010110120101000211202202121,False,1010101101201010002112022021211010001211,False,10101011012010100021120220212110100012111011211100,False,101010110120101000211202202121101000121110112111000121111000,False,1010101101201010002112022021211010001211101121110001211110002121102222,False
269102,269102,0.458545586339238,001100001011,1122200110,False,11222001100110102121,False,112220011001101021211001012022,False,1122200110011010212110010120222101100012,False,11222001100110102121100101202221011000122122111110,False,112220011001101021211001012022210110001221221111101100101102,False,1122200110011010212110010120222101100012212211111011001011022210000000,False
269264,269264,0.669165664915343,100110101011,2002022112,False,20020221122112201201,False,200202211221122012012011121022,False,2002022112211220120120111210221122120222,False,20020221122112201201201112102211221202220200021020,False,200202211221122012012011121022112212022202000210202110121222,False,2002022112211220120120111210221122120222020002102021101212220020000010,False
269316,269316,0.477512850631130,100110101001,1200121212,False,12001212120010120210,False,120012121200101202102221022222,False,1200121212001012021022210222220112212121,False,12001212120010120210222102222201122121211212202102,False,120012121200101202102221022222011221212112122021021122222100,False,1200121212001012021022210222220112212121121220210211222221000112222011,False
269532,269532,0.758339622065936,100011111001,2022010001,False,20220100011111202111,False,202201000111112021110122022002,False,2022010001111120211101220220022020000202,False,20220100011111202111012202200220200002022210020112,False,202201000111112021110122022002202000020222100201121010010012,False,2022010001111120211101220220022020000202221002011210100100121210210222,False
269718,269718,0.111273786357020,101100011101,1010111210,False,10101112101022110001,False,101011121010221100011020200002,False,1010111210102211000110202000021110222010,False,10101112101022110001102020000211102220102022200221,False,101011121010221100011020200002111022201020222002210000100001,False,1010111210102211000110202000021110222010202220022100001000010222010120,False
269786,269786,0.014497029216125,110011010011,1000102200,False,10001022002222110011,False,100010220022221100112121122012,False,1000102200222211001121211220121221121101,False,10001022002222110011212112201212211211012021122122,False,100010220022221100112121122012122112110120211221220001110112,False,1000102200222211001121211220121221121101202112212200011101120102020002,False
269894,269894,0.154910414933529,011100100011,1012000020,False,10120000202010020021,False,101200002020100200210012220021,False,1012000020201002002100122200212011200100,False,10120000202010020021001222002120112001000220200010,False,101200002020100200210012220021201120010002202000102212012120,False,1012000020201002002100122200212011200100022020001022120121200000110211,False
270618,270618,0.948052000668713,110010110101,2211111200,False,22111112001011200202,False,221111120010112002022220221212,False,2211111200101120020222202212120212120000,False,22111112001011200202222022121202121200002002002122,False,221111120010112002022220221212021212000020020021221122201002,False,2211111200101120020222202212120212120000200200212211222010021120001201,False
270852,270852,0.585614336389753,001111111101,1220101012,False,12201010120112220100,False,122010101201122201001222222001,False,1220101012011222010012222220012210210102,False,12201010120112220100122222200122102101022012212102,False,122010101201122201001222222001221021010220122121021000012201,False,1220101012011222010012222220012210210102201221210210000122011111200200,False
271034,271034,0.414829486395007,101010000111,1120120212,False,11201202122001121120,False,112012021220011211200200121021,False,1120120212200112112002001210212222100001,False,11201202122001121120020012102122221000010222001002,False,112012021220011211200200121021222210000102220010021010000101,False,1120120212200112112002001210212222100001022200100210100001012101010122,False
271122,271122,0.936647800683261,000100101101,2210112221,False,22101122212221010222,False,221011222122210102221011211211,False,2210112221222101022210112112110112111210,False,22101122212221010222101121121101121112100002010200,False,221011222122210102221011211211011211121000020102001001021211,False,2210112221222101022210112112110112111210000201020010010212111200201021,False
271212,271212,0.720325622114431,001001000101,2012120110,False,20121201101020102202,False,201212011010201022021022202110,False,2012120110102010220210222021102002201000,False,20121201101020102202102220211020022010002022201001,False,201212011010201022021022202110200220100020222010011121202010,False,2012120110102010220210222021102002201000202220100111212020102010111111,False
271214,271214,0.982185129257346,011011001111,2221102121,False,22211021211122120200,False,222110212111221202000202200021,False,2221102121112212020002022000212210121101,False,22211021211122120200020220002122101211010002121102,False,222110212111221202000202200021221012110100021211020011022211,False,2221102121112212020002022000212210121101000212110200110222112211200000,False
271314,271314,0.075160486403089,111000011001,1002022202,False,10020222020202201212,False,100202220202022012121021002102,False,1002022202020220121210210021020020202111,False,10020222020202201212102100210200202021112201110112,False,100202220202022012121021002102002020211122011101122012022010,False,1002022202020220121210210021020020202111220111011220120220101101200212,False
271428,271428,0.001152393549237,001000010101,1000000220,False,10000002202210202010,False,100000022022102020100011112101,False,1000000220221020201000111121011111121210,False,10000002202210202010001111210111111212102122102112,False,100000022022102020100011112101111112121021221021122020021101,False,1000000220221020201000111121011111121210212210211220200211011000010220,False
271430,271430,0.263011900692152,011000111111,1100001020,False,11000010200201222211,False,110000102002012222110020001012,False,1100001020020122221100200010120000011102,False,11000010200201222211002000101200000111020112020101,False,110000102002012222110020001012000001110201120201011222100211,False,1100001020020122221100200010120000011102011202010112221002112100012012,False
271566,271566,0.069458386410363,101110110001,1002010210,False,10020102102021110211,False,100201021020211102111012111200,False,1002010210202111021110121112000020022201,False,10020102102021110211101211120000200222012221101111,False,100201021020211102111012111200002002220122211011111000022210,False,1002010210202111021110121112000020022201222110111110000222100121020110,False
271682,271682,0.257309800699426,101101100111,1022211011,False,10222110110110011120,False,102221101101100111201122102200,False,1022211011011001112011221022000002222011,False,10222110110110011120112210220000022220112102201020,False,102221101101100111201122102200000222201121022010200122210012,False,1022211011011001112011221022000002222011210220102001222100122212222010,False
271836,271836,0.420491850703871,000110100001,1120212001,False,11202120011021011221,False,112021200110210112210200010222,False,1120212001102101122102000102222201201022,False,11202120011021011221020001022222012010220021012221,False,112021200110210112210200010222220120102200210122211012021012,False,1120212001102101122102000102222201201022002101222110120210122102022001,False
272232,272232,0.268674265001016,101000101001,1100021022,False,11000210220122211211,False,110002102201222112111221011200,False,1100021022012221121112210112000200220120,False,11000210220122211211122101120002002201201202021200,False,110002102201222112111221011200020022012012020212002200101212,False,1100021022012221121112210112000200220120120202120022001012120221101100,False
272234,272234,0.530533772143931,111001111011,1210100201,False,12101002012212210110,False,121010020122122101100120120020,False,1210100201221221011001201200200221012202,False,12101002012212210110012012002002210122022100001021,False,121010020122122101100120120020022101220221000010210120112111,False,1210100201221221011001201200200221012202210000102101201121110020211210,False
272348,272348,0.456525679290079,001110101111,1122120202,False,11221202022211211022,False,112212020222112110220012200211,False,1122120202221121102200122002112200202102,False,11221202022211211022001220021122002021022002201111,False,112212020222112110220012200211220020210220022011110110101000,False,1122120202221121102200122002112200202102200220111101101010002112021211,False
272580,272580,0.832228507868205,010010101101,2111100212,False,21111002121101122210,False,211110021211011222102211021002,False,2111100212110112221022110210020211212000,False,21111002121101122210221102100202112120002002002122,False,211110021211011222102211021002021121200020020021222011202112,False,2111100212110112221022110210020211212000200200212220112021121001011000,False
272666,272666,0.092187315013544,100001101011,1002212200,False,10022122002200220011,False,100221220022002200111111021212,False,1002212200220022001111110212121202010220,False,10022122002200220011111102121212020102201010222102,False,100221220022002200111111021212120201022010102221020210221222,False,1002212200220022001111110212121202010220101022210202102212220111220010,False
272862,272862,0.754419015019202,000001010001,2021211211,False,20212112112200000200,False,202121121122000002002222011211,False,2021211211220000020022220112111222101210,False,20212112112200000200222201121112221012102102110121,False,202121121122000002002222011211122210121021021101212121002122,False,2021211211220000020022220112111222101210210211012121210021221002111101,False
272864,272864,0.016278522162117,000011110011,1000111011,True,10001110110112000022,False,100011101101120000221022122011,False,1000111011011200002210221220110012201210,False,10001110110112000022102212201100122012102002002121,False,100011101101120000221022122011001220121020020021211111011011,False,1000111011011200002210221220110012201210200200212111110110112011002221,False
273032,273032,0.012477122166966,001010010111,1000101001,True,10001010011222200110,False,100010100112222001102111022202,False,1000101001122220011021110222022021221022,False,10001010011222200110211102220220212210220102022121,False,100010100112222001102111022202202122102201020221210200101121,False,1000101001122220011021110222022021221022010202212102001011211020212000,False
273066,273066,0.464088743596519,011001101101,1122221211,False,11222212110101101020,False,112222121101011010202201220022,False,1122221211010110102022012200222102202212,False,11222212110101101020220122002221022022120221200022,False,112222121101011010202201220022210220221202212000220200021002,False,1122221211010110102022012200222102202212022120002202000210021100210102,False
273282,273282,0.744915515031325,010010111101,2021012111,False,20210121111211112100,False,202101211112111121002011202122,False,2021012111121111210020112021222220221101,False,20210121111211112100201120212222202211012001121011,False,202101211112111121002011202122222022110120011210112020001121,False,2021012111121111210020112021222220221101200112101120200011211020110110,False
274124,274124,0.987768022198487,001011101011,2221220210,False,22212202102101102212,False,222122021021011022120221210000,False,2221220210210110221202212100001001121020,False,22212202102101102212022121000010011210201201000220,False,222122021021011022120221210000100112102012010002200100120102,False,2221220210210110221202212100001001121020120100022001001201022020202210,False
274670,274670,0.475413472214248,000001011111,1200112000,False,12001120001021011001,False,120011200010210110010010222220,False,1200112000102101100100102222201021110112,False,12001120001021011001001022222010211101121210111200,False,120011200010210110010010222220102111011212101112001121022011,False,1200112000102101100100102222201021110112121011120011210220112222012110,False
274716,274716,0.498182136501290,110011011001,1201200010,False,12012000102210222102,False,120120001022102221022202221222,False,1201200010221022210222022212220222221101,False,12012000102210222102220222122202222211010200111122,False,120120001022102221022202221222022222110102001111220112120222,False,1201200010221022210222022212220222221101020011112201121202221110022020,False
274752,274752,0.211653265073758,111000100001,1021001211,False,10210012111221210200,False,102100121112212102001000012122,False,1021001211122121020010000121222021112220,False,10210012111221210200100001212220211122202000211021,False,102100121112212102001000012122202111222020002110210012121122,False,1021001211122121020010000121222021112220200021102100121211221022102211,False
274986,274986,0.849215600794798,100001001001,2112122010,False,21121220101200112212,False,211212201012001122122002021101,False,2112122010120011221220020211010211012000,False,21121220101200112212200202110102110120002200221220,False,211212201012001122122002021101021101200022002212201100200201,False,2112122010120011221220020211010211012000220022122011002002010202022101,False
274988,274988,0.111075107937713,100011011011,1010111121,False,10101111211202020121,False,101011112112020201211121000021,False,1010111121120202012111210000211200212020,False,10101111211202020121112100002112002120201012102111,False,101011112112020201211121000021120021202010121021112121022022,False,1010111121120202012111210000211200212020101210211121210220221200000201,False
275292,275292,0.913720193660774,110000010001,2201200012,False,22012000122211111122,False,220120001222111111222012101202,False,2201200012221111112220121012022200201222,False,22012000122211111122201210120222002012221200022122,False,220120001222111111222012101202220020122212000221220112001002,False,2201200012221111112220121012022200201222120002212201120010020121021220,False
275420,275420,0.672728650807326,010011001011,2002112111,False,20021121112121011011,False,200211211121210110111002011011,False,2002112111212101101110020110110121220021,False,20021121112121011011100201101101212200210110112200,False,200211211121210110111002011011012122002101101122002002110000,False,2002112111212101101110020110110121220021011011220020021100000001000210,False
275550,275550,0.693596615096793,010110011101,2010211220,False,20102112202001200120,False,201021122020012001202001000120,False,2010211220200120012020010001202220202211,False,20102112202001200120200100012022202022112000120100,False,201021122020012001202001000120222020221120001201002002100012,False,2010211220200120012020010001202220202211200012010020021000121001111022,False
275562,275562,0.264753657954282,110000000001,1100010002,False,11000100021201201200,False,110001000212012012000220212110,False,1100010002120120120002202121100020200202,False,11000100021201201200022021211000202002022211020010,False,110001000212012012000220212110002020020222110200102200021200,False,1100010002120120120002202121100020200202221102001022000212000210121221,False
275586,275586,0.407067743669261,000101000101,1120020010,False,11200200100012212112,False,112002001000122121122002111222,False,1120020010001221211220021112222220220100,False,11200200100012212112200211122222202201000000120002,False,112002001000122121122002111222222022010000001200022221002222,False,1120020010001221211220021112222220220100000012000222210022222111210002,False
275588,275588,0.668927250812175,001111001111,2002022011,False,20020220110021211101,False,200202201100212111011210100122,False,2002022011002121110112101001222220012110,False,20020220110021211101121010012222200121100000202010,False,200202201100212111011210100122222001211000002020102220110222,False,2002022011002121110112101001222220012110000020201022201102222100101010,False
275688,275688,0.761902607957919,000100011001,2022100122,False,20221001220021121012,False,202210012200211210122020001112,False,2022100122002112101220200011120101200210,False,20221001220021121012202000111201012002101221121200,False,202210012200211210122020001112010120021012211212001111200200,False,2022100122002112101220200011120101200210122112120011112002002122121020,False
275802,275802,0.687894515104067,000100010101,2010111011,False,20101110110222222101,False,201011101102222221010211022110,False,2010111011022222210102110221102202010021,False,20101110110222222101021102211022020100211222201011,False,201011101102222221010211022110220201002112222010112202021202,False,2010111011022222210102110221102202010021122220101122020212020112211110,False
275804,275804,0.949754022246982,001100111111,2211122112,False,22111221122022222011,False,221112211220222220112002202022,False,2211122112202222201120022020220122211101,False,22111221122022222011200220202201222111010122121120,False,221112211220222220112002202022012221110101221211201200001022,False,2211122112202222201120022020220122211101012212112012000010222201202221,False
276434,276434,0.435498772265167,101001010111,1121120021,False,11211200212020101022,False,112112002120201010222102221000,False,1121120021202010102221022210000220220000,False,11211200212020101022210222100002202200002121022010,False,112112002120201010222102221000022022000021210220101212201201,False,1121120021202010102221022210000220220000212102201012122012012012010012,False
276590,276590,0.860540329412527,100100010011,2120111022,False,21201110222212101001,False,212011102222121010011121000122,False,2120111022221210100111210001221222001111,False,21201110222212101001112100012212220011110112210211,False,212011102222121010011121000122122200111101122102112000202022,False,2120111022221210100111210001221222001111011221021120002020221200201222,False
276696,276696,0.739094207987016,110101100001,2020210222,False,20202102220112021122,False,202021022201120211222121102021,False,2020210222011202112221211020212121012102,False,20202102220112021122212110202121210121020210222021,False,202021022201120211222121102021212101210202102220210002011010,False,2020210222011202112221211020212121012102021022202100020110100100110101,False
276752,276752,0.071160407988632,001010110011,1002012021,False,10020120211120001001,False,100201202111200010012200122001,False,1002012021112000100122001220010212001222,False,10020120211120001001220012200102120012220000001000,False,100201202111200010012200122001021200122200000010000121022021,False,1002012021112000100122001220010212001222000000100001210220212102120212,False
277040,277040,0.778929436568374,110101101011,2100112102,False,21001121021021212122,False,210011210210212121222002021122,False,2100112102102121212220020211221012001110,False,21001121021021212122200202112210120011100112122111,False,210011210210212121222002021122101200111001121221111120010020,False,2100112102102121212220020211221012001110011212211111200100202102200200,False
277044,277044,0.302648450854204,100011000101,1101122112,False,11011221122022200000,False,110112211220222000001110100112,False,1101122112202220000011101001120220222212,False,11011221122022200000111010011202202222120122200101,False,110112211220222000001110100112022022221201222001010000221221,False,1101122112202220000011101001120220222212012220010100002212210002221001,False
277440,277440,0.150830865151349,110101101101,1011212101,False,10112121011002000002,False,101121210110020000022220102021,False,1011212101100200000222201020210220110010,False,10112121011002000002222010202102201100100211021222,False,101121210110020000022220102021022011001002110212222101101012,False,1011212101100200000222201020210220110010021102122221011010121110101110,False
277494,277494,0.221037558010050,001011011101,1021102101,False,10211021010001222102,False,102110210100012221022102010121,False,1021102101000122210221020101211112011212,False,10211021010001222102210201012111120112120110011120,False,102110210100012221022102010121111201121201100111201222100111,False,1021102101000122210221020101211112011212011001112012221001110211120111,False
277508,277508,0.054054108010455,100111000011,1001122121,False,10011221210210202220,False,100112212102102022202221102202,False,1001122121021020222022211022020101101121,False,10011221210210202220222110220201011011211201122201,False,100112212102102022202221102202010110112112011222012010112201,False,1001122121021020222022211022020101101121120112220120101122011112022010,False
277568,277568,0.909839322297901,001000110111,2201100202,False,22011002021022122020,False,220110020210221220201022212000,False,2201100202102212202010222120001010100220,False,22011002021022122020102221200010101002202212002022,False,220110020210221220201022212000101010022022120020222111111120,False,2201100202102212202010222120001010100220221200202221111111202110222021,False
277692,277692,0.145128765158623,101001100101,1011200000,False,10112000000212101111,False,101120000002121011110122222212,False,1011200000021210111101222222121112201212,False,10112000000212101111012222221211122012120110200120,False,101120000002121011110122222212111220121201102001200122102010,False,1011200000021210111101222222121112201212011020012001221020102122200210,False
277764,277764,0.572071022303559,001000001101,1212121201,False,12121212010002202111,False,121212120100022021111200221101,False,1212121201000220211112002211010122212100,False,12121212010002202111120022110101222121000010221122,False,121212120100022021111200221101012221210000102211221200102012,False,1212121201000220211112002211010122212100001022112212001020122121111002,False
278466,278466,0.484758029466679,000000011101,1200222200,False,12002222002111221022,False,120022220021112210222110220021,False,1200222200211122102221102200211001120020,False,12002222002111221022211022002110011200200122200121,False,120022220021112210222110220021100112002001222001212101201011,False,1200222200211122102221102200211001120020012220012121012010110221011000,False
278498,278498,0.674510143753317,011111101011,2002122111,False,20021221111211112110,False,200212211112111121101010020212,False,2002122111121111211010100202121221202201,False,20021221111211112110101002021212212022010211102100,False,200212211112111121101010020212122120220102111021000200211212,False,2002122111121111211010100202121221202201021110210002002112120020202122,False
278876,278876,0.165956993764229,110010011011,1012101210,False,10121012101212012101,False,101210121012120121010220202110,False,1012101210121201210102202021102111012110,False,10121012101212012101022020211021110121100011111100,False,101210121012120121010220202110211101211000111111002110102100,False,1012101210121201210102202021102111012110001111110021101021002021101112,False
279308,279308,0.727610536633841,000010001011,2020001101,False,20200011011010121022,False,202000110110101210220112220211,False,2020001101101012102201122202111000001100,False,20200011011010121022011222021110000011002021212101,False,202000110110101210220112220211100000110020212121011211000200,False,2020001101101012102201122202111000001100202121210112110002000201202010,False
279362,279362,0.797817229492543,110111011011,2101212101,False,21012121011122212112,False,210121210111222121122200202122,False,2101212101112221211222002021222221200022,False,21012121011122212112220020212222212000222020121102,False,210121210111222121122200202122222120002220201211022210000112,False,2101212101112221211222002021222221200022202012110222100001120221120102,False
279944,279944,0.998933808080771,100100100111,2222220102,False,22222201022121211121,False,222222010221212111211102022212,False,2222220102212121112111020222121211101222,False,22222201022121211121110202221212111012222122022111,False,222222010221212111211102022212121110122221220221110211210012,False,2222220102212121112111020222121211101222212202211102112100120100212121,False
280268,280268,0.420173965232981,100111000111,1120211122,False,11202111221112121112,False,112021112211121211120222110222,False,1120211122111212111202221102221010112010,False,11202111221112121112022211022210101120102221020102,False,112021112211121211120222110222101011201022210201022202202000,False,1120211122111212111202221102221010112010222102010222022020000200022002,False
280496,280496,0.272157779525277,101100111011,1100102001,False,11001020011211001102,False,110010200112110011021120202100,False,1100102001121100110211202021000011212102,False,11001020011211001102112020210000112121020011102011,False,110010200112110011021120202100001121210200111020112101110020,False,1100102001121100110211202021000011212102001110201121011100201022202121,False
280664,280664,0.268356379530126,111101111111,1100020221,False,11000202212222000021,False,110002022122220000212200200112,False,1100020221222200002122002001122100011221,False,11000202212222000021220020011221000112211012022102,False,110002022122220000212200200112210001122110120221021221110112,False,1100020221222200002122002001122100011221101202210212211101122101012112,False
280818,280818,0.431538429534571,101011001001,1121101011,False,11211010112120212211,False,112110101121202122112201101120,False,1121101011212021221122011011200122111111,False,11211010112120212211220110112001221111110002011002,False,112110101121202122112201101120012211111100020110020212011022,False,1121101011212021221122011011200122111111000201100202120110220120010010,False
280928,280928,0.833811322394889,000100101011,2111111000,False,21111110002210210021,False,211111100022102100210110222021,False,2111111000221021002101102220211220012112,False,21111110002210210021011022202112200121121012112211,False,211111100022102100210110222021122001211210121122110201200111,False,2111111000221021002101102220211220012112101211221102012001110012110110,False
281394,281394,0.847076486694055,101010000001,2112110210,False,21121102100100102102,False,211211021001001021022011112020,False,2112110210010010210220111120201000210100,False,21121102100100102102201111202010002101000112122102,False,211211021001001021022011112020100021010001121221020202110222,False,2112110210010010210220111120201000210100011212210202021102220212102110,False
281396,281396,0.108935993836970,111110000011,1010102200,False,10101022001011012002,False,101010220010110120020122000022,False,1010102200101101200201220000222110100111,False,10101022001011012002012200002221101001110020111202,False,101010220010110120020122000022211010011100201112020000002202,False,1010102200101101200201220000222110100111002011120200000022022001102002,False
281520,281520,0.344225436697692,101110011001,1110102001,False,11101020011121011101,False,111010200111210111012220102002,False,1110102001112101110122201020022220211000,False,11101020011121011101222010200222202110000000002112,False,111010200111210111012220102002222021100000000021121200120100,False,1110102001112101110122201020022220211000000000211212001201000001010212,False
281790,281790,0.695258900991200,101100001001,2010221202,False,20102212022022112122,False,201022120220221121222020101020,False,2010221202202211212220201010202211002021,False,20102212022022112122202010102022110020211020210210,False,201022120220221121222020101020221100202110202102100101212100,False,2010221202202211212220201010202211002021102021021001012121002220111121,False
281868,281868,0.907779679564880,100111011101,2201012021,False,22010120211200200102,False,220101202112002001022111022220,False,2201012021120020010221110222200002001210,False,22010120211200200102211102222000020012100100202022,False,220101202112002001022111022220000200121001002020221120000002,False,2201012021120020010221110222200002001210010020202211200000020112101121,False
281888,281888,0.526374750994029,001011100111,1210010210,False,12100102100201122121,False,121001021002011221210021201102,False,1210010210020112212100212011020122211220,False,12100102100201122121002120110201222112200100211012,False,121001021002011221210021201102012221122001002110122222122211,False,1210010210020112212100212011020122211220010021101222221222112122020022,False
282066,282066,0.831870886713453,100101100101,2111100011,False,21111000110112010002,False,211110001101120100021200012022,False,2111100011011201000212000120222021221001,False,21111000110112010002120001202220212210010100122100,False,211110001101120100021200012022202122100101001221001021022202,False,2111100011011201000212000120222021221001010012210010210222022221221102,False
282122,282122,0.163937086715069,010111111111,1012022212,False,10120222120210100200,False,101202221202101002000221012222,False,1012022212021010020002210122221210002012,False,10120222120210100200022101222212100020122021000122,False,101202221202101002000221012222121000201220210001220011121100,False,1012022212021010020002210122221210002012202100012200111211000220122102,False
282138,282138,0.258813143858388,100100001101,1022212202,False,10222122020221102222,False,102221220202211022222111111110,False,1022212202022110222221111111101112000120,False,10222122020221102222211111111011120001201101201221,False,102221220202211022222111111110111200012011012012210121101102,False,1022212202022110222221111111101112000120110120122101211011020101120212,False
282392,282392,0.514970551008577,010100001111,1202112121,False,12021121210220001111,False,120211212102200011112001111010,False,1202112121022000111120011110100111200221,False,12021121210220001111200111101001112002210020212001,False,120211212102200011112001111010011120022100202120011120122112,False,1202112121022000111120011110100111200221002021200111201221121120021110,False
282528,282528,0.321417036726789,101111100001,1102102201,False,11021022011202100111,False,110210220112021001111102000111,False,1102102201120210011111020001111001102210,False,11021022011202100111110200011110011022101110102100,False,110210220112021001111102000111100110221011101021000210011201,False,1102102201120210011111020001111001102210111010210002100112011011201211,False
283068,283068,0.023483965313805,110111010001,1000201001,False,10002010011021101012,False,100020100110211010120021110111,False,1000201001102110101200211101112201112202,False,10002010011021101012002111011122011122020120001000,False,100020100110211010120021110111220111220201200010002000201011,False,1000201001102110101200211101112201112202012000100020002010111010002021,False
283338,283338,0.374517429607313,000111000001,1111202001,False,11112020012010212111,False,111120200120102121110112210200,False,1111202001201021211101122102001010020212,False,11112020012010212111011221020010100202122200020202,False,111120200120102121110112210200101002021222000202022000220101,False,1111202001201021211101122102001010020212220002020220002201012201210122,False
283400,283400,0.492162151037674,110110110111,1201100211,False,12011002111222100200,False,120110021112221002000221200201,False,1201100211122210020002212002012120002021,False,12011002111222100200022120020121200020212001102212,False,120110021112221002000221200201212000202120011022121111120102,False,1201100211122210020002212002012120002021200110221211111201021222100102,False
283596,283596,0.154393851043332,110010001101,1011222202,False,10112222021101220001,False,101122220211012200012221200002,False,1011222202110122000122212000021100111211,False,10112222021101220001222120000211001112111211012122,False,101122220211012200012221200002110011121112110121220201102101,False,1011222202110122000122212000021100111211121101212202011021010202111101,False
283626,283626,0.082286458187055,011100111001,1002112222,False,10021122220210202012,False,100211222202102020121121200001,False,1002112222021020201211212000012121200100,False,10021122220210202012112120000121212001000201011102,False,100211222202102020121121200001212120010002010111020001200222,False,1002112222021020201211212000012121200100020101110200012002220222100021,False
283682,283682,0.414352658188671,010110001011,1120120021,False,11201200211021120222,False,112012002110211202221022021201,False,1120120021102112022210220212010122210011,False,11201200211021120222102202120101222100112202212100,False,112012002110211202221022021201012221001122022121002011110201,False,1120120021102112022210220212010122210011220221210020111102011102000220,False
283740,283740,0.008278365333203,101010110101,1000020122,False,10000201222111001022,False,100002012221110010220021220011,False,1000020122211100102200212200110102120021,False,10000201222111001022002122001101021200211211011110,False,100002012221110010220021220011010212002112110111100121122112,False,1000020122211100102200212200110102120021121101111001211221121212121220,False
284012,284012,0.621171336769626,110100101111,1222102110,False,12221021100200000111,False,122210211002000001111001100201,False,1222102110020000011110011002010010011210,False,12221021100200000111100110020100100112100001001220,False,122210211002000001111001100201001001121000010012202020201100,False,1222102110020000011110011002010010011210000100122020202011000010001012,False
284082,284082,0.786254086771646,011001001101,2101001021,False,21010010211220212010,False,210100102112202120101220120010,False,2101001021122021201012201200100102110021,False,21010010211220212010122012001001021100212112112102,False,210100102112202120101220120010010211002121121121020012000201,False,2101001021122021201012201200100102110021211211210200120002011200222110,False
284474,284474,0.110717486782961,110110100011,1010111021,False,10101110212112200212,False,101011102121122002120112102220,False,1010111021211220021201121022202112101011,False,10101110212112200212011210222021121010110201222210,False,101011102121122002120112102220211210101102012222101010111002,False,1010111021211220021201121022202112101011020122221010101110020012021210,False
284528,284528,0.180924179641663,010001110011,1012221022,False,10122210220122002110,False,101222102201220021100021011122,False,1012221022012200211000210111220112002201,False,10122210220122002110002101112201120022011022201102,False,101222102201220021100021011122011200220110222011020002001000,False,1012221022012200211000210111220112002201102220110200020010002210111121,False
284798,284798,0.531957643935171,000001000011,1210102210,False,12101022100110100010,False,121010221001101000100221110002,False,1210102210011010001002211100021010011112,False,12101022100110100010022111000210100111121210120121,False,121010221001101000100221110002101001111212101201212111200002,False,1210102210011010001002211100021010011112121012012121112000020002000201,False
285084,285084,0.977867165371998,000010111001,2221001110,False,22210011101112201112,False,222100111011122011121202200020,False,2221001110111220111212022000201120021201,False,22210011101112201112120220002011200212010011110112,False,222100111011122011121202200020112002120100111101121111220100,False,2221001110111220111212022000201120021201001111011211112201001012022111,False
285174,285174,0.761544986803167,000001110001,2022022222,False,20220222220201020022,False,202202222202010200220000212010,False,2022022222020102002200002120102112022000,False,20220222220201020022000021201021120220002021102212,False,202202222202010200220000212010211202200020211022121201222212,False,2022022222020102002200002120102112022000202110221212012222120020021202,False
285702,285702,0.892454872532694,001010101101,2122222021,False,21222220212011102200,False,212222202120111022001210011002,False,2122222021201110220012100110020011011212,False,21222220212011102200121001100200110112121200020210,False,212222202120111022001210011002001101121212000202100001122201,False,2122222021201110220012100110020011011212120002021000011222011220222011,False
285824,285824,0.865884808250502,100101010011,2120220101,False,21202201010212012120,False,212022010102120121201020020020,False,2120220101021201212010200200202101010122,False,21202201010212012120102002002021010101222210110220,False,212022010102120121201020020020210101012222101102201010212112,False,2120220101021201212010200200202101010122221011022010102121122010020220,False
285986,285986,0.076504886826606,101011110011,1002100220,False,10021002202120002111,False,100210022021200021111112012102,False,1002100220212000211111120121020120200012,False,10021002202120002111111201210201202000121001012112,False,100210022021200021111112012102012020001210010121121221011100,False,1002100220212000211111120121020120200012100101211212210111000020120120,False
286010,286010,0.218818972541585,111010111111,1021100002,False,10211000022210222111,False,102110000222102221111112102212,False,1021100002221022211111121022122200200211,False,10211000022210222111111210221222002002110012211101,False,102110000222102221111112102212220020021100122111011200021120,False,1021100002221022211111121022122200200211001221110112000211200221022121,False
286254,286254,0.165678843977199,111001000001,1012101112,False,10121011121012122210,False,101210111210121222100102022112,False,1012101112101212221001020221122202211200,False,10121011121012122210010202211222022112002122100200,False,101210111210121222100102022112220221120021221002001012220111,False,1012101112101212221001020221122202211200212210020010122201110020111111,False
286404,286404,0.805141879695815,001010111101,2102101112,False,21021011121211101110,False,210210111212111011102002210202,False,2102101112121110111020022102022010110010,False,21021011121211101110200221020220101100102121202222,False,210210111212111011102002210202201011001021212022222200002100,False,2102101112121110111020022102022010110010212120222222000021000111111201,False
286802,286802,0.915183801135875,010101110111,2201210102,False,22012101021010100020,False,220121010210101000200212210020,False,2201210102101010002002122100202200222010,False,22012101021010100020021221002022002220100202021022,False,220121010210101000200212210020220022201002020210222122022100,False,2201210102101010002002122100202200222010020202102221220221002021211102,False
287028,287028,0.505308108285256,110111111001,1202001001,False,12020010011001000111,False,120200100110010001111000020011,False,1202001001100100011110000200112210120000,False,12020010011001000111100002001122101200000122200201,False,120200100110010001111000020011221012000001222002010000100111,False,1202001001100100011110000200112210120000012220020100001001110012200002,False
287072,287072,0.266217265429383,010100000111,1100011122,False,11000111222211110121,False,110001112222111101212000011211,False,1100011122221111012120000112112120211111,False,11000111222211110121200001121121202111112001202002,False,110001112222111101212000011211212021111120012020021112000221,False,1100011122221111012120000112112120211111200120200211120002211210002102,False
287252,287252,0.833572908291722,110101001111,2111110120,False,21111101200011012122,False,211111012000110121222021202111,False,2111110120001101212220212021111012011212,False,21111101200011012122202120211110120112122110202202,False,211111012000110121222021202111101201121221102022021021212122,False,2111110120001101212220212021111012011212211020220210212121221111221210,False
287306,287306,0.903779601150423,111100011111,2200212121,False,22002121211202121220,False,220021212112021212202110101110,False,2200212121120212122021101011100020210011,False,22002121211202121220211010111000202100111210220000,False,220021212112021212202110101110002021001112102200001112021122,False,2200212121120212122021101011100020210011121022000011120211220112212100,False
287604,287604,0.920846165444740,010000110001,2202020212,False,22020202120012020210,False,220202021200120202100201120110,False,2202020212001202021002011201100010212021,False,22020202120012020210020112011000102120211110220210,False,220202021200120202100201120110001021202111102202101110000212,False,2202020212001202021002011201100010212021111022021011100002120211021020,False
287838,287838,0.558408501165780,001011011001,1211212100,False,12112121000212200200,False,121121210002122002002222211020,False,1211212100021220020022222110201101210111,False,12112121000212200200222221102011012101112102202212,False,121121210002122002002222211020110121011121022022122021202222,False,1211212100021220020022222110201101210111210220221220212022221221012000,False
287952,287952,0.484400408311928,011111010101,1200222012,False,12002220122000020010,False,120022201220000200100020100210,False,1200222012200002001000201002101112010111,False,12002220122000020010002010021011120101111210010100,False,120022201220000200100020100210111201011112100101000220111000,False,1200222012200002001000201002101112010111121001010002201110000101110100,False
288114,288114,0.695020486888032,100110110101,2010221100,False,20102211002010022111,False,201022110020100221111001022110,False,2010221100201002211110010221102210000221,False,20102211002010022111100102211022100002211020110022,False,201022110020100221111001022110221000022110201100222121210000,False,2010221100201002211110010221102210000221102011002221212100001021101211,False
288414,288414,0.973946558325264,001000010001,2220201021,False,22202010212110111222,False,222020102121101112222021010201,False,2220201021211011122220210102011002200112,False,22202010212110111222202101020110022001120200222001,False,222020102121101112222021010201100220011202002220010200121000,False,2220201021211011122220210102011002200112020022200102001210001011221002,False
288416,288416,0.235806065468178,011000110011,1021222120,False,10212221201102120012,False,102122212011021200122200011122,False,1021222120110212001222000111221211012020,False,10212221201102120012220001112212110120200222102120,False,102122212011021200122200011122121101202002221021201122021010,False,1021222120110212001222000111221211012020022210212011220210100112012010,False
288456,288456,0.472996208326476,110101001101,1200101202,False,12001012021020122112,False,120010120210201221121021210000,False,1200101202102012211210212100002211100111,False,12001012021020122112102121000022111001110212120211,False,120010120210201221121021210000221110011102121202111012102102,False,1200101202102012211210212100002211100111021212021110121021021201120200,False
288542,288542,0.732955015471816,111011001011,2020101221,False,20201012210112000211,False,202010122101120002112102100002,False,2020101221011200021121021000021200220201,False,20201012210112000211210210000212002202012221102021,False,202010122101120002112102100002120022020122211020212020210011,False,2020101221011200021121021000021200220201222110202120202100111112222211,False
288672,288672,0.753822979761282,001110011101,2021210202,False,20212102021010110112,False,202121020210101101122110210121,False,2021210202101011011221102101212100112120,False,20212102021010110112211021012121001121202021121010,False,202121020210101101122110210121210011212020211210102101121000,False,2021210202101011011221102101212100112120202112101021011210000110201022,False
288684,288684,0.324980022618772,001000000001,1102120210,False,11021202101102101011,False,110212021011021010112120122122,False,1102120210110210101121201221222100202100,False,11021202101102101011212012212221002021002110122021,False,110212021011021010112120122122210020210021101220212112100202,False,1102120210110210101121201221222100202100211012202121121002022201021022,False
288686,288686,0.586839529761687,011000000011,1220110001,False,12201100011220011120,False,122011000112200111201102212112,False,1220110001122001112011022121122011000011,False,12201100011220011120110221211220110000110021212001,False,122011000112200111201102212112201100001100212120011101011000,False,1220110001122001112011022121122011000011002121200111010110002121200202,False
288692,288692,0.372418051190431,111000100111,1111122112,False,11111221120212102121,False,111112211202121021211200201021,False,1111122112021210212112002010210212211110,False,11111221120212102121120020102102122111100201012112,False,111112211202121021211200201021021221111002010121122110100112,False,1111122112021210212112002010210212211110020101211221101001120001212011,False
288764,288764,0.799360308335367,010110011111,2101222100,False,21012221002100122220,False,210122210021001222202211211021,False,2101222100210012222022112110210012200002,False,21012221002100122220221121102100122000020112112120,False,210122210021001222202211211021001220000201121121201222001121,False,2101222100210012222022112110210012200002011211212012220011212020011112,False
288872,288872,0.939773694052770,010101101111,2210210222,False,22102102221100120100,False,221021022211001201002101012100,False,2210210222110012010021010121002202021002,False,22102102221100120100210101210022020210022221002002,False,221021022211001201002101012100220202100222210020020002000000,False,2210210222110012010021010121002202021002222100200200020000000101202012,False
289016,289016,0.793658208342641,111011000111,2101120101,False,21011201012221121110,False,210112010122211211100212212220,False,2101120101222112111002122122200210212200,False,21011201012221121110021221222002102122002202012201,False,210112010122211211100212212220021021220022020122010211111221,False,2101120101222112111002122122200210212200220201220102111112211001200001,False
289070,289070,0.863864901201342,110100010111,2120202012,False,21202020120222121012,False,212020201202221210120221122111,False,2120202012022212101202211221112121201010,False,21202020120222121012022112211121212010101001001221,False,212020201202221210120221122111212120101010010012210110211210,False,2120202012022212101202211221112121201010100100122101102112100202101100,False
289250,289250,0.431220544063681,100011011111,1121100202,False,11211002022110112011,False,112110020221101120111002202121,False,1121100202211011201110022021210120202122,False,11211002022110112011100220212101202021222122110022,False,112110020221101120111002202121012020212221221100220200100121,False,1121100202211011201110022021210120202122212211002202001001210120202122,False
289728,289728,0.015642751220336,111100101001,1000110122,False,10001101220112201210,False,100011012201122012101111012001,False,1000110122011220121011110120012201122022,False,10001101220112201210111101200122011220220111222112,False,100011012201122012101111012001220112202201112221121002200002,False,1000110122011220121011110120012201122022011122211210022000022201222121,False
289818,289818,0.799320572651505,001101100001,2101222021,False,21012220212011011202,False,210122202120110112020112020202,False,2101222021201101120201120202021121000112,False,21012220212011011202011202020211210001121010121121,False,210122202120110112020112020202112100011210101211212020020022,False,2101222021201101120201120202021121000112101012112120200200220120212120,False
289944,289944,0.296469522655142,011001111001,1101101200,False,11011012000021012222,False,110110120000210122221201100111,False,1101101200002101222212011001112102211121,False,11011012000021012222120110011121022111212100222111,False,110110120000210122221201100111210221112121002221112112021100,False,1101101200002101222212011001112102211121210022211121120211001001211112,False
290076,290076,0.579196994087524,100110101101,1220000110,False,12200001100011101120,False,122000011000111011201012102202,False,1220000110001110112010121022022101001001,False,12200001100011101120101210220221010010012221222100,False,122000011000111011201012102202210100100122212221002212101221,False,1220000110001110112010121022022101001001222122210022121012212002210101,False
290150,290150,0.267998758375374,000010100111,1100020120,False,11000201201211000020,False,110002012012110000200122120201,False,1100020120121100002001221202010021001112,False,11000201201211000020012212020100210011120101010212,False,110002012012110000200122120201002100111201010102122222012102,False,1100020120121100002001221202010021001112010101021222220121021021011012,False
290268,290268,0.717709679807352,110010011001,2012101211,False,20121012112100101220,False,201210121121001012201102010212,False,2012101211210010122011020102122000222021,False,20121012112100101220110201021220002220212011112011,False,201210121121001012201102010212200022202120111120112111111101,False,2012101211210010122011020102122000222021201111201121111111012010022110,False
290360,290360,0.763247008381436,011111110011,2022110010,False,20221100100211222220,False,202211001002112222200000211012,False,2022110010021122222000002110121212121112,False,20221100100211222220000021101212121211122102010121,False,202211001002112222200000211012121212111221020101212221211121,False,2022110010021122222000002110121212121112210201012122212111211211202101,False
290384,290384,0.905561094096415,101110111111,2201000110,False,22010001101222220200,False,220100011012222202001110210011,False,2201000110122222020011102100112221012021,False,22010001101222220200111021001122210120211211121001,False,220100011012222202001110210011222101202112111210010002100120,False,2201000110122222020011102100112221012021121112100100021001200201120020,False
290538,290538,0.068743144100860,110000001001,1002010012,False,10020100120012220000,False,100201001200122200002110012101,False,1002010012001222000021100121012111120010,False,10020100120012220000211001210121111200101120122211,False,100201001200122200002110012101211112001011201222112120101122,False,1002010012001222000021100121012111120010112012221121201011220002122010,False
290562,290562,0.211057229815839,101101101101,1021001020,False,10210010201011221212,False,102100102010112212120000222102,False,1021001020101122121200002221021222100111,False,10210010201011221212000022210212221001111102210011,False,102100102010112212120000222102122210011111022100112022100112,False,1021001020101122121200002221021222100111110221001120221001122222102011,False
290778,290778,0.491884001250645,100110111101,1201100110,False,12011001100222212210,False,120110011002222122101002000211,False,1201100110022221221010020002110000121122,False,12011001100222212210100200021100001211221102220220,False,120110011002222122101002000211000012112211022202202201122212,False,1201100110022221221010020002110000121122110222022022011222120001110100,False
290868,290868,0.275561822681814,111001010101,1100112202,False,11001122020011022212,False,110011220200110222121102110220,False,1100112202001102221211021102202020000101,False,11001122020011022212110211022020200001011021112011,False,110011220200110222121102110220202000010110211120112012202110,False,1100112202001102221211021102202020000101102111201120122021100211201202,False
291138,291138,0.626595286975322,111000000101,1222202001,False,12222020012222002100,False,122220200122220021001122101110,False,1222202001222200210011221011102011012111,False,12222020012222002100112210111020110121111011010211,False,122220200122220021001122101110201101211110110102111221012121,False,1222202001222200210011221011102011012111101101021112210121211100222002,False
291186,291186,0.911223458405279,000010101001,2201110202,False,22011102022110212220,False,220111020221102122201220201001,False,2201110202211021222012202010012212001222,False,22011102022110212220122020100122120012220111201201,False,220111020221102122201220201001221200122201112012010110202211,False,2201110202211021222012202010012212001222011120120101102022110000202102,False
291188,291188,0.173082965548194,000111111011,1012122200,False,10121222000202201121,False,101212220002022011212211222110,False,1012122200020220112122112221102121020212,False,10121222000202201121221122211021210202121220002202,False,101212220002022011212211222110212102021212200022021112200020,False,1012122200020220112122112221102121020212122000220211122000202100100002,False
291264,291264,0.123744236978959,011101111101,1010221011,False,10102210110210002001,False,101022101102100020012002200100,False,1010221011021000200120022001001011102100,False,10102210110210002001200220010010111021002022210012,False,101022101102100020012002200100101110210020222100120100212112,False,1010221011021000200120022001001011102100202221001201002121120221122202,False
291764,291764,0.588621022707678,010000100011,1220112210,False,12201122100022122000,False,122011221000221220000022010222,False,1220112210002212200000220102221101121200,False,12201122100022122000002201022211011212002022120111,False,122011221000221220000022010222110112120020221201110012210021,False,1220112210002212200000220102221101121200202212011100122100210211122221,False
292020,292020,0.106637937000782,111011101101,1010100121,False,10101001211100000211,False,101010012111000002112120111110,False,1010100121110000021121201111101120111202,False,10101001211100000211212011111011201112021022120222,False,101010012111000002112120111110112011120210221202220012210121,False,1010100121110000021121201111101120111202102212022200122101211002021202,False
292430,292430,0.787836901298331,101010001011,2101011021,False,21010110212200222212,False,210101102122002222120121001020,False,2101011021220022221201210010200011022121,False,21010110212200222212012100102000110221210020201212,False,210101102122002222120121001020001102212100202012121101211121,False,2101011021220022221201210010200011022121002020121211012111212000112122,False
292482,292482,0.596184087014118,110101001001,1220222101,False,12202221011220202200,False,122022210112202022002022202121,False,1220222101122020220020222021211212120102,False,12202221011220202200202220212112121201021202212010,False,122022210112202022002022202121121212010212022120102002012101,False,1220222101122020220020222021211212120102120221201020020121011202100100,False
293066,293066,0.059160172745261,001100100111,1001210221,False,10012102212022010102,False,100121022120220101021011201110,False,1001210221202201010210112011102111010002,False,10012102212022010102101120111021110100021221022101,False,100121022120220101021011201110211101000212210221010112022220,False,1001210221202201010210112011102111010002122102210101120222202021012220,False
293130,293130,0.438664401318537,100111101001,1121201101,False,11212011011011201210,False,112120110110112012100211120211,False,1121201101101120121002111202110121122201,False,11212011011011201210021112021101211222010021002100,False,112120110110112012100211120211012112220100210021000200201022,False,1121201101101120121002111202110121122201002100210002002010220010111002,False
293222,293222,0.484201729892621,001010100011,1200221221,False,12002212211001210022,False,120022122110012100222122111221,False,1200221221100121002221221112211012112221,False,12002212211001210022212211122110121122212101002212,False,120022122110012100222122111221101211222121010022120120210102,False,1200221221100121002221221112211012112221210100221201202101022101121020,False
293390,293390,0.480400329897471,001111000111,1200202202,False,12002022022011022120,False,120020220220110221202210020102,False,1200202202201102212022100201020000212220,False,12002022022011022120221002010200002122202021012121,False,120020220220110221202210020102000021222020210121211222222012,False,1200202202201102212022100201020000212220202101212112222220120000221101,False
293436,293436,0.503168994184513,101010110001,1201221001,False,12012210012120011111,False,120122100121200111110110001122,False,1201221001212001111101100011222210000022,False,12012210012120011111011000112222100000220002102012,False,120122100121200111110110001122221000002200021020120012011222,False,1201221001212001111101100011222210000022000210201200120112222110022210,False
293706,293706,0.854202458478021,000010100001,2120000022,False,21200000221022020122,False,212000002210220201222101221201,False,2120000022102202012221012212012011000221,False,21200000221022020122210122120120110002210201020212,False,212000002210220201222101221201201100022102010202121100200102,False,2120000022102202012221012212012011000221020102021211002001020120222221,False
293708,293708,0.116061965620936,000111100011,1010200010,False,10102000102020122221,False,101020001020201222212201212102,False,1010200010202012222122012121022021210102,False,10102000102020122221220121210220212101020122120001,False,101020001020201222212201212102202121010201221200011021022011,False,1010200010202012222122012121022021210102012212000110210220112221002222,False
294050,294050,0.894037687059379,101100101011,2200002200,False,22000022000010010102,False,220000220000100101020210112211,False,2200002200001001010202101122111212210000,False,22000022000010010102021011221112122100001222202222,False,220000220000100101020210112211121221000012222022221220202112,False,2200002200001001010202101122111212210000122220222212202021122102100112,False
295242,295242,0.962303944236644,110101010101,2212201021,False,22122010211120202002,False,221220102111202020022201012122,False,2212201021112020200222010121222220020002,False,22122010211120202002220101212222200200020201011220,False,221220102111202020022201012122222002000202010112202100111001,False,2212201021112020200222010121222220020002020101122021001110010221002211,False
295380,295380,0.030609937097770,110111110001,1000220221,False,10002202210111021222,False,100022022101110212220121111111,False,1000220221011102122201211111112101001212,False,10002202210111021222012111111121010012122000112211,False,100022022101110212220121111111210100121220001122112111200020,False,1000220221011102122201211111112101001212200011221121112000202000010210,False
295388,295388,0.078047965669430,111111010111,1002102021,False,10021020210112100011,False,100210202101121000112011001100,False,1002102021011210001120110011000220211102,False,10021020210112100011201100110002202111021011010122,False,100210202101121000112011001100022021110210110101220211122000,False,1002102021011210001120110011000220211102101101012202111220000002000222,False
295512,295512,0.313337408530152,110100000101,1102002112,False,11020021122221111122,False,110200211222211111222101020020,False,1102002112222111112221010200200101000222,False,11020021122221111122210102002001010002222000102010,False,110200211222211111222101020020010100022220001020102221012002,False,1102002112222111112221010200200101000222200010201022210120022221222020,False
296046,296046,0.229825815688424,101001101001,1021202101,False,10212021011101220201,False,102120210111012202010220222221,False,1021202101110122020102202222210221111201,False,10212021011101220201022022222102211112010210112012,False,102120210111012202010220222221022111120102101120122212122011,False,1021202101110122020102202222210221111201021011201222121220110211002011,False
296190,296190,0.083710329978295,001111010001,1002121012,False,10021210122222211010,False,100212101222222110101001011221,False,1002121012222221101010010112211122120212,False,10021210122222211010100101122111221202120202001112,False,100212101222222110101001011221112212021202020011122120001120,False,1002121012222221101010010112211122120212020200111221200011200000212221,False
296370,296370,0.651065972840633,111010001001,2001012121,False,20010121211122220200,False,200101212111222202000122222020,False,2001012121112222020001222220202202110200,False,20010121211122220200012222202022021102000201200200,False,200101212111222202000122222020220211020002012002002221112201,False,2001012121112222020001222220202202110200020120020022211122012201012021,False
296522,296522,0.552388515702164,011110110111,1211112110,False,12111121102000102010,False,121111211020001020102001100122,False,1211112110200010201020011001220121010121,False,12111121102000102010200110012201210101212220000020,False,121111211020001020102001100122012101012122200000201000122012,False,1211112110200010201020011001220121010121222000002010001220120211200000,False
296700,296700,0.857884651421587,010011010101,2120021212,False,21200212121002111112,False,212002121210021111122221110111,False,2120021212100211111222211101111111221000,False,21200212121002111112222111011111112210001002102222,False,212002121210021111122221110111111122100010021022222001112120,False,2120021212100211111222211101111111221000100210222220011121202021112020,False
296718,296718,0.214620215707821,101010001101,1021011211,False,10210112112012122200,False,102101121120121222000220221200,False,1021011211201212220002202212002212202120,False,10210112112012122200022022120022122021201000111220,False,102101121120121222000220221200221220212010001112202200001020,False,1021011211201212220002202212002212202120100011122022000010202100201201,False
296804,296804,0.474579022853161,111110001011,1200110220,False,12001102200001020000,False,120011022000010200000102000222,False,1200110220000102000001020002220021112112,False,12001102200001020000010200022200211121121222101020,False,120011022000010200000102000222002111211212221010201001200212,False,1200110220000102000001020002220021112112122210102010012002120201111011,False
296972,296972,0.470777622858010,010110001111,1200021202,False,12000212022112200122,False,120002120221122001221212211002,False,1200021202211220012212122110021221211221,False,12000212022112200122121221100212212112210200022001,False,120002120221122001221212211002122121122102000220012101222222,False,1200021202211220012212122110021221211221020002200121012222221201210112,False
297008,297008,0.184248751430478,010011110111,1020001120,False,10200011200012200200,False,102000112000122002000011212111,False,1020001120001220020000112121110011200011,False,10200011200012200200001121211100112000112212212101,False,102000112000122002000011212111001120001122122121010000121110,False,1020001120001220020000112121110011200011221221210100001211102111201122,False
297134,297134,0.681397701434115,011100101111,2010002010,False,20100020100211112021,False,201000201002111120211201202121,False,2010002010021111202112012021212200200012,False,20100020100211112021120120212122002000121102001210,False,201000201002111120211201202121220020001211020012101010220010,False,2010002010021111202112012021212200200012110200121010102200102012102120,False
297618,297618,0.051398430019515,111000100101,1001120100,False,10011201001020211122,False,100112010010202111222111001221,False,1001120100102021112221110012212121201011,False,10011201001020211122211100122121212010111011111022,False,100112010010202111222111001221212120101110111110222020220111,False,1001120100102021112221110012212121201011101111102220202201110101121211,False
297650,297650,0.241150544306153,111001110011,1022012010,False,10220120101222111111,False,102201201012221111110001002110,False,1022012010122211111100010021100202102202,False,10220120101222111111000100211002021022021120020000,False,102201201012221111110001002110020210220211200200002020201021,False,1022012010122211111100010021100202102202112002000020202010210100122110,False
297906,297906,0.759167458599257,011001011101,2022011120,False,20220111202002222000,False,202201112020022220000200100011,False,2022011120200222200002001000112020000100,False,20220111202002222000020010001120200001002221002101,False,202201112020022220000200100011202000010022210021011200221002,False,2022011120200222200002001000112020000100222100210112002210022202110201,False
297920,297920,0.592184008599661,101001000011,1220202020,False,12202020201110112220,False,122020202011101122200110211011,False,1220202020111011222001102110112122122120,False,12202020201110112220011021101121221221200120122111,False,122020202011101122200110211011212212212001201221110100100200,False,1220202020111011222001102110112122122120012012211101001002002212221121,False
298314,298314,0.178506915753891,111111001001,1012211221,False,10122112211120222022,False,101221122111202220222122120220,False,1012211221112022202221221202202112212111,False,10122112211120222022212212022021122121112210121200,False,101221122111202220222122120220211221211122101212002110101220,False,1012211221112022202221221202202112212111221012120021101012200022022201,False
298566,298566,0.172804815761165,110001100001,1012122101,False,10121221012221120222,False,101212210122211202221222001202,False,1012122101222112022212220012021200121202,False,10121221012221120222122200120212001212020021022221,False,101212210122211202221222001202120012120200210222212012000212,False,1012122101222112022212220012021200121202002102222120120002121122211101,False
298592,298592,0.576978408619058,110110101111,1212220002,False,12122200021112211101,False,121222000211122111012012222002,False,1212220002111221110120122220020000121111,False,12122200021112211101201222200200001211111220001211,False,121222000211122111012012222002000012111112200012110100002201,False,1212220002111221110120122220020000121111122000121101000022010100121111,False
298620,298620,0.243011508619867,111110010001,1022021002,False,10220210020111011100,False,102202100201110111002021210101,False,1022021002011101110020212101011210120010,False,10220210020111011100202121010112101200101010211002,False,102202100201110111002021210101121012001010102110021121021010,False,1022021002011101110020212101011210120010101021100211210210101211122212,False
298890,298890,0.594044972913375,011110000001,1220212002,False,12202120022002101102,False,122021200220021011022111021212,False,1220212002200210110221110212120122201021,False,12202120022002101102211102121201222010210011202010,False,122021200220021011022111021212012220102100112020100000110221,False,1220212002200210110221110212120122201021001120201000001102210020121012,False
299276,299276,0.132929851495945,110010010111,1011020121,False,10110201212220021202,False,101102012122200212020201012022,False,1011020121222002120202010120220111210200,False,10110201212220021202020101202201112102000122021110,False,101102012122200212020201012022011121020001220211100012111201,False,1011020121222002120202010120220111210200012202111000121112010102001020,False
299310,299310,0.584541472925498,000001101101,1220022120,False,12200221200012012101,False,122002212000120121012110220002,False,1220022120001201210121102200021221000121,False,12200221200012012101211022000212210001212201022120,False,122002212000120121012110220002122100012122010221201011202012,False,1220022120001201210121102200021221000121220102212010112020121111100220,False
299774,299774,0.335947130081749,001001011011,1110001102,False,11100011021022000200,False,111000110210220002000012101000,False,1110001102102200020000121010001112202222,False,11100011021022000200001210100011122022222110212212,False,111000110210220002000012101000111220222221102122121010000110,False,1110001102102200020000121010001112202222211021221210100001100011010211,False
300150,300150,0.565534472949745,001111111001,1212020220,False,12120202202222100112,False,121202022022221001120212002001,False,1212020220222210011202120020012211102202,False,12120202202222100112021200200122111022022212101000,False,121202022022221001120212002001221110220222121010000201121211,False,1212020220222210011202120020012211102202221210100002011212110212100210,False
300206,300206,0.897600672951362,011001001011,2200101022,False,22001010220112112220,False,220010102201121122201102101012,False,2200101022011211222011021010121100011200,False,22001010220112112220110210101211000112002020202210,False,220010102201121122201102101012110001120020202022102220100022,False,2200101022011211222011021010121100011200202020221022201000220002100211,False
300374,300374,0.893799272956211,011101001111,2200002011,False,22000020110211011102,False,220000201102110111022001222020,False,2200002011021101110220012220202100100010,False,22000020110211011102200122202021001000102102120102,False,220000201102110111022001222020210010001021021201020101011220,False,2200002011021101110220012220202100100010210212010201010112200110101000,False
300744,300744,0.337808094395463,000110001001,1110010120,False,11100101202002110111,False,111001012020021101112201212012,False,1110010120200211011122012120120200110102,False,11100101202002110111220121201202001101020102100020,False,111001012020021101112201212012020011010201021000201011010220,False,1110010120200211011122012120120200110102010210002010110102200020102111,False
301578,301578,0.533222572990966,101101001101,1210111121,False,12101111210202201100,False,121011112102022011002212001102,False,1210111121020220110022120011022022200020,False,12101111210202201100221200110220222000202000100201,False,121011112102022011002212001102202220002020001002011222112012,False,1210111121020220110022120011022022200020200010020112221120120112122012,False
301652,301652,0.222024337278816,100110000111,1021110101,False,10211101010201121202,False,102111010102011212020210022101,False,1021110101020112120202100221012012110002,False,10211101010201121202021002210120121100022111102211,False,102111010102011212020210022101201211000221111022112011001002,False,1021110101020112120202100221012012110002211110221120110010022102212201,False
301722,301722,0.387107087280837,111101110101,1112022101,False,11120221011010120121,False,111202210110101201212101112220,False,1112022101101012012121011122201011011221,False,11120221011010120121210111222010110112212210212000,False,111202210110101201212101112220101101122122102120002211111022,False,1112022101101012012121011122201011011221221021200022111110221122020111,False
301832,301832,0.789379980141155,110111001111,2101021020,False,21010210200202220211,False,210102102002022202110221022121,False,2101021020020222021102210221210122002121,False,21010210200202220211022102212101220021212210222102,False,210102102002022202110221022121012200212122102221020200012000,False,2101021020020222021102210221210122002121221022210202000120002001100110,False
301992,301992,0.738140551574345,110100100101,2020202020,False,20202020202020222111,False,202020202020202221111022212110,False,2020202020202022211110222121100110022101,False,20202020202020222111102221211001100221012201022102,False,202020202020202221111022212110011002210122010221020001022122,False,2020202020202022211110222121100110022101220102210200010221220000022121,False
302048,302048,0.070206751575961,110100111111,1002011110,False,10020111100200210022,False,100201111002002100221220221002,False,1002011110020021002212202210020220102100,False,10020111100200210022122022100202201021002121110002,False,100201111002002100221220221002022010210021211100021002120102,False,1002011110020021002212202210020220102100212111000210021201020200120111,False
302192,302192,0.924091265865832,011100010111,2202112000,False,22021120001011202221,False,220211200010112022211102102201,False,2202112000101120222111021022011001111002,False,22021120001011202221110210220110011110021012211022,False,220211200010112022211102102201100111100210122110220111201210,False,2202112000101120222111021022011001111002101221102201112012101221101221,False
302280,302280,0.445909580154086,110101011101,1122001211,False,11220012110020120001,False,112200121100201200012010122020,False,1122001211002012000120101220202201001222,False,11220012110020120001201012202022010012221210110011,False,112200121100201200012010122020220100122212101100110212200121,False,1122001211002012000120101220202201001222121011001102122001211222211001,False
302294,302294,0.278926130154491,011101000011,1100200101,False,11002001012010020011,False,110020010120100200111022001212,False,1100200101201002001110220012120202220222,False,11002001012010020011102200121202022202220021210110,False,110020010120100200111022001212020222022200212101101010202012,False,1100200101201002001110220012120202220222002121011010102020120110120121,False
302366,302366,0.705868387299426,000000111011,2011122010,False,20111220100021111202,False,201112201000211112020110010100,False,2011122010002111120201100101002220221212,False,20111220100021111202011001010022202212120122202022,False,201112201000211112020110010100222022121201222020222012211222,False,2011122010002111120201100101002220221212012220202220122112221111102000,False
302372,302372,0.491446908728171,001011011111,1201022212,False,12010222120022221012,False,120102221200222210120202120122,False,1201022212002222101202021201222122101102,False,12010222120022221012020212012221221011022001000201,False,120102221200222210120202120122212210110220010002011201021211,False,1201022212002222101202021201222122101102200100020112010212110210221001,False
302534,302534,0.702066987304275,000001111111,2011101111,False,20111011112212022001,False,201110111122120220010011101211,False,2011101111221202200100111012112012001102,False,20111011112212022001001110121120120011022022221122,False,201110111122120220010011101211201200110220222211220002122220,False,2011101111221202200100111012112012001102202222112200021222202201212011,False
302580,302580,0.724835651591318,010110111001,2012212110,False,20122121100101002201,False,201221211001010022012021202222,False,2012212110010100220120212022222210200201,False,20122121100101002201202120222222102002012121120221,False,201221211001010022012021202222221020020121211202212200010121,False,2012212110010100220120212022222210200201212112022122000101212201010120,False
302852,302852,0.337728623027740,100101111011,1110010111,True,11100101110121201120,False,111001011101212011202112010001,False,1110010111012120112021120100010021201201,False,11100101110121201120211201000100212012010010021212,False,111001011101212011202112010001002120120100100212121102010101,False,1110010111012120112021120100010021201201001002121211020101011122121101,False
303036,303036,0.428803280175909,111011001101,1121020122,False,11210201222221212000,False,112102012222212120000120222021,False,1121020122222121200001202220212100000010,False,11210201222221212000012022202121000000102210020100,False,112102012222212120000120222021210000001022100201001222222211,False,1121020122222121200001202220212100000010221002010012222222110120022220,False
303180,303180,0.282687794465780,011011110101,1100211111,False,11002111111022222021,False,110021111110222220210212002211,False,1100211111102222202102120022111012100200,False,11002111111022222021021200221110121002000012121121,False,110021111110222220210212002211101210020000121211211001001002,False,1100211111102222202102120022111012100200001212112110010010022112220221,False
303266,303266,0.542646601611119,110010000011,1211000020,False,12110000200201210022,False,121100002002012100222121110222,False,1211000020020121002221211102220002012011,False,12110000200201210022212111022200020120112200121001,False,121100002002012100222121110222000201201122001210010221220100,False,1211000020020121002221211102220002012011220012100102212201002210022002,False
303390,303390,0.777936044471842,001010011001,2100110112,False,21001101122201202102,False,210011011222012021022001210111,False,2100110112220120210220012101111012120101,False,21001101122201202102200121011110121201011111221221,False,210011011222012021022001210111101212010111112212211012002102,False,2100110112220120210220012101111012120101111122122110120021020122002211,False
303452,303452,0.895580765902203,010111101111,2200012222,False,22000122220122112010,False,220001222201221120100011221011,False,2200012222012211201000112210112100200022,False,22000122220122112010001122101121002000220202120202,False,220001222201221120100011221011210020002202021202021210021121,False,2200012222012211201000112210112100200022020212020212100211210120002210,False
303480,303480,0.561613865903011,101101010001,1212001002,False,12120010021120201201,False,121200100211202012010002000100,False,1212001002112020120100020001000212120021,False,12120010021120201201000200010002121200210020212221,False,121200100211202012010002000100021212002100202122210222122121,False,1212001002112020120100020001000212120021002021222102221221212120201122,False
303650,303650,0.819671973050775,000110010111,2110102221,False,21101022211222200101,False,211010222112222001010212111100,False,2110102221122220010102121111001022100222,False,21101022211222200101021211110010221002221222200011,False,211010222112222001010212111100102210022212222000111121202221,False,2110102221122220010102121111001022100222122220001111212022211022010022,False
303660,303660,0.128969508765350,001000001001,1011002222,False,10110022220020021122,False,101100222200200211220010021000,False,1011002222002002112200100210001021220010,False,10110022220020021122001002100010212200102210012112,False,101100222200200211220010021000102122001022100121121001012102,False,1011002222002002112200100210001021220010221001211210010121020020121000,False
303662,303662,0.390829015908265,011000011011,1112110221,False,11121102212022101011,False,111211022120221010112011100100,False,1112110221202210101120111001001201112012,False,11121102212022101011201110010012011120120201021101,False,111211022120221010112011100100120111201202010211010101121012,False,1112110221202210101120111001001201112012020102110101011210122022210101,False
303812,303812,0.030292051626880,110000110111,1000220200,False,10002202000011120012,False,100022020000111200122001000220,False,1000220200001112001220010002202211010122,False,10002202000011120012200100022022110101220222001220,False,100022020000111200122001000220221101012202220012202100121111,False,1000220200001112001220010002202211010122022200122021001211110202211011,False
303824,303824,0.601449094484369,001010111011,1221021112,False,12210211121100012202,False,122102111211000122021110120222,False,1221021112110001220211101202220010110222,False,12210211121100012202111012022200101102221102210100,False,122102111211000122021110120222001011022211022101001222000122,False,1221021112110001220211101202220010110222110221010012220001222202010211,False
304094,304094,0.952482558777877,001000001011,2211212202,False,22112122021120210000,False,221121220211202100002121102211,False,2211212202112021000021211022110112111222,False,22112122021120210000212110221101121112221221021102,False,221121220211202100002121102211011211122212210211022220201210,False,2211212202112021000021211022110112111222122102110222202012102110211012,False
304148,304148,0.022689251636579,011101011011,1000200101,False,10002001012101122102,False,100020010121011221022020021101,False,1000200101210112210220200211010112022000,False,10002001012101122102202002110101120220000112111212,False,100020010121011221022020021101011202200001121112120111002000,False,1000200101210112210220200211010112022000011211121201110020000102122210,False
304256,304256,0.163102637353982,100010101011,1012022001,False,10120220012000011021,False,101202200120000110210122221202,False,1012022001200001102101222212020122211101,False,10120220012000011021012222120201222111010202101100,False,101202200120000110210122221202012221110102021011001111022001,False,1012022001200001102101222212020122211101020210110011110220012220222010,False
304292,304292,0.876573765926450,100110010011,2121201200,False,21212012000200121122,False,212120120002001211220210021212,False,2121201200020012112202100212121110200120,False,21212012000200121122021002121211102001200112012222,False,212120120002001211220210021212111020012001120122220021112220,False,2121201200020012112202100212121110200120011201222200211122201022111121,False
304310,304310,0.233309330212684,101111111011,1021212222,False,10212122221212000010,False,102121222212120000100220020122,False,1021212222121200001002200201220112100022,False,10212122221212000010022002012201121000222210202010,False,102121222212120000100220020122011210002222102020101100000110,False,1021212222121200001002200201220112100022221020201011000001101200011011,False
304398,304398,0.755127644500938,101011100001,2021220011,False,20212200110000012210,False,202122001100000122101102012001,False,2021220011000001221011020120011100201002,False,20212200110000012210110201200111002010021001010210,False,202122001100000122101102012001110020100210010102102021122200,False,2021220011000001221011020120011100201002100101021020211222002121020222,False
304886,304886,0.648847387372168,111000100011,2001001222,False,20010012221201211221,False,200100122212012112210212111000,False,2001001222120121122102121110000020201211,False,20010012221201211221021211100000202012111001011100,False,200100122212012112210212111000002020121110010111000111001222,False,2001001222120121122102121110000020201211100101110001110012221001222120,False
304938,304938,0.457194573087954,110011010001,1122121122,False,11221211222112011021,False,112212112221120110211200021222,False,1122121122211201102112000212222010202022,False,11221211222112011021120002122220102020220210200022,False,112212112221120110211200021222201020202202102000220211122220,False,1122121122211201102112000212222010202022021020002202111222200001110220,False
305208,305208,0.808228037381462,000011000001,2102121112,False,21021211121112002200,False,210212111211120022001002010122,False,2102121112111200220010020101222121220001,False,21021211121112002200100201012221212200012011101200,False,210212111211120022001002010122212122000120111012001001021021,False,2102121112111200220010020101222121220001201110120010010210210200220221,False
305334,305334,0.305376987385099,011111011001,1101202121,False,11012021210111220102,False,110120212101112201020221110201,False,1101202121011122010202211102010011101002,False,11012021210111220102022111020100111010020102210101,False,110120212101112201020221110201001110100201022101011020000002,False,1101202121011122010202211102010011101002010221010110200000020122122012,False
305372,305372,0.280707623100482,110101100011,1100202100,False,11002021000021121022,False,110020210000211210221200200220,False,1100202100002112102212002002201210121120,False,11002021000021121022120020022012101211202112011022,False,110020210000211210221200200220121012112021120110221020100121,False,1100202100002112102212002002201210121120211201102210201001210100112010,False
305604,305604,0.656410451678607,001101001001,2001112101,False,20011121011200011120,False,200111210112000111201111112121,False,2001112101120001112011111121212212120020,False,20011121011200011120111111212122121200200001201101,False,200111210112000111201111112121221212002000012011012122011212,False,2001112101120001112011111121212212120020000120110121220112121011200110,False
306114,306114,0.430584773121900,111000101101,1121022221,False,11210222212020202002,False,112102222120202020020112102002,False,1121022221202020200201121020021212211101,False,11210222212020202002011210200212122111012121001200,False,112102222120202020020112102002121221110121210012002121100000,False,1121022221202020200201121020021212211101212100120021211000000122120100,False
306740,306740,0.392610508854256,010100111011,1112120011,False,11121200110000211212,False,111212001100002112120120220100,False,1112120011000021121201202201000220111002,False,11121200110000211212012022010002201110022112022212,False,111212001100002112120120220100022011100221120222121120020210,False,1112120011000021121201202201000220111002211202221211200202100210112101,False
306816,306816,0.343271780285021,011000111101,1110100221,False,11101002211100100102,False,111010022111001001020102020011,False,1110100221110010010201020200110221212012,False,11101002211100100102010202001102212120122002010001,False,111010022111001001020102020011022121201220020100010221020021,False,1110100221110010010201020200110221212012200201000102210200211102220112,False
306830,306830,0.176288330285425,101111100011,1012202210,False,10122022100200212000,False,101220221002002120002122000020,False,1012202210020021200021220000201012212222,False,10122022100200212000212200002010122122220002001100,False,101220221002002120002122000020101221222200020011000102202112,False,1012202210020021200021220000201012212222000200110001022021121100000120,False
307052,307052,0.242693623148976,100101010111,1022020202,False,10220202020120010010,False,102202020201200100101212112021,False,1022020202012001001012121120210212210011,False,10220202020120010010121211202102122100111121001100,False,102202020201200100101212112021021221001111210011002000012120,False,1022020202012001001012121120210212210011112100110020000121202112101100,False
307554,307554,0.969429916020610,010111110101,2220022202,False,22200222022101001020,False,222002220221010010202211100200,False,2220022202210100102022111002001221120100,False,22200222022101001020221110020012211201002122201222,False,222002220221010010202211100200122112010021222012220110012122,False,2220022202210100102022111002001221120100212220122201100121220110201000,False
307662,307662,0.109843301738013,011111000101,1010110111,True,10101101111112022101,False,101011011111120221010201011210,False,1010110111111202210102010112100010120200,False,10101101111112022101020101121000101202001211110110,False,101011011111120221010201011210001012020012111101102102021010,False,1010110111111202210102010112100010120200121111011021020210102020002201,False
307878,307878,0.390670073172819,111110010101,1112110202,False,11121102021110201102,False,111211020211102011020122001201,False,1112110202111020110201220012011211221200,False,11121102021110201102012200120112112212000022121120,False,111211020211102011020122001201121122120000221211201111202212,False,1112110202111020110201220012011211221200002212112011112022120110220200,False
308132,308132,0.646827480323008,110011100111,2000221200,False,20002212001202021111,False,200022120012020211110200001010,False,2000221200120202111102000010101201002122,False,20002212001202021111020000101012010021222011022120,False,200022120012020211110200001010120100212220110221202010102121,False,2000221200120202111102000010101201002122201102212020101021211220222210,False
308186,308186,0.717034173181710,000100110111,2012100122,False,20121001221222022020,False,201210012212220220201100201102,False,2012100122122202202011002011020101111202,False,20121001221222022020110020110201011112021120211122,False,201210012212220220201100201102010111120211202111221020120022,False,2012100122122202202011002011020101111202112021112210201200222212122112,False
308198,308198,0.288191216039199,011110111011,1101001112,False,11010011120211221011,False,110100111202112210112021222221,False,1101001112021122101120212222210122010211,False,11010011120211221011202122222101220102110011102202,False,110100111202112210112021222221012201021100111022021002221111,False,1101001112021122101120212222210122010211001110220210022211110022000111,False
308364,308364,0.022530308901134,101101010101,1000200021,False,10002000210211020201,False,100020002102110202011111101011,False,1000200021021102020111111010112220000202,False,10002000210211020201111110101122200002021101212221,False,100020002102110202011111101011222000020211012122210200021200,False,1000200021021102020111111010112220000202110121222102000212000120211022,False
308468,308468,0.639224680332707,011100001011,2000111100,False,20001111001010122100,False,200011110010101221002011201200,False,2000111100101012210020112012000110120000,False,20001111001010122100201120120001101200001022000011,False,200011110010101221002011201200011012000010220000110020012110,False,2000111100101012210020112012000110120000102200001100200121102221102012,False
308502,308502,0.090836301762260,001111110001,1002211111,False,10022111111210021002,False,100221111112100210022101202201,False,1002211111121002100221012022012011210201,False,10022111111210021002210120220120112102012111220101,False,100221111112100210022101202201201121020121112201012202121211,False,1002211111121002100221012022012011210201211122010122021212110011101102,False
308630,308630,0.849844758908812,110110101011,2112200102,False,21122001020110211002,False,211220010201102110020112220100,False,2112200102011021100201122201000011122211,False,21122001020110211002011222010000111222110122212222,False,211220010201102110020112220100001112221101222122222111221120,False,2112200102011021100201122201000011122211012221222221112211202200120002,False
308634,308634,0.373563773194642,101100000101,1111200220,False,11112002201211121002,False,111120022012111210020212211102,False,1111200220121112100202122111021002202120,False,11112002201211121002021221110210022021200111121012,False,111120022012111210020212211102100220212001111210122201021011,False,1111200220121112100202122111021002202120011112101222010210111020222221,False
308682,308682,0.658191944624599,010110101001,2001122022,False,20011220222121100021,False,200112202221211000211121011222,False,2001122022212110002111210112220221221000,False,20011220222121100021112101122202212210000001211111,False,200112202221211000211121011222022122100000012111110010122121,False,2001122022212110002111210112220221221000000121111100101221212202201101,False
308898,308898,0.939018716059405,010011111001,2210202021,False,22102020211212222012,False,221020202112122220121221012122,False,2210202021121222201212210121221221101000,False,22102020211212222012122101212212211010000112211022,False,221020202112122220121221012122122110100001122110222221010020,False,2210202021121222201212210121221221101000011221102222210100201201202212,False
309084,309084,0.291952880350488,011100011101,1101012200,False,11010122000110102222,False,110101220001101022222002201100,False,1101012200011010222220022011000112002021,False,11010122000110102222200220110001120020212101010220,False,110101220001101022222002201100011200202121010102202010211220,False,1101012200011010222220022011000112002021210101022020102112201102210100,False
309176,309176,0.337490208924573,000000011111,1110010012,False,11100100122012121122,False,111001001220121211221222120001,False,1110010012201212112212221200011122010022,False,11100100122012121122122212000111220100222101121110,False,111001001220121211221222120001112201002221011211100122202201,False,1110010012201212112212221200011122010022210112111001222022012000121110,False
309822,309822,0.918111016086077,001011010101,2202000211,False,22020002111221211102,False,220200021112212111020212001021,False,2202000211122121110202120010212121012211,False,22020002111221211102021200102121210122110021012010,False,220200021112212111020212001021212101221100210120100111012200,False,2202000211122121110202120010212121012211002101201001110122000121012012,False
309870,309870,0.202739187516034,100100111001,1020201212,False,10202012121212021010,False,102020121212120210101112002010,False,1020201212121202101011120020102120020112,False,10202012121212021010111200201021200201120022012020,False,102020121212120210101112002010212002011200220120200001211010,False,1020201212121202101011120020102120020112002201202000012110102010012200,False
310326,310326,0.906706816100625,000001001101,2201002221,False,22010022212010100211,False,220100222120101002111112112020,False,2201002221201010021111121120201110000112,False,22010022212010100211111211202011100001121002100022,False,220100222120101002111112112020111000011210021000221110020211,False,2201002221201010021111121120201110000112100210002211100202110111222222,False
310400,310400,0.595508580388476,111010000111,1220221100,False,12202211001120212202,False,122022110011202122022001200021,False,1220221100112021220220012000212201121220,False,12202211001120212202200120002122011212201010200011,False,122022110011202122022001200021220112122010102000112020021122,False,1220221100112021220220012000212201121220101020001120200211222012110100,False
310470,310470,0.760591330390496,110001110101,2022021012,False,20220210121222000211,False,202202101212220002111111020011,False,2022021012122200021111110200111201022120,False,20220210121222000211111102001112010221200201201202,False,202202101212220002111111020011120102212002012012020101112022,False,2022021012122200021111110200111201022120020120120201011120222220222122,False
310932,310932,0.250137480403832,011110110001,1022112120,False,10221121200121000011,False,102211212001210000112220111101,False,1022112120012100001122201111012002020011,False,10221121200121000011222011110120020200112100211021,False,102211212001210000112220111101200202001121002110210102210101,False,1022112120012100001122201111012002020011210021102101022101011011110021,False
311048,311048,0.437988894692895,111101100111,1121200111,False,11212001112020122211,False,112120011120201222110001101020,False,1121200111202012221100011010202011120012,False,11212001112020122211000110102020111200122012020221,False,112120011120201222110001101020201112001220120202212021001211,False,1121200111202012221100011010202011120012201202022120210012112011121110,False
311190,311190,0.030013901839851,110100111101,1000220102,False,10002201022111221222,False,100022010221112212222211002212,False,1000220102211122122222110022122210121021,False,10002201022111221222221100221222101210211122110000,False,100022010221112212222211002212221012102111221100001102000211,False,1000220102211122122222110022122210121021112211000011020002112222200202,False
311598,311598,0.449353358994485,011000101001,1122020022,False,11220200222120001101,False,112202002221200011011111212221,False,1122020022212000110111112122211211022212,False,11220200222120001101111121222112110222121102111222,False,112202002221200011011111212221121102221211021112220202112100,False,1122020022212000110111112122211211022212110211122202021121000102002200,False
311688,311688,0.233031180425655,001001100001,1021212200,False,10212122002112120102,False,102121220021121201020102111011,False,1021212200211212010201021110110111010200,False,10212122002112120102010211101101110102000121201210,False,102121220021121201020102111011011101020001212012100210111022,False,1021212200211212010201021110110111010200012120121002101110221012022120,False
311714,311714,0.637204773283548,011110101111,2000101002,False,20001010020221212122,False,200010100202212121221022221101,False,2000101002022121212210222211012212100212,False,20001010020221212122102222110122121002121201000110,False,200010100202212121221022221101221210021212010001100202101120,False,2000101002022121212210222211012212100212120100011002021011202221101000,False
312032,312032,0.272866409007013,110001101011,1100102211,False,11001022110211110102,False,110010221102111101022222211220,False,1100102211021111010222222112201222021202,False,11001022110211110102222221122012220212022202211220,False,110010221102111101022222211220122202120222022112200010120122,False,1100102211021111010222222112201222021202220221122000101201221120200102,False
312230,312230,0.196957616155586,010011110011,1020112002,False,10201120022201020102,False,102011200222010201020210102010,False,1020112002220102010202101020101112121022,False,10201120022201020102021010201011121210221020200220,False,102011200222010201020210102010111212102210202002202120210102,False,1020112002220102010202101020101112121022102020022021202101021002100201,False
312398,312398,0.193156216160435,011010010111,1020101100,False,10201011000011200110,False,102010110000112001102000102102,False,1020101100001120011020001021022011220112,False,10201011000011200110200010210220112201121012100201,False,102010110000112001102000102102201122011210121002012001102220,False,1020101100001120011020001021022011220112101210020120011022201111020010,False
312506,312506,0.333569601877838,000111100111,1102221200,False,11022212000111120222,False,110222120001111202221011001202,False,1102221200011112022210110012021001100100,False,11022212000111120222101100120210011001000220212200,False,110222120001111202221011001202100110010002202122000111100001,False,1102221200011112022210110012021001100100022021220001111000010202102012,False
312624,312624,0.783280523309816,101101011001,2100211122,False,21002111221002012012,False,210021112210020120121100112000,False,2100211122100201201211001120002120122000,False,21002111221002012012110011200021201220001022102202,False,210021112210020120121100112000212012200010221022021121011220,False,2100211122100201201211001120002120122000102210220211210112200012011101,False
313490,313490,0.168447116191956,011011101011,1012111012,False,10121110120222020101,False,101211101202220201011120100222,False,1012111012022202010111201002220101101021,False,10121110120222020101112010022201011010210000110110,False,101211101202220201011120100222010110102100001101102120221012,False,1012111012022202010111201002220101101021000011011021202210121102101200,False
313526,313526,0.881918244764424,100111010011,2122010220,False,21220102202120212120,False,212201022021202121201211112010,False,2122010220212021212012111120100110022221,False,21220102202120212120121111201001100222212111112111,False,212201022021202121201211112010011002222121111121111000222212,False,2122010220212021212012111120100110022221211111211110002222120202220201,False
313542,313542,0.976794301907743,111101101001,2220221221,False,22202212211212220001,False,222022122112122200011112101220,False,2220221221121222000111121012200210000022,False,22202212211212220001111210122002100000221022111022,False,222022122112122200011112101220021000002210221110220101101021,False,2220221221121222000111121012200210000022102211102201011010210210121201,False
313802,313802,0.018530230486677,101001000111,1000112222,False,10001122222102010001,False,100011222221020100011001022220,False,1000112222210201000110010222200100021101,False,10001122222102010001100102222001000211012010110022,False,100011222221020100011001022220010002110120101100222120220001,False,1000112222210201000110010222200100021101201011002221202200012011011120,False
314036,314036,0.656092566207717,010001011111,2001111212,False,20011112121021011202,False,200111121210210112020220111112,False,2001111212102101120202201111121100010021,False,20011112121021011202022011111211000100210120110100,False,200111121210210112020220111112110001002101201101000112012200,False,2001111212102101120202201111121100010021012011010001120122000100111200,False
314120,314120,0.654191866210142,001001100011,2001101202,False,20011012020000101000,False,200110120200001010002000000201,False,2001101202000010100020000002012212010210,False,20011012020000101000200000020122120102101200100200,False,200110120200001010002000000201221201021012001002002101100221,False,2001101202000010100020000002012212010210120010020021011002210112022010,False
314142,314142,0.534646444782205,111111100101,1210120122,False,12101201221211111010,False,121012012212111110100220201111,False,1210120122121111101002202011112112220022,False,12101201221211111010022020111121122200221022210202,False,121012012212111110100220201111211222002210222102020201101211,False,1210120122121111101002202011112112220022102221020202011012111120210120,False
314196,314196,0.604853137640907,000111010101,1221110211,False,12211102110201110022,False,122111021102011100220201002022,False,1221110211020111002202010020220100220102,False,12211102110201110022020100202201002201022110220001,False,122111021102011100220201002022010022010221102200010212212002,False,1221110211020111002202010020220100220102211022000102122120021211122201,False
314352,314352,0.029894694788267,010001001001,1000220100,False,10002201000112011220,False,100022010001120112200022110211,False,1000220100011201122000221102111110222101,False,10002201000112011220002211021111102221012202110011,False,100022010001120112200022110211111022210122021100111201100102,False,1000220100011201122000221102111110222101220211001112011001021121102121,False
314354,314354,0.291754201931182,110011011011,1101012110,False,11010121100200220112,False,110101211002002201120102022002,False,1101012110020022011201020220022222022012,False,11010121100200220112010202200222220220121200021020,False,110101211002002201120102022002222202201212000210200021210120,False,1101012110020022011201020220022222022012120002102000212101201010220111,False
314504,314504,0.931217237649798,101111110111,2210002211,False,22100022111001022201,False,221000221110010222010101000002,False,2210002211100102220101010000022212012010,False,22100022111001022201010100000222120120101101020010,False,221000221110010222010101000002221201201011010200102102102110,False,2210002211100102220101010000022212012010110102001021021021100111102120,False
314774,314774,0.282250701943306,001110000111,1100211000,False,11002110001122211000,False,110021100011222110000021101111,False,1100211000112221100000211011110210210110,False,11002110001122211000002110111102102101101100022200,False,110021100011222110000021101111021021011011000222000202010222,False,1100211000112221100000211011110210210110110002220002020102221211022021,False
314954,314954,0.849606344805644,011111001111,2112122221,False,21121222210010200202,False,211212222100102002021110200000,False,2112122221001020020211102000002110100001,False,21121222210010200202111020000021101000012112010100,False,211212222100102002021110200000211010000121120101001022210222,False,2112122221001020020211102000002110100001211201010010222102220220211210,False
315000,315000,0.872375009092686,000011101001,2121101212,False,21211012122210210011,False,212110121222102100111112120000,False,2121101212221021001111121200000111112110,False,21211012122210210011111212000001111121102111122122,False,212110121222102100111112120000011111211021111221222010001100,False,2121101212221021001111121200000111112110211112212220100011000210101112,False
315114,315114,0.798366916238834,101100100101,2101220110,False,21012201100100122201,False,210122011001001222010022001122,False,2101220110010012220100220011222220112022,False,21012201100100122201002200112222201120222101120022,False,210122011001001222010022001122222011202221011200221000212102,False,2101220110010012220100220011222220112022210112002210002121020121011001,False
315170,315170,0.130433116240451,011100111111,1011011022,False,10110110221201110002,False,101101102212011100021011002011,False,1011011022120111000210110020110001222111,False,10110110221201110002101100201100012221111112122022,False,101101102212011100021011002011000122211111121220221220211221,False,1011011022120111000210110020110001222111111212202212202112210012101011,False
315402,315402,0.506135944818576,101101011101,1202002012,False,12020020121122022111,False,120200201211220221110011121122,False,1202002012112202211100111211222200202222,False,12020020121122022111001112112222002022221001122002,False,120200201211220221110011121122220020222210011220020112101212,False,1202002012112202211100111211222200202222100112200201121012122220121220,False
315488,315488,0.766094751963916,101000111011,2022122101,False,20221221012210210120,False,202212210122102101201121102012,False,2022122101221021012011211020122221212220,False,20221221012210210120112110201222212122201012021020,False,202212210122102101201121102012222121222010120210202020000100,False,2022122101221021012011211020122221212220101202102020200001001220121101,False
315792,315792,0.568739837686977,101101110001,1212102201,False,12121022010201000200,False,121210220102010002002201000000,False,1212102201020100020022010000002221000200,False,12121022010201000200220100000022210002002122011120,False,121210220102010002002201000000222100020021220111202212221210,False,1212102201020100020022010000002221000200212201112022122212102201020102,False
315800,315800,0.616177866258636,111001010111,1222010120,False,12220101200110101011,False,122201012001101010112201220111,False,1222010120011010101122012201110002020211,False,12220101200110101011220122011100020202112122222101,False,122201012001101010112201220111000202021121222221011210010102,False,1222010120011010101122012201110002020211212222210112100101020120011012,False
315920,315920,0.327748294833528,000000101011,1102200222,False,11022002220110010221,False,110220022201100102210221101012,False,1102200222011001022102211010120111020011,False,11022002220110010221022110101201110200111202211100,False,110220022201100102210221101012011102001112022111000210211201,False,1102200222011001022102211010120111020011120221110002102112011220012210,False
315956,315956,0.041219423405996,110100010011,1001020202,False,10010202022110020200,False,100102020221100202000000221210,False,1001020202211002020000002212100100022211,False,10010202022110020200000022121001000222111122000222,False,100102020221100202000000221210010002221111220002220111021211,False,1001020202211002020000002212100100022211112200022201110212111012001111,False
316118,316118,0.251839501982101,011010110011,1022121100,False,10221211002001200222,False,102212110020012002220101122110,False,1022121100200120022201011221102102120122,False,10221211002001200222010112211021021201221200010221,False,102212110020012002220101122110210212012212000102211210221011,False,1022121100200120022201011221102102120122120001022112102210110022012202,False
316188,316188,0.416922251984122,100001111001,1120200112,False,11202001120110002120,False,112020011201100021201002021022,False,1120200112011000212010020210221222121001,False,11202001120110002120100202102212221210011122210221,False,112020011201100021201002021022122212100111222102212200212111,False,1120200112011000212010020210221222121001112221022122002121111101212002,False
316410,316410,0.483327544847673,010011000101,1200220202,False,12002202020120121100,False,120022020201201211000101022100,False,1200220202012012110001010221000110102012,False,12002202020120121100010102210001101020122012001100,False,120022020201201211000101022100011010201220120011000001012202,False,1200220202012012110001010221000110102012201200110000010122022102211200,False
316626,316626,0.764154316282479,110010010101,2022111210,False,20221112102001111112,False,202211121020011111120212010011,False,2022111210200111111202120100112200202000,False,20221112102001111112021201001122002020001121202111,False,202211121020011111120212010011220020200011212021110121121112,False,2022111210200111111202120100112200202000112120211101211211122011102111,False
316874,316874,0.234733202003923,110111000011,1021221110,False,10212211101022010211,False,102122111010220102111021111002,False,1021221110102201021110211110020222020001,False,10212211101022010211102111100202220200010111121011,False,102122111010220102111021111002022202000101111210111101200120,False,1021221110102201021110211110020222020001011112101111012001200101110102,False
316934,316934,0.090518416291370,011000110111,1002211020,False,10022110200000011000,False,100221102000000110002022011101,False,1002211020000001100020220111011010212120,False,10022110200000011000202201110110102121200100202102,False,100221102000000110002022011101101021212001002021021200121101,False,1002211020000001100020220111011010212120010020210212001211011202211000,False
317058,317058,0.325807859152092,011001100101,1102121202,False,11021212020012110112,False,110212120200121101122222112001,False,1102121202001211011222221120012110202120,False,11021212020012110112222211200121102021201021222221,False,110212120200121101122222112001211020212010212222212020202010,False,1102121202001211011222221120012110202120102122222120202020101211122212,False
317112,317112,0.396014552010794,100001010101,1112201100,False,11122011001120211102,False,111220110011202111020221102110,False,1112201100112021110202211021101101110102,False,11122011001120211102022110211011011101020220202212,False,111220110011202111020221102110110111010202202022120112200202,False,1112201100112021110202211021101101110102022020221201122002020220011202,False
317114,317114,0.657874059153708,100011111111,2001121210,False,20011212102010002220,False,200112121020100022200020220021,False,2001121210201000222000202200211211221120,False,20011212102010002220002022002112112211200020000210,False,200112121020100022200020220021121122112000200002102201121000,False,2001121210201000222000202200211211221120002000021022011210000012020100,False
317250,317250,0.464320544871920,110011110001,1122222010,False,11222220101102111021,False,112222201011021110211011002111,False,1122222010110211102110110021111202210022,False,11222220101102111021101100211112022100220202212102,False,112222201011021110211011002111120221002202022121022022102222,False,1122222010110211102110110021111202210022020221210220221022221100220111,False
317258,317258,0.511758573443579,100011010111,1202101002,False,12021010020122112212,False,120210100201221122121200002102,False,1202101002012211221212000021020121200100,False,12021010020122112212120000210201212001000002122120,False,120210100201221122121200002102012120010000021221201212110011,False,1202101002012211221212000021020121200100000212212012121100112021112211,False
317382,317382,0.747048016304302,100000000101,2021100101,False,20211001010210101000,False,202110010102101010000101001000,False,2021100101021010100001010010001121212002,False,20211001010210101000010100100011212120020211101210,False,202110010102101010000101001000112121200202111012102122020111,False,2021100101021010100001010010001121212002021110121021220201112121000222,False
317384,317384,0.008907523447216,100000001111,1000021011,False,10000210111200111110,False,100002101112001111100011110110,False,1000021011120011111000111101100201111021,False,10000210111200111110001111011002011110210000221210,False,100002101112001111100011110110020111102100002212102011122220,False,1000021011120011111000111101100201111021000022121020111222200111010102,False
317508,317508,0.244196966307939,000101111101,1022022022,False,10220220221222200211,False,102202202212222002111211212220,False,1022022022122220021112112122202121222001,False,10220220221222200211121121222021212220012201012200,False,102202202212222002111211212220212122200122010122001221102001,False,1022022022122220021112112122202121222001220101220012211020012201221100,False
318060,318060,0.517420937752444,001011010001,1202200001,False,12022000012011101210,False,120220000120111012101220121112,False,1202200001201110121012201211122110010011,False,12022000012011101210122012111221100100111021101112,False,120220000120111012101220121112211001001110211011120211201110,False,1202200001201110121012201211122110010011102110111202112011102111120022,False
318222,318222,0.728041016328549,111100110001,2020002011,False,20200020110020222220,False,202000201100202222200000112022,False,2020002011002022222000001120220112221221,False,20200020110020222220000011202201122212212000100020,False,202000201100202222200000112022011222122120001000201122012122,False,2020002011002022222000001120220112221221200010002011220121221111112212,False
318264,318264,0.227090666329761,100011101101,1021122120,False,10211221201100102021,False,102112212011001020211111112212,False,1021122120110010202111111122121020010201,False,10211221201100102021111111221210200102011211112201,False,102112212011001020211111112212102001020112111122011220122200,False,1021122120110010202111111122121020010201121111220112201222000222201201,False
318392,318392,0.986099123476313,000010110111,2221202212,False,22212022120012222111,False,222120221200122221110022102001,False,2221202212001222211100221020011221202220,False,22212022120012222111002210200112212022202102222101,False,222120221200122221110022102001122120222021022221012220222212,False,2221202212001222211100221020011221202220210222210122202222122010021001,False
318410,318410,0.342834687762547,000101011111,1110100102,False,11101001022000022212,False,111010010220000222120210110001,False,1110100102200002221202101100011112110212,False,11101001022000022212021011000111121102121210212200,False,111010010220000222120210110001111211021212102122002220001210,False,1110100102200002221202101100011112110212121021220022200012101020012111,False
318492,318492,0.079074480622057,110100100001,1002110011,False,10021100111010101210,False,100211001110101012100200102000,False,1002110011101010121002001020001212012211,False,10021100111010101210020010200012120122112201122222,False,100211001110101012100200102000121201221122011222220120122200,False,1002110011101010121002001020001212012211220112222201201222000101212211,False
318674,318674,0.908289630627310,010010001011,2201020101,False,22010201011101210010,False,220102010111012100100011211112,False,2201020101110121001000112111122212111000,False,22010201011101210010001121111222121110000210122100,False,220102010111012100100011211112221211100002101221002200100120,False,2201020101110121001000112111122212111000021012210022001001201222200001,False
318966,318966,0.139777673492882,110011111101,1011110222,False,10111102222220212101,False,101111022222202121012000120201,False,1011110222222021210120001202011210210122,False,10111102222220212101200012020112102101220211002020,False,101111022222202121012000120201121021012202110020202002001000,False,1011110222222021210120001202011210210122021100202020020010002110100201,False
319160,319160,0.540149866355625,100111001011,1210212121,False,12102121211010211201,False,121021212110102112012202112110,False,1210212121101021120122021121102212010122,False,12102121211010211201220211211022120101220002220021,False,121021212110102112012202112110221201012200022200211222112010,False,1210212121101021120122021121102212010122000222002112221120101122211102,False
319310,319310,0.179612902074240,110100100111,1012220000,False,10122200001221022010,False,101222000012210220101120002001,False,1012220000122102201011200020012000212002,False,10122200001221022010112000200120002120021212120120,False,101222000012210220101120002001200021200212121201201101101000,False,1012220000122102201011200020012000212002121212012011011010002110011000,False
319634,319634,0.600853059226450,110111000111,1221020121,False,12210201211111110020,False,122102012111111100201221022111,False,1221020121111111002012210221110001200021,False,12210201211111110020122102211100012000210001220211,False,122102012111111100201221022111000120002100012202111012201210,False,1221020121111111002012210221110001200021000122021110122012100121022020,False
319862,319862,0.452836873518746,111100111011,1122101220,False,11221012201111101120,False,112210122011111011202100211112,False,1122101220111110112021002111122212102211,False,11221012201111101120210021111222121022112210111201,False,112210122011111011202100211112221210221122101112012000101001,False,1122101220111110112021002111122212102211221011120120001010011112022010,False
320174,320174,0.302919987813466,001101010111,1101122211,False,11011222112212222022,False,110112221122122220220121100210,False,1101122211221222202201211002101211102012,False,11011222112212222022012110021012111020121022202201,False,110112221122122220220121100210121110201210222022010201020201,False,1101122211221222202201211002101211102012102220220102010202012101112220,False
320184,320184,0.612217523528040,011011001001,1221220022,False,12212200222222122020,False,122122002222221220201210012120,False,1221220022222212202012100121202001202002,False,12212200222222122020121001212020012020022111010111,False,122122002222221220201210012120200120200221110101111121211001,False,1221220022222212202012100121202001202002211101011111212110011002110020,False
320294,320294,0.014490416388358,010100101011,1000102200,False,10001022002112200102,False,100010220021122001021210002002,False,1000102200211220010212100020021102101020,False,10001022002112200102121000200211021010200201122120,False,100010220021122001021210002002110210102002011221200200001002,False,1000102200211220010212100020021102101020020112212002000010022000111110,False
320490,320490,0.676722116394016,111010010001,2002210020,False,20022100200021011112,False,200221002000210111121100202201,False,2002210020002101111211002022011020202021,False,20022100200021011112110020220110202020210010010112,False,200221002000210111121100202201102020202100100101120110112012,False,2002210020002101111211002022011020202021001001011201101120121211012020,False
320676,320676,0.029656280685099,001111110101,1000220010,False,10002200102112200222,False,100022001021122002220200201012,False,1000220010211220022202002010120101100000,False,10002200102112200222020020101201011000000110112011,False,100022001021122002220200201012010110000001101120112022220011,False,1000220010211220022202002010120101100000011011201120222200112212121200,False
320760,320760,0.027755580687524,011010000001,1000211120,False,10002111201021212210,False,100021112010212122100111020100,False,1000211120102121221001110201000212202111,False,10002111201021212210011102010002122021111212100121,False,100021112010212122100111020100021220211112121001211202100101,False,1000211120102121221001110201000212202111121210012112021001011221221010,False
320886,320886,0.524904530691161,011110011001,1210001200,False,12100012001210221002,False,121000120012102210022202200100,False,1210001200121022100222022001002200221120,False,12100012001210221002220220010022002211201112021012,False,121000120012102210022202200100220022112011120210120200100220,False,1210001200121022100222022001002200221120111202101202001002202022012211,False
321156,321156,0.875937994984669,011100001001,2121200100,False,21212001000200112001,False,212120010002001120011210022111,False,2121200100020011200112100221111100121220,False,21212001000200112001121002211111001212200121110010,False,212120010002001120011210022111110012122001211100101222202210,False,2121200100020011200112100221111100121220012111001012222022102022202002,False
321234,321234,0.088458773558349,010111011101,1002202101,False,10022021012120220110,False,100220210121202201100101020122,False,1002202101212022011001010201220211102002,False,10022021012120220110010102012202111020021021111211,False,100220210121202201100101020122021110200210211112111221210102,False,1002202101212022011001010201220211102002102111121112212101022200210100,False
321254,321254,0.707053844987498,011011100111,2011201011,False,20112010112101120020,False,201120101121011200202120210000,False,2011201011210112002021202100002110100201,False,20112010112101120020212021000021101002011211220201,False,201120101121011200202120210000211010020112112202012201222002,False,2011201011210112002021202100002110100201121122020122012220021121102112,False
321372,321372,0.156764766419476,110001011001,1012002000,False,10120020000212201100,False,101200200002122011001012000211,False,1012002000021220110010120002110000210012,False,10120020000212201100101200021100002100120000001022,False,101200200002122011001012000211000021001200000010222120122201,False,1012002000021220110010120002110000210012000000102221201222011022122110,False
321432,321432,0.012549980706922,010101100101,1000101010,True,10001010100210001202,False,100010101002100012022112012120,False,1000101010021000120221120121201020020120,False,10001010100210001202211201212010200201200001002221,False,100010101002100012022112012120102002012000010022210120212002,False,1000101010021000120221120121201020020120000100222101202120021020001021,False
321504,321504,0.439492237851857,010100001101,1121202110,False,11212021101011121021,False,112120211010111210211100101222,False,1121202110101112102111001012221122010102,False,11212021101011121021110010122211220101020012122110,False,112120211010111210211100101222112201010200121221100210012210,False,1121202110101112102111001012221122010102001212211002100122101102012200,False
321648,321648,0.293376752141728,111100110101,1101021020,False,11010210201212012112,False,110102102012120121121221021221,False,1101021020121201211212210212212102210122,False,11010210201212012112122102122121022101220121112121,False,110102102012120121121221021221210221012201211121210020100122,False,1101021020121201211212210212212102210122012111212100201001222110001111,False
321894,321894,0.502096130720258,011111100001,1201212120,False,12012121201122221001,False,120121212011222210010011122120,False,1201212120112222100100111221200102111212,False,12012121201122221001001112212001021112122201221002,False,120121212011222210010011122120010211121222012210022120102210,False,1201212120112222100100111221200102111212220122100221201022100022112211,False
322890,322890,0.908130687891865,110011100101,2201020001,False,22010200010102201012,False,220102000101022010120210112000,False,2201020001010220101202101120002221012200,False,22010200010102201012021011200022210122001012111110,False,220102000101022010120210112000222101220010121111102220121101,False,2201020001010220101202101120002221012200101211111022201211011010111200,False
323106,323106,0.188957459326671,011010110101,1020020012,False,10200200120011202122,False,102002001200112021222202112211,False,1020020012001120212222021122111022211222,False,10200200120011202122220211221110222112221211122022,False,102002001200112021222202112211102221122212111220220222210221,False,1020020012001120212222021122111022211222121112202202222102210000122100,False
323592,323592,0.820817695054986,101001110101,2110112012,False,21101120122000011002,False,211011201220000110022221111020,False,2110112012200001100222211110201102221112,False,21101120122000011002222111102011022211120111100121,False,211011201220000110022221111020110222111201111001212202210220,False,2110112012200001100222211110201102221112011110012122022102200111102011,False
323756,323756,0.293297280774006,100010011111,1101021011,False,11010210110202002002,False,110102101102020020022211021011,False,1101021011020200200222110210112211012001,False,11010210110202002002221102101122110120012001121200,False,110102101102020020022211021011221101200120011212001210110110,False,1101021011020200200222110210112211012001200112120012101101100212020112,False
323862,323862,0.171851159348494,100000100101,1012121111,False,10121211110012001211,False,101212111100120012110111111002,False,1012121111001200121101111110022012211201,False,10121211110012001211011111100220122112010001001122,False,101212111100120012110111111002201221120100010011220102221002,False,1012121111001200121101111110022012211201000100112201022210022021101111,False
323864,323864,0.433710666491409,100001101111,1121110222,False,11211102221020202102,False,112111022210202021021122222110,False,1121110222102020210211222221101221210021,False,11211102221020202102112222211012212100211001102011,False,112111022210202021021122222110122121002110011020112120220110,False,1121110222102020210211222221101221210021100110201121202201102000212000,False
324062,324062,0.357801873639981,000000010111,1111000001,True,11110000010202102220,False,111100000102021022202222212211,False,1111000001020210222022222122112221202001,False,11110000010202102220222221221122212020011021121120,False,111100000102021022202222212211222120200110211211201220211101,False,1111000001020210222022222122112221202001102112112012202111011100000122,False
324150,324150,0.879620187928236,000001011101,2121222002,False,21212220020020221221,False,212122200200202212212121102011,False,2121222002002022122121211020110202120220,False,21212220020020221221212110201102021202201220220201,False,212122200200202212212121102011020212022012202202011122101221,False,2121222002002022122121211020110202120220122022020111221012212000102221,False
324164,324164,0.712636737928640,010001000011,2012001221,False,20120012210100012100,False,201200122101000121000212022121,False,2012001221010001210002120221212101201111,False,20120012210100012100021202212121012011112210001110,False,201200122101000121000212022121210120111122100011100122200102,False,2012001221010001210002120221212101201111221000111001222001022220100200,False
324312,324312,0.090240266504341,101100111101,1002210222,False,10022102221002002201,False,100221022210020022011021221212,False,1002210222100200220110212212120011202122,False,10022102221002002201102122121200112021220022001122,False,100221022210020022011021221212001120212200220011221001100120,False,1002210222100200220110212212120011202122002200112210011001202002001121,False
324324,324324,0.661397309361830,101110100001,2001211121,False,20012111212212210120,False,200121112122122101200120211201,False,2001211121221221012001202112012011002220,False,20012111212212210120012021120120110022202011001121,False,200121112122122101200120211201201100222020110011212012001211,False,2001211121221221012001202112012011002220201100112120120012112111112210,False
324704,324704,0.414703666515656,001000010011,1120120201,False,11201202011012000201,False,112012020110120002010010102210,False,1120120201101200020100101022102001121112,False,11201202011012000201001010221020011211120222111020,False,112012020110120002010010102210200112111202221110201010122102,False,1120120201101200020100101022102001121112022211102010101221021121001100,False
325134,325134,0.714497702242354,100110000001,2012012012,False,20120120120201212021,False,201201201202012120212010201220,False,2012012012020121202120102012202011001001,False,20120120120201212021201020122020110010012101100002,False,201201201202012120212010201220201100100121011000021000110220,False,2012012012020121202120102012202011001001210110000210001102201102112221,False
325190,325190,0.046563902243970,110101010011,1001102021,False,10011020210021210110,False,100110202100212101102122211112,False,1001102021002121011021222111122012101111,False,10011020210021210110212221111220121011110212101122,False,100110202100212101102122211112201210111102121011222022020102,False,1001102021002121011021222111122012101111021210112220220201022100021220,False
325350,325350,0.995324473677160,101001010001,2222120210,False,22221202101101211120,False,222212021011012111202020120001,False,2222120210110121112020201200011012010020,False,22221202101101211120202012000110120100200001001001,False,222212021011012111202020120001101201002000010010011022212101,False,2222120210110121112020201200011012010020000100100110222121012111121222,False
325352,325352,0.257183980820075,111011110011,1022211000,False,10222110001121211000,False,102221100011212110002222220200,False,1022211000112121100022222202001212021102,False,10222110001121211000222222020012120211022000110110,False,102221100011212110002222220200121202110220001101101220221101,False,1022211000112121100022222202001212021102200011011012202211012110001112,False
325622,325622,0.608217445113583,001011000011,1221200001,False,12212000012200021010,False,122120000122000210100100210022,False,1221200001220002101001002100221222201200,False,12212000012200021010010021002212222012002202022022,False,122120000122000210100100210022122220120022020220220210022122,False,1221200001220002101001002100221222201200220202202202100221221110121220,False
326180,326180,0.667019937986833,000011111011,2002011222,False,20020112220112211020,False,200201122201122110202000221100,False,2002011222011221102020002211001010111012,False,20020112220112211020200022110010101110120012202102,False,200201122201122110202000221100101011101200122021021022121220,False,2002011222011221102020002211001010111012001220210210221212202002001221,False
327480,327480,0.875699580881501,010110110101,2121122211,False,21211222112012111202,False,212112221120121112022002122100,False,2121122211201211120220021221001201112120,False,21211222112012111202200212210012011121200000222212,False,212112221120121112022002122100120111212000002222121021202121,False,2121122211201211120220021221001201112120000022221210212021211021120222,False
327966,327966,0.507559816609816,100101110101,1202011012,False,12020110120211121210,False,120201101202111212101002202020,False,1202011012021112121010022020202020002022,False,12020110120211121210100220202020200020222110021010,False,120201101202111212101002202020202000202221100210101212012211,False,1202011012021112121010022020202020002022211002101012120122110112202011,False
328176,328176,0.002808066615878,101100011001,1000002020,False,10000020202110001011,False,100000202021100010111222122010,False,1000002020211000101112221220102120020122,False,10000020202110001011122212201021200201221011120002,False,100000202021100010111222122010212002012210111200020220020002,False,1000002020211000101112221220102120020122101112000202200200020021120120,False
328268,328268,0.048345395189962,000101110011,1001110202,False,10011102022001011001,False,100111020220010110011022112122,False,1001110202200101100110221121220212112000,False,10011102022001011001102211212202121120002122011011,False,100111020220010110011022112122021211200021220110112121102200,False,1001110202200101100110221121220212112000212201101121211022001012111122,False
328616,328616,0.611899638057150,110011011111,1221212211,False,12212122111120220111,False,122121221111202201112101100020,False,1221212211112022011121011000201120022102,False,12212122111120220111210110002011200221022111001101,False,122121221111202201112101100020112002210221110011012211200002,False,1221212211112022011121011000201120022102211100110122112000021210121100,False
328700,328700,0.609998938059575,100011100011,1221202212,False,12212022120100011011,False,122120221201000110111212020120,False,1221202212010001101112120201200001102201,False,12212022120100011011121202012000011022011201122121,False,122120221201000110111212020120000110220112011221212122212110,False,1221202212010001101112120201200001102201120112212121222121100020002222,False
329042,329042,0.387974659498018,101000101011,1112100110,False,11121001100021200121,False,111210011000212001211210011201,False,1112100110002120012112100112011022211120,False,11121001100021200121121001120110222111202112211020,False,111210011000212001211210011201102221112021122110202112001201,False,1112100110002120012112100112011022211120211221102021120012011200201112,False
329280,329280,0.549256009504888,100011001101,1211100212,False,12111002121211102201,False,121110021212111022010121110012,False,1211100212121110220101211100122102221001,False,12111002121211102201012111001221022210011010122202,False,121110021212111022010121110012210222100110101222020021211222,False,1211100212121110220101211100122102221001101012220200212112220022110112,False
329424,329424,0.403140523794759,000011110101,1120001012,False,11200010121122011111,False,112000101211220111112110112222,False,1120001012112201111121101122220020220121,False,11200010121122011111211011222200202201210212220022,False,112000101211220111112110112222002022012102122200220021022112,False,1120001012112201111121101122220020220121021222002200210221122022120012,False
329442,329442,0.759876088080993,010110101101,2022012220,False,20220122200000000202,False,202201222000000002021000202222,False,2022012220000000020210002022222201112210,False,20220122200000000202100020222222011122101011111110,False,202201222000000002021000202222220111221010111111100121201002,False,2022012220000000020210002022222201112210101111111001212010021220210020,False
329516,329516,0.448677852368843,010010100111,1122012102,False,11220121022210100122,False,112201210222101001220221100200,False,1122012102221010012202211002002112201102,False,11220121022210100122022110020021122011020011220202,False,112201210222101001220221100200211220110200112202022110021120,False,1122012102221010012202211002002112201102001122020221100211200011121110,False
329532,329532,0.543553909512162,001011000101,1211001112,False,12110011122121211000,False,121100111221212110001011202022,False,1211001112212121100010112020222022202220,False,12110011122121211000101120202220222022201112021012,False,121100111221212110001011202022202220222011120210121220202100,False,1211001112212121100010112020222022202220111202101212202021000112102000,False
329748,329748,0.824380680946969,101010010101,2110210020,False,21102100202122000212,False,211021002021220002121112221112,False,2110210020212200021211122211121011102220,False,21102100202122000212111222111210111022201112100110,False,211021002021220002121112221112101110222011121001102201210201,False,2110210020212200021211122211121011102220111210011022012102010120000110,False
329750,329750,0.086240188089884,111110111111,1002200110,False,10022001100011120101,False,100220011000111201011100122100,False,1002200110001112010111001221001011222021,False,10022001100011120101110012210010112220212200101012,False,100220011000111201011100122100101122202122001010122012210122,False,1002200110001112010111001221001011222021220010101220122101221120200012,False
329928,329928,0.391736323809307,011101101101,1112112001,False,11121120012210001020,False,111211200122100010202220002001,False,1112112001221000102022200020012200002202,False,11121120012210001020222000200122000022021111202010,False,111211200122100010202220002001220000220211112020101221012001,False,1112112001221000102022200020012200002202111120201012210120012022121121,False
329994,329994,0.033100059525498,110101000001,1000222222,False,10002222222210012012,False,100022222222100120122211011112,False,1000222222221001201222110111121212110201,False,10002222222210012012221101111212121102011211222120,False,100022222222100120122211011112121211020112112221200112012101,False,1000222222221001201222110111121212110201121122212001120121011122122112,False
330144,330144,0.672563095244114,010110111101,2002112020,False,20021120201010000000,False,200211202010100000002100020210,False,2002112020101000000021000202100202201202,False,20021120201010000000210002021002022012020120112200,False,200211202010100000002100020210020220120201201122000122000202,False,2002112020101000000021000202100202201202012011220001220002021021210222,False
330236,330236,0.718100423818198,001011111111,2012102112,False,20121021121010110101,False,201210211210101101011212210011,False,2012102112101011010112122100112001212022,False,20121021121010110101121221001120012120222020111220,False,201210211210101101011212210011200121202220201112200102012002,False,2012102112101011010112122100112001212022202011122001020120020011010002,False
330372,330372,0.524546909536409,001011110001,1210001011,False,12100010112112010011,False,121000101121120100112012122102,False,1210001011211201001120121221020021121022,False,12100010112112010011201212210200211210222220220012,False,121000101121120100112012122102002112102222202200121010101012,False,1210001011211201001120121221020021121022222022001210101010122221111120,False
330380,330380,0.571984938108069,001011010111,1212121120,False,12121211201122002120,False,121212112011220021200222011120,False,1212121120112200212002220111200201200022,False,12121211201122002120022201112002012000221200210011,False,121212112011220021200222011120020120002212002100110222200002,False,1212121120112200212002220111200201200022120021001102222000022020102101,False
330396,330396,0.666860995251388,110000110101,2002011201,False,20020112010002120020,False,200201120100021200202020001002,False,2002011201000212002020200010020002100120,False,20020112010002120020202000100200021001201121200000,False,200201120100021200202020001002000210012011212000002221122020,False,2002011201000212002020200010020002100120112120000022211220202001112010,False
330506,330506,0.069133888111706,001000001111,1002010112,False,10020101120120010212,False,100201011201200102120102101020,False,1002010112012001021201021010201021202101,False,10020101120120010212010210102010212021012110012021,False,100201011201200102120102101020102120210121100120212012002101,False,1002010112012001021201021010201021202101211001202120120021012112121022,False
330554,330554,0.353762059541663,010111111011,1110211021,False,11102110210100101122,False,111021102101001011222001000212,False,1110211021010010112220010002122000021102,False,11102110210100101122200100021220000211021001121212,False,111021102101001011222001000212200002110210011212122102210202,False,1110211021010010112220010002122000021102100112121221022102020002102120,False
330824,330824,0.704795523835171,000101001011,2011120020,False,20111200202020001212,False,201112002020200012120110010210,False,2011120020202000121201100102100001112101,False,20111200202020001212011001021000011121011011112021,False,201112002020200012120110010210000111210110111120211220102010,False,2011120020202000121201100102100001112101101111202112201020102012201022,False
331578,331578,0.425829716714079,100111011001,1121002212,False,11210022120111002200,False,112100221201110022002001011212,False,1121002212011100220020010112120101111122,False,11210022120111002200200101121201011111222211102000,False,112100221201110022002001011212010111112222111020002022000210,False,1121002212011100220020010112120101111122221110200020220002102012121011,False
331614,331614,0.139300845286546,001100100001,1011110112,False,10111101122212022110,False,101111011222120221100100220000,False,1011110112221202211001002200000201110110,False,10111101122212022110010022000002011101100102120121,False,101111011222120221100100220000020111011001021201212210111011,False,1011110112221202211001002200000201110110010212012122101110111022121100,False
331740,331740,0.636449795290183,000000111001,2000022212,False,20000222121100221011,False,200002221211002210110222100110,False,2000022212110022101102221001100000000202,False,20000222121100221011022210011000000002021011122210,False,200002221211002210110222100110000000020210111222100101000122,False,2000022212110022101102221001100000000202101112221001010001221212100110,False
331796,331796,0.968515995291800,111010001011,2220020122,False,22200201221110200001,False,222002012211102000012000020011,False,2220020122111020000120000200111211202101,False,22200201221110200001200002001112112021011012202001,False,222002012211102000012000020011121120210110122020012222122102,False,2220020122111020000120000200111211202101101220200122221221021000111121,False
331964,331964,0.964714595296649,100010001111,2212220211,False,22122202112022001111,False,221222021120220011112002100122,False,2212220211202200111120021001220002012220,False,22122202112022001111200210012200020122200221100010,False,221222021120220011112002100122000201222002211000100111122211,False,2212220211202200111120021001220002012220022110001001111222111012000100,False
332088,332088,0.200004038157372,101011111101,1020122010,False,10201220102111022002,False,102012201021110220021221002202,False,1020122010211102200212210022020002220110,False,10201220102111022002122100220200022201102201201201,False,102012201021110220021221002202000222011022012012011212010020,False,1020122010211102200212210022020002220110220120120112120100201111000022,False
332126,332126,0.175334673872754,101000101111,1012201212,False,10122012120122120220,False,101220121201221202200022101212,False,1012201212012212022000221012120021212212,False,10122012120122120220002210121200212122121111011120,False,101220121201221202200022101212002121221211110111202201020010,False,1012201212012212022000221012120021212212111101112022010200102222221011,False
332154,332154,0.841367773873562,000100010001,2112001020,False,21120010200002122120,False,211200102000021221200010012200,False,2112001020000212212000100122002201010211,False,21120010200002122120001001220022010102112011122010,False,211200102000021221200010012200220101021120111220102010020002,False,2112001020000212212000100122002201010211201112201020100200020112202201,False
332156,332156,0.103227281016477,001100110011,1010020112,False,10100201122001011210,False,101002011220010112102001102112,False,1010020112200101121020011021121012111201,False,10100201122001011210200110211210121112010022001121,False,101002011220010112102001102112101211120100220011211221102200,False,1010020112200101121020011021121012111201002200112112211022002220120012,False
332358,332358,0.551037502450880,100000101101,1211110111,False,12111101110100011102,False,121111011101000111021210100002,False,1211110111010001110212101000020112220222,False,12111101110100011102121010000201122202222211200001,False,121111011101000111021210100002011222022222112000010200102122,False,1211110111010001110212101000020112220222221120000102001021220021021102,False
332424,332424,0.192401238167070,000100000001,1020100120,False,10201001202122101011,False,102010012021221010110111102001,False,1020100120212210101101111020010112222011,False,10201001202122101011011110200101122220112101122202,False,102010012021221010110111102001011222201121011222021002111020,False,1020100120212210101101111020010112222011210112220210021110200020201112,False
332426,332426,0.454260745309985,001100000011,1122110210,False,11221102100112011112,False,112211021001120111121122212201,False,1122110210011201111211222122011201221220,False,11221102100112011112112221220112012212201012012200,False,112211021001120111121122212201120122122010120122000110022122,False,1122110210011201111211222122011201221220101201220001100221220022222001,False
332432,332432,0.239839266738730,011100100111,1022010202,False,10220102022012012020,False,102201020220120120202111110102,False,1022010202201201202021111101020102002210,False,10220102022012012020211111010201020022101211110011,False,102201020220120120202111110102010200221012111100110000201211,False,1022010202201201202021111101020102002210121111001100002012110120002021,False
332496,332496,0.619343495312006,010111101001,1222022120,False,12220221200021120100,False,122202212000211201000210002112,False,1222022120002112010002100021120111110021,False,12220221200021120100021000211201111100211202210012,False,122202212000211201000210002112011111002112022100122002011002,False,1222022120002112010002100021120111110021120221001220020110020120020011,False
332588,332588,0.664880823886090,011010100011,2002001102,False,20020011020010101202,False,200200110200101012021211022112,False,2002001102001010120212110221121200211111,False,20020011020010101202121102211212002111112020001121,False,200200110200101012021211022112120021111120200011210221202221,False,2002001102001010120212110221121200211111202000112102212022210010010002,False
332756,332756,0.661079423890939,011111000111,2001211002,False,20012110022020111220,False,200121100220201112201022122010,False,2001211002202011122010221220101210100022,False,20012110022020111220102212201012101000221210002112,False,200121100220201112201022122010121010002212100021120111022020,False,2001211002202011122010221220101210100022121000211201110220201022010201,False
332802,332802,0.683848088177982,011010110001,2010020021,False,20100200211100001010,False,201002002111000010100011120120,False,2010020021110000101000111201201110011002,False,20100200211100001010001112012011100110021010212221,False,201002002111000010100011120120111001100210102122210002220000,False,2010020021110000101000111201201110011002101021222100022200000122120021,False
332918,332918,0.871699502467044,100001100111,2121100110,False,21211001102120202111,False,212110011021202021110202111200,False,2121100110212020211102021112000211222002,False,21211001102120202111020211120002112220021002210200,False,212110011021202021110202111200021122200210022102000122001100,False,2121100110212020211102021112000211222002100221020001220011001222002000,False
332990,332990,0.298641759611980,100111011111,1101111002,False,11011110020200010211,False,110111100202000102110100020112,False,1101111002020001021101000201120201001010,False,11011110020200010211010002011202010010100002121202,False,110111100202000102110100020112020100101000021212021122221220,False,1101111002020001021101000201120201001010000212120211222212202120222012,False
333060,333060,0.463724509614000,000000111101,1122221100,False,11222211000001100011,False,112222110000011000111220021101,False,1122221100000110001112200211010221002002,False,11222211000001100011122002110102210020020020021001,False,112222110000011000111220021101022100200200200210012202122001,False,1122221100000110001112200211010221002002002002100122021220010211221212,False
333074,333074,0.296741059614404,010111100011,1101101222,False,11011012220200001002,False,110110122202000010022211101010,False,1101101222020000100222111010101101020001,False,11011012220200001002221110101011010200010010221121,False,110110122202000010022211101010110102000100102211212102122202,False,1101101222020000100222111010101101020001001022112121021222021022002102,False
333416,333416,0.074716781052848,111100101011,1002022100,False,10020221002111212122,False,100202210021112121222002110100,False,1002022100211121212220021101000211121210,False,10020221002111212122200211010002111212101022020222,False,100202210021112121222002110100021112121010220202221020210220,False,1002022100211121212220021101000211121210102202022210202102201202012200,False
333684,333684,0.163890738203441,110101111001,1012022211,False,10120222110012011021,False,101202221100120110212221201010,False,1012022211001201102122212010100000012212,False,10120222110012011021222120101000000122122100022011,False,101202221100120110212221201010000001221221000220111211010200,False,1012022211001201102122212010100000012212210002201112110102001022002001,False
333906,333906,0.230296031066992,000111000101,1021202212,False,10212022121200100111,False,102120221212001001110221111101,False,1021202212120010011102211111010012020121,False,10212022121200100111022111110100120201212120000020,False,102120221212001001110221111101001202012121200000202010012212,False,1021202212120010011102211111010012020121212000002020100122122122000102,False
333938,333938,0.420048145353630,001001010011,1120211111,False,11202111110120222101,False,112021111101202221012220221001,False,1120211111012022210122202210010122021012,False,11202111110120222101222022100101220210120221211021,False,112021111101202221012220221001012202101202212110212000221020,False,1120211111012022210122202210010122021012022121102120002210202000212201,False
334122,334122,0.511122802501799,100110010101,1202100012,False,12021000120022101012,False,120210001200221010121201211011,False,1202100012002210101212012110112220112022,False,12021000120022101012120121101122201120222202100201,False,120210001200221010121201211011222011202222021002012021102012,False,1202100012002210101212012110112220112022220210020120211020121210120020,False
334280,334280,0.198023866792074,000100011011,1020120011,False,10201200111122100011,False,102012001111221000112101022121,False,1020120011112210001121010221212212110121,False,10201200111122100011210102212122121101210112112011,False,102012001111221000112101022121221211012101121120112112222010,False,1020120011112210001121010221212212110121011211201121122220102010022220,False
334356,334356,0.148685138222839,001111011101,1011210100,False,10112101001222112220,False,101121010012221122201020122221,False,1011210100122211222010201222210002220022,False,10112101001222112220102012222100022200221000001211,False,101121010012221122201020122221000222002210000012112011201022,False,1011210100122211222010201222210002220022100000121120112010220121001122,False
334494,334494,0.216991131083965,001001011001,1021021020,False,10210210202011111021,False,102102102020111110210221110012,False,1021021020201111102102211100120110022001,False,10210210202011111021022111001201100220012210002022,False,102102102020111110210221110012011002200122100020220222121200,False,1021021020201111102102211100120110022001221000202202221212000112101121,False
334554,334554,0.072776345371411,001101100101,1002020200,False,10020202001000021220,False,100202020010000212202220111102,False,1002020200100002122022201111020201101111,False,10020202001000021220222011110202011011110002211220,False,100202020010000212202220111102020110111100022112201022222102,False,1002020200100002122022201111020201101111000221122010222221021111012221,False
334626,334626,0.499718602516347,001100001101,1201202021,False,12012020211020212201,False,120120202110202122012001112010,False,1201202021102021220120011120100010022001,False,12012020211020212201200111201000100220012020001111,False,120120202110202122012001112010001002200120200011111110022210,False,1201202021102021220120011120100010022001202000111111100222102221111200,False
334916,334916,0.469347138239004,101001110111,1200012212,False,12000122120000100112,False,120001221200001001122022210022,False,1200012212000010011220222100221100122102,False,12000122120000100112202221002211001221020001010120,False,120001221200001001122022210022110012210200010101201122222212,False,1200012212000010011220222100221100122102000101012011222222120110001010,False
335186,335186,0.820380602532512,101000000111,2110111100,False,21101111001011020201,False,211011110010110202011020101120,False,2110111100101102020110201011201002210020,False,21101111001011020201102010112010022100201021020110,False,211011110010110202011020101120100221002010210201102112222012,False,2110111100101102020110201011201002210020102102011021122220122020212122,False
335328,335328,0.412405609679468,000100011101,1120110211,False,11201102110100220111,False,112011021101002201112200111112,False,1120110211010022011122001111122200210200,False,11201102110100220111220011111222002102000221022100,False,112011021101002201112200111112220021020002210221002101112201,False,1120110211010022011122001111122200210200022102210021011122010111221000,False
335366,335366,0.387736245394850,101001001111,1112100011,False,11121000110121020110,False,111210001101210201101000002221,False,1112100011012102011010000022212212100111,False,11121000110121020110100000222122121001110212112001,False,111210001101210201101000002221221210011102121120012022200020,False,1112100011012102011010000022212212100111021211200120222000200211010022,False
335412,335412,0.410504909681892,011001101001,1120101102,False,11201011021121010210,False,112010110211210102100100021220,False,1120101102112101021001000212200012001111,False,11201011021121010210010002122000120011112200100022,False,112010110211210102100100021220001200111122001000221221212122,False,1120101102112101021001000212200012001111220010002212212121221010121122,False
335504,335504,0.456042238255977,000100100011,1122120010,False,11221200102001221210,False,112212001020012212100121210222,False,1122120010200122121001212102221021111101,False,11221200102001221210012121022210211111010222011202,False,112212001020012212100121210222102111110102220112022110211002,False,1122120010200122121001212102221021111101022201120221102110021201012220,False
335738,335738,0.093604573977017,001110011011,1002220221,False,10022202212112000020,False,100222022121120000200102121010,False,1002220221211200002001021210101202201212,False,10022202212112000020010212101012022012122122022120,False,100222022121120000200102121010120220121221220221200110011121,False,1002220221211200002001021210101202201212212202212001100111210100020111,False
335826,335826,0.615422888265271,101111000001,1222002101,False,12220021010010012221,False,122200210100100122212000022001,False,1222002101001001222120000220012202200121,False,12220021010010012221200002200122022001210200121010,False,122200210100100122212000022001220220012102001210101111001222,False,1222002101001001222120000220012202200121020012101011110012221111202201,False
336012,336012,0.968357052556355,101011100101,2220020021,False,22200200211120221121,False,222002002111202211211021000020,False,2220020021112022112110210000202001020012,False,22200200211120221121102100002020010200120221021110,False,222002002111202211211021000020200102001202210211102222110101,False,2220020021112022112110210000202001020012022102111022221101010102120002,False
336084,336084,0.395299309701290,011010001101,1112200110,False,11122001101220222002,False,111220011012202220022202011220,False,1112200110122022200222020112201212021020,False,11122001101220222002220201122012120210202222221221,False,111220011012202220022202011220121202102022222212211022212001,False,1112200110122022200222020112201212021020222222122110222120012021120112,False
336786,336786,0.307986316864411,110010011101,1101212112,False,11012121120121021220,False,110121211201210212201001000122,False,1101212112012102122010010001222221010221,False,11012121120121021220100100012222210102212010120102,False,110121211201210212201001000122222101022120101201021121220002,False,1101212112012102122010010001222221010221201012010211212200022102011121,False
336878,336878,0.353523645438495,001010011111,1110210222,False,11102102221112112101,False,111021022211121121011101210200,False,1110210222111211210111012102000020110220,False,11102102221112112101110121020000201102202020201112,False,111021022211121121011101210200002011022020202011122101201101,False,1110210222111211210111012102000020110220202020111221012011010110200200,False
336924,336924,0.376292309725537,110000011001,1111211012,False,11112110122001121022,False,111121101220011210221002122202,False,1111211012200112102210021222021011110020,False,11112110122001121022100212220210111100200002110102,False,111121101220011210221002122202101111002000021101021021011012,False,1111211012200112102210021222021011110020000211010210210110122201012102,False
336986,336986,0.493937031155898,001001101111,1201110021,False,12011100211212221222,False,120111002112122212222201111111,False,1201110021121222122222011111110111221220,False,12011100211212221222220111111101112212201122212100,False,120111002112122212222201111111011122122011222121002112022220,False,1201110021121222122222011111110111221220112221210021120222202120111102,False
337176,337176,0.370590209732811,100110110001,1111120022,False,11111200222112020221,False,111112002221120202211202222120,False,1111120022211202022112022221202000000001,False,11111200222112020221120222212020000000010202100002,False,111112002221120202211202222120200000000102021000022112120110,False,1111120022211202022112022221202000000001020210000221121201100210001222,False
337286,337286,0.772863102593130,111001000011,2100010000,False,21000100002100002011,False,210001000021000020110212202000,False,2100010000210000201102122020002001011010,False,21000100002100002011021220200020010110102022100100,False,210001000021000020110212202000200101101020221001000112120221,False,2100010000210000201102122020002001011010202210010001121202210102122100,False
337572,337572,0.218772624029957,101010111001,1021100001,False,10211000011222202000,False,102110000112222020001022001021,False,1021100001122220200010220010210102012021,False,10211000011222202000102200102101020120212022110021,False,102110000112222020001022001021010201202120221100212021120120,False,1021100001122220200010220010210102012021202211002120211201201222120000,False
337662,337662,0.002450445461126,101001110001,1000001222,False,10000012220011211202,False,100000122200112112020222021221,False,1000001222001121120202220212210001221221,False,10000012220011211202022202122100012212211211001012,False,100000122200112112020222021221000122122112110010122112101122,False,1000001222001121120202220212210001221221121100101221121011222122210010,False
337842,337842,0.569806088323465,100000101001,1212111022,False,12121110220222120012,False,121211102202221200122110200112,False,1212111022022212001221102001121022202000,False,12121110220222120012211020011210222020002001122000,False,121211102202221200122110200112102220200020011220002221120010,False,1212111022022212001221102001121022202000200112200022211200101112002012,False
337844,337844,0.831665595466379,100001111011,2111022202,False,21110222020022102021,False,211102220200221020212021220201,False,2111022202002210202120212202010202122200,False,21110222020022102021202122020102021222002202011201,False,211102220200221020212021220201020212220022020112010221002011,False,2111022202002210202120212202010202122200220201120102210020112000202220,False
338444,338444,0.389517738340842,100011101111,1112102100,False,11121021000201102200,False,111210210002011022001000211112,False,1112102100020110220010002111120101111210,False,11121021000201102200100021111201011112101121212020,False,111210210002011022001000211112010111121011212120202010001110,False,1112102100020110220010002111120101111210112121202020100011101200222012,False
339140,339140,0.516626224075218,011001011011,1202121221,False,12021212211011220122,False,120212122110112201222122120211,False,1202121221101122012221221202110222001011,False,12021212211011220122212212021102220010111220100201,False,120212122110112201222122120211022200101112201002012112111202,False,1202121221101122012221221202110222001011122010020121121112021210002111,False
339302,339302,0.727246302651323,101011111011,2020000201,False,20200002012120221222,False,202000020121202212220200001101,False,2020000201212022122202000011010202022220,False,20200002012120221222020000110102020222201021121101,False,202000020121202212220200001101020202222010211211012212021010,False,2020000201212022122202000011010202022220102112110122120210100120021011,False
340092,340092,0.161751624102698,111000110001,1012020202,False,10120202022020111221,False,101202020220201112212120000102,False,1012020202202011122121200001021211212121,False,10120202022020111221212000010212112121210111111201,False,101202020220201112212120000102121121212101111112011212222122,False,1012020202202011122121200001021211212121011111120112122221220012001122,False
340362,340362,0.512785088396206,110000100001,1202102112,False,12021021120120000121,False,120210211201200001210102011012,False,1202102112012000012101020110122011122002,False,12021021120120000121010201101220111220021202221222,False,120210211201200001210102011012201112200212022212221101210000,False,1202102112012000012101020110122011122002120222122211012100000102011010,False
340386,340386,0.655099174111185,100111100101,2001110020,False,20011100200211122111,False,200111002002111221110200122122,False,2001110020021112211102001221222010022221,False,20011100200211122111020012212220100222212121110111,False,200111002002111221110200122122201002222121211101111201222210,False,2001110020021112211102001221222010022221212111011112012222102001121001,False
340458,340458,0.082041431256120,110110001101,1002112202,False,10021122021102000211,False,100211220211020002111102102102,False,1002112202110200021111021021020102202010,False,10021122021102000211110210210201022020102102012002,False,100211220211020002111102102102010220201021020120022011020020,False,1002112202110200021111021021020102202010210201200220110200202112122121,False
340602,340602,0.935925945545991,001110110101,2210111100,False,22101111000221111011,False,221011110002211110112211021010,False,2210111100022111101122110210101012221210,False,22101111000221111011221102101010122212100121200101,False,221011110002211110112211021010101222121001212001012112122121,False,2210111100022111101122110210101012221210012120010121121221211201022010,False
340944,340944,0.713901666984434,011101001101,2012011010,False,20120110102222212202,False,201201101022222122022212100221,False,2012011010222221220222121002210121020222,False,20120110102222212202221210022101210202221121100020,False,201201101022222122022212100221012102022211211000200210221022,False,2012011010222221220222121002210121020222112110002002102210222002100021,False
341018,341018,0.402703431272285,110110000111,1120000122,False,11200001222111021102,False,112000012221110211022101100100,False,1120000122211102110221011001000022102221,False,11200001222111021102210110010000221022212112100020,False,112000012221110211022101100100002210222121121000201102202010,False,1120000122211102110221011001000022102221211210002011022020101110010111,False
341390,341390,0.108571759854451,101101110011,1010102100,False,10101021001112020211,False,101010210011120202110101020000,False,1010102100111202021101010200002220120120,False,10101021001112020211010102000022201201200001012001,False,101010210011120202110101020000222012012000010120011112202000,False,1010102100111202021101010200002220120120000101200111122020002010110101,False
341732,341732,0.886547481292895,010000111011,2122111201,False,21221112010220202011,False,212211120102202020110121120022,False,2122111201022020201101211200221221211011,False,21221112010220202011012112002212212110110102121212,False,212211120102202020110121120022122121101101021212122210100122,False,2122111201022020201101211200221221211011010212121222101001221110221122,False
341738,341738,0.672126002721640,011011011111,2002111111,False,20021111111202112220,False,200211111112021122202222002102,False,2002111111120211222022220021022111201211,False,20021111111202112220222200210221112012111211012000,False,200211111112021122202222002102211120121112110120000201112121,False,2002111111120211222022220021022111201211121101200002011121212110120021,False
341900,341900,0.882746081297744,010001111111,2122012200,False,21220122000011100102,False,212201220000111001022101202001,False,2122012200001110010221012020010200222210,False,21220122000011100102210120200102002222101112022010,False,212201220000111001022101202001020022221011120220101101222200,False,2122012200001110010221012020010200222210111202201011012222000022222100,False
342218,342218,0.518407717021209,110101111011,1202201110,False,12022011101020112222,False,120220111010201122220002122001,False,1202201110102011222200021220010111102211,False,12022011101020112222000212200101111022111011010121,False,120220111010201122220002122001011110221110110101211021201220,False,1202201110102011222200021220010111102211101101012110212012202101102102,False
342564,342564,0.820102452745483,001110101101,2110110210,False,21101102101201121012,False,211011021012011210121001211102,False,2110110210120112101210012111020211121121,False,21101102101201121012100121110202111211211020001002,False,211011021012011210121001211102021112112110200010022022201012,False,2110110210120112101210012111020211121121102000100220222010121021122211,False
342846,342846,0.742292959896480,011101010001,2021000202,False,20210002020201212222,False,202100020202012122221120011202,False,2021000202020121222211200112022011202222,False,20210002020201212222112001120220112022220122001202,False,202100020202012122221120011202201120222201220012021221212110,False,2021000202020121222211200112022011202222012200120212212121100122021112,False
343016,343016,0.000351067044244,010110010111,1000000021,False,10000000211210000202,False,100000002112100002020021121220,False,1000000021121000020200211212200102121110,False,10000000211210000202002112122001021211101120102100,False,100000002112100002020021121220010212111011201021001010202120,False,1000000021121000020200211212200102121110112010210010102021200120122112,False
343116,343116,0.093326424189988,001101000001,1002220201,False,10022202010112010120,False,100222020101120101202000112100,False,1002220201011201012020001121002212202010,False,10022202010112010120200011210022122020101112100200,False,100222020101120101202000112100221220201011121002002121202022,False,1002220201011201012020001121002212202010111210020021212020220020011122,False
343190,343190,0.782128188477838,011010111011,2100202110,False,21002021101110000011,False,210020211011100000110000100010,False,2100202110111000001100001000102110021202,False,21002021101110000011000010001021100212022102021220,False,210020211011100000110000100010211002120221020212202000000210,False,2100202110111000001100001000102110021202210202122020000002102220111120,False
343266,343266,0.732789459908603,001110111101,2020101122,False,20201011220111100100,False,202010112201111001002121012110,False,2020101122011110010021210121101001112002,False,20201011220111100100212101211010011120021122112210,False,202010112201111001002121012110100111200211221122100022100112,False,2020101122011110010021210121101001112002112211221000221001120212020012,False
343302,343302,0.446260588481071,000001100101,1122002021,False,11220020211102012011,False,112200202111020120110010212221,False,1122002021110201201100102122212220221222,False,11220020211102012011001021222122202212220211012002,False,112200202111020120110010212221222022122202110120022002210122,False,1122002021110201201100102122212220221222021101200220022101221211211012,False
343460,343460,0.133161652771346,011000001011,1011020211,False,10110202112022012100,False,101102021120220121000220102122,False,1011020211202201210002201021220112101212,False,10110202112022012100022010212201121012120112120001,False,101102021120220121000220102122011210121201121200011201202111,False,1011020211202201210002201021220112101212011212000112012021112212021002,False
343518,343518,0.727087359915878,101000110101,2020000110,False,20200001100200002010,False,202000011002000020102122122022,False,2020000110020000201021221220220012100111,False,20200001100200002010212212202200121001111100110211,False,202000011002000020102122122022001210011111001102110121011121,False,2020000110020000201021221220220012100111110011021101210111210110221000,False
343622,343622,0.343781731347451,110010101011,1110101112,False,11101011121121002000,False,111010111211210020001212122021,False,1110101112112100200012121220211012101202,False,11101011121121002000121212202110121012022121000000,False,111010111211210020001212122021101210120221210000001122120100,False,1110101112112100200012121220211012101202212100000011221201001221211221,False
343658,343658,0.057252859919919,110110010011,1001202022,False,10012020222101210001,False,100120202221012100010102210020,False,1001202022210121000101022100202210111022,False,10012020222101210001010221002022101110220120210101,False,100120202221012100010102210020221011102201202101012000101120,False,1001202022210121000101022100202210111022012021010120001011201120212121,False
343674,343674,0.152128917063238,101010101001,1011220121,False,10112201211112021021,False,101122012111120210210021102110,False,1011220121111202102100211021102210121210,False,10112201211112021021002110211022101212100102002022,False,101122012111120210210021102110221012121001020020221021210111,False,1011220121111202102100211021102210121210010200202210212101111200122200,False
343676,343676,0.413988424206153,111111111011,1120112211,False,11201122110001000200,False,112011221100010002001100220022,False,1120112211000100020011002200220201211101,False,11201122110001000200110022002202012111010112210002,False,112011221100010002001100220022020121110101122100020201101200,False,1120112211000100020011002200220201211101011221000202011012000020212120,False
343764,343764,0.935806738494407,011011100001,2210111002,False,22101110020022201022,False,221011100200222010220000022011,False,2210111002002220102200000220111210200000,False,22101110020022201022000002201112102000001100001221,False,221011100200222010220000022011121020000011000012211000101111,False,2210111002002220102200000220111210200000110000122110001011110110220101,False
343946,343946,0.765021888499661,101101001011,2022120102,False,20221201020102101020,False,202212010201021010201202022000,False,2022120102010210102012020220002211200121,False,20221201020102101020120202200022112001212212011111,False,202212010201021010201202022000221120012122120111111122012101,False,2022120102010210102012020220002211200121221201111111220121011121010220,False
344108,344108,0.975641967075765,000111101011,2220212020,False,22202120202101221200,False,222021202021012212002222120000,False,2220212020210122120022221200002100101020,False,22202120202101221200222212000021001010202000210011,False,222021202021012212002222120000210010102020002100110210121020,False,2220212020210122120022221200002100101020200021001102101210201102011211,False
344420,344420,0.825725081370486,100101000111,2110212220,False,21102122202112002220,False,211021222021120022202112110011,False,2110212220211200222021121100110021021221,False,21102122202112002220211211001100210212211221010220,False,211021222021120022202112110011002102122112210102200101012220,False,2110212220211200222021121100110021021221122101022001010122202000012002,False
345086,345086,0.024940959961139,001010001111,1000202020,False,10002020202100011022,False,100020202021000110222111011200,False,1000202020210001102221110112002101010022,False,10002020202100011022211101120021010100222012011220,False,100020202021000110222111011200210101002220120112202000220211,False,1000202020210001102221110112002101010022201201122020002202111202221101,False
346040,346040,0.931925867131534,001001100111,2210011101,False,22100111012222020121,False,221001110122220201211201111001,False,2210011101222202012112011110012211120022,False,22100111012222020121120111100122111200221022220100,False,221001110122220201211201111001221112002210222201000201012201,False,2210011101222202012112011110012211120022102222010002010122012010201201,False
346112,346112,0.358868124276469,001111011111,1111001022,False,11110010221021222020,False,111100102210212220202112110111,False,1111001022102122202021121101112001011120,False,11110010221021222020211211011120010111202202100121,False,111100102210212220202112110111200101112022021001212111210001,False,1111001022102122202021121101112001011120220210012121112100012221020111,False
346194,346194,0.095107917135979,101010100001,1002222021,False,10022220212200210012,False,100222202122002100120101121000,False,1002222021220021001201011210002200102011,False,10022220212200210012010112100022001020111221112201,False,100222202122002100120101121000220010201112211122010220020212,False,1002222021220021001201011210002200102011122111220102200202121010022210,False
346196,346196,0.356967424278894,111111100011,1110222001,False,11102220011121001020,False,111022200111210010202112010101,False,1110222001112100102021120101010120112220,False,11102220011121001020211201010101201122200121001121,False,111022200111210010202112010101012011222001210011212012100011,False,1110222001112100102021120101010120112220012100112120121000110111102201,False
346274,346274,0.569488202852574,000101111111,1212110211,False,12121102111102111011,False,121211021111021110112110101102,False,1212110211110211101121101011021012121122,False,12121102111102111011211010110210121211220010212002,False,121211021111021110112110101102101212112200102120021222200001,False,1212110211110211101121101011021012121122001021200212222000011121101001,False
346418,346418,0.423372717142445,110101010111,1120222201,False,11202222011100201002,False,112022220111002010022101120020,False,1120222201110020100221011200202221210000,False,11202222011100201002210112002022212100001022200102,False,112022220111002010022101120020222121000010222001021201011101,False,1120222201110020100221011200202221210000102220010212010111011120201000,False
346428,346428,0.732670252857020,100011001001,2020101102,False,20201011021012100011,False,202010110210121000111120020200,False,2020101102101210001111200202002002201200,False,20201011021012100011112002020020022012000012010021,False,202010110210121000111120020200200220120000120100212202101202,False,2020101102101210001111200202002002201200001201002122021012021110202121,False
346706,346706,0.131141745722187,101010101111,1011011222,False,10110112220210102122,False,101101122202101021222222101212,False,1011011222021010212222221012122212210012,False,10110112220210102122222210121222122100122111221001,False,101101122202101021222222101212221221001221112210010202021220,False,1011011222021010212222221012122212210012211122100102020212200102112011,False
346806,346806,0.224117102867931,001101111001,1021112112,False,10211121120012011001,False,102111211200120110010000210022,False,1021112112001201100100002100220120012011,False,10211121120012011001000021002201200120110222022022,False,102111211200120110010000210022012001201102220220222212022112,False,1021112112001201100100002100220120012011022202202222120221122020010211,False
347004,347004,0.148208310016503,100010000001,1011202220,False,10112022201120102110,False,101120222011201021101122122121,False,1011202220112010211011221221212011201001,False,10112022201120102110112212212120112010010000112221,False,101120222011201021101122122121201120100100001122212210020100,False,1011202220112010211011221221212011201001000011222122100201002201011101,False
347006,347006,0.410067817159418,100110000011,1120100212,False,11201002122002120021,False,112010021220021200212012112111,False,1120100212200212002120121121110220021101,False,11201002122002120021201211211102200211011000201221,False,112010021220021200212012112111022002110110002012211201022111,False,1120100212200212002120121121110220021101100020122112010221110121112211,False
347012,347012,0.195646338588163,101110100111,1020110210,False,10201102102011200202,False,102011021020112002020100001010,False,1020110210201120020201000010100112011211,False,10201102102011200202010000101001120112111111220202,False,102011021020112002020100001010011201121111112202021121121001,False,1020110210201120020201000010100112011211111122020211211210010022002001,False
347130,347130,0.645357260020140,100110011001,2000212021,False,20002120212210110100,False,200021202122101101001210012101,False,2000212021221011010012100121012000222222,False,20002120212210110100121001210120002222222122211112,False,200021202122101101001210012101200022222221222111121210101022,False,2000212021221011010012100121012000222222212221111212101010222210100210,False
347400,347400,0.996390724313648,100100001001,2222200100,False,22222001000222011000,False,222220010002220110000000011112,False,2222200100022201100000000111121212100102,False,22222001000222011000000001111212121001021211110121,False,222220010002220110000000011112121210010212111101212020212110,False,2222200100022201100000000111121212100102121111012120202121100012120020,False
347402,347402,0.258250231456563,101100011011,1022212011,False,10222120110102121210,False,102221201101021212100000002000,False,1022212011010212121000000020001111101012,False,10222120110102121210000000200011111010120110222121,False,102221201101021212100000002000111110101201102221211100001102,False,1022212011010212121000000020001111101012011022212111000011021002110202,False
347552,347552,0.897713267175179,010100110111,2200101112,False,22001011122010021102,False,220010111220100211021100001212,False,2200101112201002110211000012120001101111,False,22001011122010021102110000121200011011111120012200,False,220010111220100211021100001212000110111111200122002000110201,False,2200101112201002110211000012120001101111112001220020001102012022202210,False
347730,347730,0.203209402894603,011101010101,1020202100,False,10202021000222121102,False,102020210002221211022222101200,False,1020202100022212110222221012000112001020,False,10202021000222121102222210120001120010200211020021,False,102020210002221211022222101200011200102002110200212002000011,False,1020202100022212110222221012000112001020021102002120020000111200012201,False
347892,347892,0.413829481470707,100100110101,1120112121,False,11201121211210100100,False,112011212112101001002210200222,False,1120112121121010010022102002220221002102,False,11201121211210100100221020022202210021020201000102,False,112011212112101001002210200222022100210202010001021101102002,False,1120112121121010010022102002220221002102020100010211011020022121201021,False
348000,348000,0.554242867188111,011100000101,1211122012,False,12111220120221102112,False,121112201202211021122211110100,False,1211122012022110211222111101001221210200,False,12111220120221102112221111010012212102001221000201,False,121112201202211021122211110100122121020012210002011122221020,False,1211122012022110211222111101001221210200122100020111222210200101002111,False
348138,348138,0.622548860049237,100111100001,1222111122,False,12221111220121202110,False,122211112201212021100021112210,False,1222111122012120211000211122102200110001,False,12221111220121202110002111221022001100012022120112,False,122211112201212021100021112210220011000120221201121021120111,False,1222111122012120211000211122102200110001202212011210211201111021202112,False
348542,348542,0.518169302918042,010000011111,1202201010,False,12022010100220120202,False,120220101002201202020222112000,False,1202201010022012020202221120000202021001,False,12022010100220120202022211200002020210011001020120,False,120220101002201202020222112000020202100110010201200011222102,False,1202201010022012020202221120000202021001100102012000112221021001111020,False
348626,348626,0.516268602920466,101100100011,1202121102,False,12021211022021012020,False,120212110220210120201011222010,False,1202121102202101202010112220100012012021,False,12021211022021012020101122201000120120210121020210,False,120212110220210120201011222010001201202101210202100102120100,False,1202121102202101202010112220100012012021012102021001021201000211220012,False
348882,348882,0.034285517213570,111111101101,1001000222,False,10010002221120212112,False,100100022211202121120211022120,False,1001000222112021211202110221202220212211,False,10010002221120212112021102212022202122110111012120,False,100100022211202121120211022120222021221101110121200222000002,False,1001000222112021211202110221202220212211011101212002220000020002212010,False
349236,349236,0.383418281509503,010100111001,1112010212,False,11120102121201222012,False,111201021212012220121012101200,False,1112010212120122201210121012001012111022,False,11120102121201222012101210120010121110222100201011,False,111201021212012220121012101200101211102221002010112221220000,False,1112010212120122201210121012001012111022210020101122212200000002222211,False
349350,349350,0.309410188655651,000010110101,1101221010,False,11012210101021011212,False,110122101010210112121122121210,False,1101221010102101121211221212100001020210,False,11012210101021011212112212121000010202102112202110,False,110122101010210112121122121210000102021021122021101211001000,False,1101221010102101121211221212100001020210211220211012110010000120112110,False
349458,349458,0.449823574373054,111010000101,1122020221,False,11220202211112201022,False,112202022111122010222200101020,False,1122020221111220102222001010202220102012,False,11220202211112201022220010102022201020122211002100,False,112202022111122010222200101020222010201222110021001010200102,False,1122020221111220102222001010202220102012221100210010102001020101000210,False
349908,349908,0.368212681528901,101010011101,1111110110,True,11111101102002110122,False,111111011020021101221200022212,False,1111110110200211012212000222121102122122,False,11111101102002110122120002221211021221221002022100,False,111111011020021101221200022212110212212210020221001110121002,False,1111110110200211012212000222121102122122100202210011101210022111200000,False
349946,349946,0.343543317244283,101011001111,1110101021,False,11101010210000221002,False,111010102100002210020120001011,False,1110101021000022100201200010110121210202,False,11101010210000221002012000101101212102022012111111,False,111010102100002210020120001011012121020220121111112000010111,False,1110101021000022100201200010110121210202201211111120000101112112121111,False
350046,350046,0.436518674390027,001000011001,1121121121,False,11211211211001110200,False,112112112110011102000001201000,False,1121121121100111020000012010002100222210,False,11211211211001110200000120100021002222100010021012,False,112112112110011102000001201000210022221000100210120021212120,False,1121121121100111020000012010002100222210001002101200212121202002001201,False
350162,350162,0.624370088679090,101000111111,1222121112,False,12221211120222112101,False,122212111202221121011120222200,False,1222121112022211210111202222001211101002,False,12221211120222112101112022220012111010021222221012,False,122212111202221121011120222200121110100212222210121201022210,False,1222121112022211210111202222001211101002122222101212010222102221111200,False
351566,351566,0.449744103005331,001011101111,1122020211,False,11220202112002120002,False,112202021120021200022101010110,False,1122020211200212000221010101100011211222,False,11220202112002120002210101011000112112222220101121,False,112202021120021200022101010110001121122222201011211200001101,False,1122020211200212000221010101100011211222222010112112000011010210220022,False
351620,351620,0.519950795864033,000010111111,1202210122,False,12022101221022120110,False,120221012210221201100202101021,False,1202210122102212011002021010210122001222,False,12022101221022120110020210102101220012221002002220,False,120221012210221201100202101021012200122210020022201100020101,False,1202210122102212011002021010210122001222100200222011000201011111002001,False
351864,351864,0.466810667299648,110001000001,1200002110,False,12000021100211111001,False,120000211002111110012121200012,False,1200002110021111100121212000120000222220,False,12000021100211111001212120001200002222200200000101,False,120000211002111110012121200012000022222002000001012122211212,False,1200002110021111100121212000120000222220020000010121222112122212101012,False
351872,351872,0.514248695871307,010111100111,1202111120,False,12021111202110200112,False,120211112021102001122020210021,False,1202111120211020011220202100210211201100,False,12021111202110200112202021002102112011000012222102,False,120211112021102001122020210021021120110000122221021102000200,False,1202111120211020011220202100210211201100001222210211020002000001011222,False
351990,351990,0.963959617303285,011101011001,2212212002,False,22122120022000100111,False,221221200220001001112022111002,False,2212212002200010011120221110020220211100,False,22122120022000100111202211100202202111002022101212,False,221221200220001001112022111002022021110020221012122220121200,False,2212212002200010011120221110020220211100202210121222201212001002222102,False
352406,352406,0.430737103029578,001010010011,1121100011,False,11211000110002222110,False,112110001100022221101012220202,False,1121100011000222211010122202022212202102,False,11211000110002222110101222020222122021022021220202,False,112110001100022221101012220202221220210220212202022001121001,False,1121100011000222211010122202022212202102202122020220011210011010221001,False
352500,352500,0.738133938746578,111001111101,2020202020,False,20202020201021220212,False,202020202010212202120012102201,False,2020202020102122021200121022012212101000,False,20202020201021220212001210220122121010001111000210,False,202020202010212202120012102201221210100011110002100210110120,False,2020202020102122021200121022012212101000111100021002101101202020110121,False
352892,352892,0.062597338757893,110111010011,1001220220,False,10012202200200220020,False,100122022002002200202000101220,False,1001220220020022002020001012200111122021,False,10012202200200220020200010122001111220212212010221,False,100122022002002200202000101220011112202122120102212201111212,False,1001220220020022002020001012200111122021221201022122011112121120210201,False
352916,352916,0.204911424472871,000100011111,1020211001,False,10202110011010221101,False,102021100110102211012101022010,False,1020211001101022110121010220102200021201,False,10202110011010221101210102201022000212012200121101,False,102021100110102211012101022010220002120122001211012012111021,False,1020211001101022110121010220102200021201220012110120121110211001010112,False
353168,353168,0.199209324480146,111001000111,1020121100,False,10201211001022000121,False,102012110010220001211102101022,False,1020121100102200012111021010221021002120,False,10201211001022000121110210102210210021202110010212,False,102012110010220001211102101022102100212021100102121201111202,False,1020121100102200012111021010221021002120211001021212011112021020202001,False
353232,353232,0.578713553053422,101110001001,1212222201,False,12122222010220211212,False,121222220102202112122211121222,False,1212222201022021121222111212222120201110,False,12122222010220211212221112122221202011102121021212,False,121222220102202112122211121222212020111021210212122121101121,False,1212222201022021121222111212222120201110212102121221211011210201002102,False
353448,353448,0.859540324488228,000011011001,2120102021,False,21201020210222121222,False,212010202102221212222000201021,False,2120102021022212122220002010210020222010,False,21201020210222121222200020102100202220100122211210,False,212010202102221212222000201021002022201001222112102121200120,False,2120102021022212122220002010210020222010012221121021212001200111100110,False
353484,353484,0.573011453060696,001000100001,1212200010,False,12122000100112110221,False,121220001001121102212112200122,False,1212200010011211022121122001220221012011,False,12122000100112110221211220012202210120110121121212,False,121220001001121102212112200122022101201101211212122202121121,False,1212200010011211022121122001220221012011012112121222021211210021100202,False
353486,353486,0.834870960203611,011001100011,2111120011,False,21111200110201022021,False,211112001102010220211101120212,False,2111120011020102202111011202120020120212,False,21111200110201022021110112021200201202121211011111,False,211112001102010220211101120212002012021212110111112200111010,False,2111120011020102202111011202120020120212121101111122001110101100211000,False
353580,353580,0.142267795920610,101110001101,1011120022,False,10111200222112022110,False,101112002221120221102021012112,False,1011120022211202211020210121121000200100,False,10111200222112022110202101211210002001001212022000,False,101112002221120221102021012112100020010012120220001000020010,False,1011120022211202211020210121121000200100121202200010000200100011220100,False
353832,353832,0.136565695927884,110110000101,1011101000,True,10111010000101201112,False,101110100001012011121210000100,False,1011101000010120111212100001000011011201,False,10111010000101201112121000010000110112011222022022,False,101110100001012011121210000100001101120112220220222222102011,False,1011101000010120111212100001000011011201122202202222221020110211002011,False
353870,353870,0.111896331643266,111111110111,1010112100,False,10101121001222001221,False,101011210012220012212022110111,False,1010112100122200122120221101111100010200,False,10101121001222001221202211011111000102002200011221,False,101011210012220012212022110111110001020022000112210001211100,False,1010112100122200122120221101111100010200220001122100012111001212210200,False
354024,354024,0.275078381647712,000000010001,1100112012,False,11001120122201111002,False,110011201222011110021102102102,False,1100112012220111100211021021022220210212,False,11001120122201111002110210210222202102121120220221,False,110011201222011110021102102102222021021211202202212110111212,False,1100112012220111100211021021022220210212112022022121101112121212101021,False
354026,354026,0.536937888790627,000000110011,1210200221,False,12102002212121222110,False,121020022121212221100220020020,False,1210200221212122211002200200202220002011,False,12102002212121222110022002002022200020111010020021,False,121020022121212221100220020020222000201110100200211021200111,False,1210200221212122211002200200202220002011101002002110212001111111011201,False
354140,354140,0.462929795936774,011110000111,1122220021,False,11222200211021120111,False,112222002110211201110101002210,False,1122220021102112011101010022100200002000,False,11222200211021120111010100221002000020001110122102,False,112222002110211201110101002210020000200011101221021022200000,False,1122220021102112011101010022100200002000111012210210222000002202112100,False
354152,354152,0.034086838794264,100011001011,1001000211,False,10010002110012120002,False,100100021100121200022102200122,False,1001000211001212000221022001220012212200,False,10010002110012120002210220012200122122000001102021,False,100100021100121200022102200122001221220000011020210002011212,False,1001000211001212000221022001220012212200000110202100020112122121112021,False
