n,n_mod_uk,frac,trailing_suffix,prefix_L10,survives_L10,prefix_L20,survives_L20,prefix_L30,survives_L30,prefix_L40,survives_L40,prefix_L50,survives_L50,prefix_L60,survives_L60,prefix_L70,survives_L70
0,0,0.000000000000000,0000000001,1,True,1,True,1,True,1,True,1,True,1,True,1,True
2,2,0.261859507142915,0000000011,11,True,11,True,11,True,11,True,11,True,11,True,11,True
8,8,0.047438028571659,0000100111,100111,True,100111,True,100111,True,100111,True,100111,True,100111,True,100111,True
24,24,0.142314085714978,0101000101,1011120101,False,1011120101000101,False,1011120101000101,False,1011120101000101,False,1011120101000101,False,1011120101000101,False,1011120101000101,False
26,26,0.404173592857893,1111001111,1120002111,False,11200021111001111,False,11200021111001111,False,11200021111001111,False,11200021111001111,False,11200021111001111,False,11200021111001111,False
72,72,0.426942257144935,0011101001,1121011021,False,11210110211210001210,False,112101102112100012100012122010,False,1121011021121000121000121220102212210011,False,11210110211210001210001212201022122100111010002222,False,112101102112100012100012122010221221001110100022222222222222,False,1121011021121000121000121220102212210011101000222222222222222222222222,False
126,126,0.497148950003637,0100011001,1201121201,False,12011212011000120022,False,120112120110001200220000121122,False,1201121201100012002200001211221002220121,False,12011212011000120022000012112210022201211110120101,False,120112120110001200220000121122100222012111101201010000222121,False,1201121201100012002200001211221002220121111012010100002221211002202112,False
186,186,0.352934164291083,1100100101,1110210021,False,11102100212011111112,False,111021002120111111120222102021,False,1110210021201111111202221020210201112010,False,11102100212011111112022210202102011120102120211220,False,111021002120111111120222102021020111201021202112202022221200,False,1110210021201111111202221020210201112010212021122020222212001101202000,False
240,240,0.423140857149785,0100010101,1120222102,False,11202221021102011200,False,112022210211020112001110022112,False,1120222102110201120011100221122201022011,False,11202221021102011200111002211222010220111002022002,False,112022210211020112001110022112220102201110020220020121011210,False,1120222102110201120011100221122201022011100202200201210112102111001012,False
242,242,0.685000364292700,1100111111,2010022020,False,20100220200212220020,False,201002202002122200201221102101,False,2010022020021222002012211021012121201212,False,20100220200212220020122110210121212012122110001202,False,201002202002122200201221102101212120121221100012022210120102,False,2010022020021222002012211021012121201212211000120222101201020022101121,False
332,332,0.468678185723869,0011000111,1200011221,False,12000112212100211121,False,120001122121002111210122122211,False,1200011221210021112101221222112120212000,False,12000112212100211121012212221121202120000112111020,False,120001122121002111210122122211212021200001121110200100111120,False,1200011221210021112101221222112120212000011211102001001111200121001121,False
474,474,0.060703192870825,1101011101,1001212021,False,10012120211012201201,False,100121202110122012010100002102,False,1001212021101220120101000021020211011221,False,10012120211012201201010000210202110112210110210122,False,100121202110122012010100002102021101122101102101222202122202,False,1001212021101220120101000021020211011221011021012222021222020122022210,False
560,560,0.320662000016165,1000111011,1102101212,False,11021012121001121001,False,110210121210011210011001222011,False,1102101212100112100110012220111012021212,False,11021012121001121001100122201110120212120202211002,False,110210121210011210011001222011101202121202022110022212201022,False,1102101212100112100110012220111012021212020221100222122010222211021001,False
728,728,0.316860600021014,1001111111,1102020112,False,11020201122001010221,False,110202011220010102210012111112,False,1102020112200101022100121111121001200102,False,11020201122001010221001211111210012001021220112101,False,110202011220010102210012111112100120010212201121012121010001,False,1102020112200101022100121111121001200102122011210121210100010111210011,False
774,774,0.339629264308056,1110111001,1110012200,False,11100122002111100000,False,111001220021111000001012121122,False,1110012200211110000010121211220101112011,False,11100122002111100000101212112201011120110112102221,False,111001220021111000001012121122010111201101121022210021121001,False,1110012200211110000010121211220101112011011210222100211210011110220202,False
864,864,0.123307085739226,1101110001,1010220202,False,10102202021022002121,False,101022020210220021212222212102,False,1010220202102200212122222121021222220010,False,10102202021022002121222221210212222200102212020201,False,101022020210220021212222212102122222001022120202012102221220,False,1010220202102200212122222121021222220010221202020121022212202001220202,False
872,872,0.170745114310885,1001010111,1012120102,False,10121201020120122022,False,101212010201201220222101112020,False,1012120102012012202221011120201112102222,False,10121201020120122022210111202011121022222111101022,False,101212010201201220222101112020111210222221111010221121211012,False,1012120102012012202221011120201112102222211110102211212110120100220112,False
992,992,0.882315542885778,0000101011,2122011202,False,21220112021111221020,False,212201120211112210202021212202,False,2122011202111122102020212122022100012110,False,21220112021111221020202121220221000121100102022001,False,212201120211112210202021212202210001211001020220011111111020,False,2122011202111122102020212122022100012110010202200111111110202121002002,False
1028,1028,0.595786671458245,0100010011,1220221210,False,12202212100022000111,False,122022121000220001112202201212,False,1220221210002200011122022012121220112012,False,12202212100022000111220220121212201120121002211111,False,122022121000220001112202201212122011201210022111110000011210,False,1220221210002200011122022012121220112012100221111100000112100112021202,False
1044,1044,0.690662728601564,0100101001,2010122212,False,20101222122221020202,False,201012221222210202020102121220,False,2010122212222102020201021212202221202222,False,20101222122221020202010212122022212022222200020021,False,201012221222210202020102121220222120222222000200210120120200,False,2010122212222102020201021212202221202222220002002101201202001002202120,False
1046,1046,0.952522235744479,1101111011,2211212211,False,22112122112220122222,False,221121221122201222222120111120,False,2211212211222012222221201111200221100222,False,22112122112220122222212011112002211002222120022100,False,221121221122201222222120111120022110022221200221001202202220,False,2211212211222012222221201111200221100222212002210012022022201110200102,False
1134,1134,0.474340550032734,0101100001,1200110120,False,12001101200222202210,False,120011012002222022101202201012,False,1200110120022220221012022010121022201222,False,12001101200222202210120220101210222012220122211222,False,120011012002222022101202201012102220122201222112221012211102,False,1200110120022220221012022010121022201222012221122210122111021110101122,False
1190,1190,0.806406750034350,1010110011,2102110222,False,21021102222200200222,False,210211022222002002220100202200,False,2102110222220020022201002022000112012010,False,21021102222200200222010020220001120120102210020220,False,210211022222002002220100202200011201201022100202202022221110,False,2102110222220020022201002022000112012010221002022020222211100112020010,False
1260,1260,0.971489500036371,0001111001,2220111120,False,22201111200101210222,False,222011112001012102222020002212,False,2220111120010121022220200022122222122100,False,22201111200101210222202000221222221221001110100020,False,222011112001012102222020002212222212210011101000200001021020,False,2220111120010121022220200022122222122100111010002000010210200210021011,False
1460,1460,0.157440214327858,1010000011,1012002122,False,10120021221221122222,False,101200212212211222220200112011,False,1012002122122112222202001120112100111221,False,10120021221221122222020011201121001112211000011010,False,101200212212211222220200112011210011122110000110102120221001,False,1012002122122112222202001120112100111221100001101021202210010222212220,False
1478,1478,0.514175778614092,0101101011,1202111111,False,12021111110010222210,False,120211111100102222101010002211,False,1202111111001022221010100022110120021211,False,12021111110010222210101000221101200212111111021212,False,120211111100102222101010002211012002121111110212122221110022,False,1202111111001022221010100022110120021211111102121222211100222101021212,False
1482,1482,0.037894792899922,0011000101,1001010222,False,10010102222012100212,False,100101022220121002121222211200,False,1001010222201210021212222112000110001122,False,10010102222012100212122221120001100011220222212200,False,100101022220121002121222211200011000112202222122000122002022,False,1001010222201210021212222112000110001122022221220001220020220122002122,False
1644,1644,0.248514871476027,1010100101,1022110212,False,10221102120011101211,False,102211021200111012110220211020,False,1022110212001110121102202110201122100110,False,10221102120011101211022021102011221001100112011200,False,102211021200111012110220211020112210011001120112001000021101,False,1022110212001110121102202110201122100110011201120010000211010201111120,False
1646,1646,0.510374378618941,1111101111,1202022010,False,12020220102012212102,False,120202201020122121022020002122,False,1202022010201221210220200021222012010121,False,12020220102012212102202000212220120101210200220020,False,120202201020122121022020002122201201012102002200201100100211,False,1202022010201221210220200021222012010121020022002011001002111222000002,False
1676,1676,0.438266985762665,0111110011,1121200212,False,11212002121102212210,False,112120021211022122100012212220,False,1121200212110221221000122122202022022202,False,11212002121102212210001221222020220222021121111020,False,112120021211022122100012212220202202220211211110200102201220,False,1121200212110221221000122122202022022202112111102001022012202101010112,False
1698,1698,0.318721564334728,0010010101,1102022122,False,11020221222012122122,False,110202212220121221222111011202,False,1102022122201212212221110112021111020120,False,11020221222012122122211101120211110201200020100022,False,110202212220121221222111011202111102012000201000221022011011,False,1102022122201212212221110112021111020120002010002210220110110112200020,False
1700,1700,0.580581071477643,0110111111,1220002112,False,12200021121221112112,False,122000211212211121122022120100,False,1220002112122111211220221201000222122202,False,12200021121221112112202212010002221222020022110102,False,122000211212211121122022120100022212220200221101020201212112,False,1220002112122111211220221201000222122202002211010202012121121201120022,False
1844,1844,0.434465585767514,1110010111,1121111221,False,11211112212011000121,False,112111122120110001212202200221,False,1121111221201100012122022002212212222121,False,11211112212011000121220220022122122221212000002221,False,112111122120110001212202200221221222212120000022211102222120,False,1121111221201100012122022002212212222121200000222111022221202221101012,False
1878,1878,0.886077207197067,0101101101,2122110201,False,21221102011010202212,False,212211020110102022122201112012,False,2122110201101020221222011120122202100122,False,21221102011010202212220111201222021001221012112121,False,212211020110102022122201112012220210012210121121210120010020,False,2122110201101020221222011120122202100122101211212101200100201200220201,False
1932,1932,0.956283900055768,1011011101,2212012110,False,22120121100020001210,False,221201211000200012102021102211,False,2212012110002000121020211022112021211110,False,22120121100020001210202110221120212111101012100000,False,221201211000200012102021102211202121111010121000002002220220,False,2212012110002000121020211022112021211110101210000020022202201002102201,False
1946,1946,0.789300450056173,0111000011,2101021002,False,21010210020111100200,False,210102100201111002001102111010,False,2101021002011110020011021110102121200102,False,21010210020111100200110211101021212001021101210000,False,210102100201111002001102111010212120010211012100002210101022,False,2101021002011110020011021110102121200102110121000022101010220220100011,False
2006,2006,0.645085664343619,1000110111,2000211211,False,20002112112222222102,False,200021121122222221020212121110,False,2000211211222222210202121211101012010202,False,20002112112222222102021212111010120102021102011121,False,200021121122222221020212121110101201020211020111211220112101,False,2000211211222222210202121211101012010202110201112112201121012112020101,False
2130,2130,0.880375107204341,1001100101,2122000200,False,21220002000000211002,False,212200020000002110022122012122,False,2122000200000021100221220121221100221122,False,21220002000000211002212201212211002211221200001121,False,212200020000002110022122012122110022112212000011210100202101,False,2122000200000021100221220121221100221122120000112101002021010011211010,False
2184,2184,0.950581800063043,0001010101,2211201102,False,22112011021211220111,False,221120110212112201112211221012,False,2211201102121122011122112210121122201212,False,22112011021211220111221122101211222012121022011202,False,221120110212112201112211221012112220121210220112020201102022,False,2211201102121122011122112210121122201212102201120202011020222202000211,False
2186,2186,0.212441307205957,0011111111,1021002122,False,10210021220111011220,False,102100212201110112200121012012,False,1021002122011101122001210120121101212211,False,10210021220111011220012101201211012122111020122002,False,102100212201110112200121012012110121221110201220022222122000,False,1021002122011101122001210120121101212211102012200222221220002212220100,False
2202,2202,0.307317364349276,1000001101,1101211202,False,11012112022202102101,False,110121120222021021012112120110,False,1101211202220210210121121201100211211111,False,11012112022202102101211212011002112111110220001120,False,110121120222021021012112120110021121111102200011201210200201,False,1101211202220210210121121201100211211111022000112012102002011012212102,False
2322,2322,0.018887792924169,0011110001,1000120021,False,10001200212002101221,False,100012002120021012210011212211,False,1000120021200210122100112122112212022200,False,10001200212002101221001121221122120222000000021021,False,100012002120021012210011212211221202220000000210211221101021,False,1000120021200210122100112122112212022200000002102112211010211102222200,False
2330,2330,0.066325821495828,0011010111,1002001002,False,10020010022022202101,False,100200100220222021012112110220,False,1002001002202220210121121102201012210100,False,10020010022022202101211211022010122101001120021200,False,100200100220222021012112110220101221010011200212000111111221,False,1002001002202220210121121102201012210100112002120001111112210222101222,False
2450,2450,0.777896250070721,1010101011,2100110110,False,21001101102122220220,False,210011011021222202202220112001,False,2100110110212222022022201120010020210112,False,21001101102122220220222011200100202101120012012212,False,210011011021222202202220112001002021011200120122122102110012,False,2100110110212222022022201120010020210112001201221221021100121111202012,False
2454,2454,0.301615264356551,0000000101,1101121101,False,11011211011220121202,False,110112110112201212022101112022,False,1101121101122012120221011120221221000202,False,11011211011220121202210111202212210002021000002111,False,110112110112201212022101112022122100020210000021110022210020,False,1101121101122012120221011120221221000202100000211100222100200210010222,False
2456,2456,0.563474771499466,0000001111,1212010212,False,12120102120112211100,False,121201021201122111002012001002,False,1212010212011221110020120010021120101000,False,12120102120112211100201200100211201010000100010022,False,121201021201122111002012001002112010100001000100221102201022,False,1212010212011221110020120010021120101000010001002211022010221001012022,False
2486,2486,0.491367378643189,1110010011,1201022202,False,12010222020110220222,False,120102220201102202220120210122,False,1201022202011022022201202101220211211021,False,12010222020110220222012021012202112110211111002000,False,120102220201102202220120210122021121102111110020000220110021,False,1201022202011022022201202101220211211021111100200002201100212000100001,False
2580,2580,0.798764214360188,0101111101,2101221012,False,21012210122022212022,False,210122101220222120221210002121,False,2101221012202221202212100021212210212120,False,21012210122022212022121000212122102121202110202222,False,210122101220222120221210002121221021212021102022221020001022,False,2101221012202221202212100021212210212120211020222210200010221101121122,False
2904,2904,0.220004371512397,0000011101,1021101022,False,10211010221200012211,False,102110102212000122110202211121,False,1021101022120001221102022111210001021220,False,10211010221200012211020221112100010212201222101110,False,102110102212000122110202211121000102122012221011101212200102,False,1021101022120001221102022111210001021220122210111012122001020210201201,False
2936,2936,0.409756485799035,1111101011,1120100111,False,11201001110102001201,False,112010011101020012010120200111,False,1120100111010200120101202001112111100212,False,11201001110102001201012020011121111002122010111120,False,112010011101020012010120200111211110021220101111200212012021,False,1120100111010200120101202001112111100212201011112002120120212212102102,False
3132,3132,0.071988185804693,1011010001,1002012222,False,10020122222122112112,False,100201222221221121121111002221,False,1002012222212211211211110022210221212220,False,10020122222122112112111100222102212122200000110210,False,100201222221221121121111002221022121222000001102100120002200,False,1002012222212211211211110022210221212220000011021001200022000010001011,False
3248,3248,0.259839600093756,1101000111,1022220211,False,10222202112110221212,False,102222021121102212122022002221,False,1022220211211022121220220022212200021221,False,10222202112110221212202200222122000212212121001112,False,102222021121102212122022002221220002122121210011120111200022,False,1022220211211022121220220022212200021221212100111201112000221001011100,False
3294,3294,0.282608264380798,1100110001,1100211102,False,11002111020021221121,False,110021110200212211211021112201,False,1100211102002122112110211122011002021202,False,11002111020021221121102111220110020212021220021110,False,110021110200212211211021112201100202120212200211101210020221,False,1100211102002122112110211122011002021202122002111012100202210212120211,False
3314,3314,0.901203335809947,0010011011,2200200001,False,22002000011022111121,False,220020000110221111212021120110,False,2200200001102211112120211201102202020212,False,22002000011022111121202112011022020202122220100022,False,220020000110221111212021120110220202021222201000222110121102,False,2200200001102211112120211201102202020212222010002221101211022202010101,False
3336,3336,0.781657914382010,0011101101,2100201120,False,21002011201102102000,False,210020112011021020002021220210,False,2100201120110210200020212202100211101110,False,21002011201102102000202122021002111011100002201000,False,210020112011021020002021220210021110111000022010002012120112,False,2100201120110210200020212202100211101110000220100020121201122122201202,False
3402,3402,0.423021650098201,1011000001,1120222021,False,11202220211002211110,False,112022202110022111102221112010,False,1120222021100221111022211120100212002102,False,11202220211002211110222111201002120021022222220110,False,112022202110022111102221112010021200210222222201100212022000,False,1120222021100221111022211120100212002102222222011002120220001100112120,False
3464,3464,0.540666371528562,0010110111,1210220100,False,12102201001210220221,False,121022010012102202212011002012,False,1210220100121022022120110020120211111102,False,12102201001210220221201100201202111111020222200221,False,121022010012102202212011002012021111110202222002212102101220,False,1210220100121022022120110020120211111102022220022121021012202012121201,False
3482,3482,0.897401935814796,0101011111,2200100212,False,22001002121222110212,False,220010021212221102121111212021,False,2200100212122211021211112120211012122021,False,22001002121222110212111121202110121220210010212000,False,220010021212221102121111212021101212202100102120001010021212,False,2200100212122211021211112120211012122021001021200010100212120221002201,False
3564,3564,0.633641728674306,0100100001,2000011100,False,20000111001101110002,False,200001110011011100021101121221,False,2000011100110111000211011212210221202011,False,20000111001101110002110112122102212020111022212112,False,200001110011011100021101121221022120201110222121122221212110,False,2000011100110111000211011212210221202011102221211222212121102221111002,False
3566,3566,0.895501235817221,1101100011,2200012210,False,22000122101211221010,False,220001221012112210100212011120,False,2200012210121122101002120111202021022212,False,22000122101211221010021201112020210222122202211101,False,220001221012112210100212011120202102221222022111012221111022,False,2200012210121122101002120111202021022212220221110122211110220220222110,False
3746,3746,0.462856878679559,0010001011,1122220011,False,11222200112102012022,False,112222001121020120221000202220,False,1122220011210201202210002022201022022221,False,11222200112102012022100020222010220222210002110111,False,112222001121020120221000202220102202222100021101110122200211,False,1122220011210201202210002022201022022221000211011101222002111120021011,False
3800,3800,0.533063571538261,0111011011,1210111101,False,12101111010020110100,False,121011110100201101001022101102,False,1210111101002011010010221011020220222220,False,12101111010020110100102210110202202222202122002010,False,121011110100201101001022101102022022222021220020100201222021,False,1210111101002011010010221011020220222220212200201002012220210101012022,False
4038,4038,0.694344921545131,0011111101,2010220012,False,20102200121010001111,False,201022001210100011110112111111,False,2010220012101000111101121111110221022002,False,20102200121010001111011211111102210220021222022102,False,201022001210100011110112111111022102200212220221021112212021,False,2010220012101000111101121111110221022002122202210211122120211111000010,False
4076,4076,0.669675557260514,0000101111,2002100101,False,20021001012120002010,False,200210010121200020102002222022,False,2002100101212000201020022220221021101001,False,20021001012120002010200222202210211010011211221002,False,200210010121200020102002222022102110100112112210020222111111,False,2002100101212000201020022220221021101001121122100202221111112121222100,False
4106,4106,0.597568164404237,0100110011,1221001112,False,12210011120220021012,False,122100111202200210122221010121,False,1221001112022002101222210101211212001111,False,12210011120220021012222101012112120011110221021221,False,122100111202200210122221010121121200111102210212211211211102,False,1221001112022002101222210101211212001111022102122112112111021021012200,False
4232,4232,0.094717114407874,0111001011,1002221221,False,10022212211120001022,False,100222122111200010220010110001,False,1002221221112000102200101100011201022112,False,10022212211120001022001011000112010221122221010011,False,100222122111200010220010110001120102211222210100111010012212,False,1002221221112000102200101100011201022112222101001110100122122100201211,False
4376,4376,0.948601628697745,0100000011,2211112221,False,22111122210020101210,False,221111222100201012101212121112,False,2211112221002010121012121211120122210021,False,22111122210020101210121212111201222100212110202122,False,221111222100201012101212121112012221002121102021220011202020,False,2211112221002010121012121211120122210021211020212200112020200022100102,False
4382,4382,0.734180150126489,0100100111,2020111010,False,20201110101110001112,False,202011101011100011121020222201,False,2020111010111000111210202222011201001111,False,20201110101110001112102022220112010011110112202022,False,202011101011100011121020222201120100111101122020220102202022,False,2020111010111000111210202222011201001111011220202201022020221110121010,False
4538,4538,0.159221707273850,0010100011,1012011100,False,10120111001110212021,False,101201110011102120212211021220,False,1012011100111021202122110212200000102222,False,10120111001110212021221102122000001022220010200011,False,101201110011102120212211021220000010222200102000111121021021,False,1012011100111021202122110212200000102222001020001111210210210120110100,False
4706,4706,0.155420307278699,0111000111,1012000201,False,10120002012100022122,False,101200020121000221220011201000,False,1012000201210002212200112010002022020121,False,10120002012100022122001120100020220201210012001020,False,101200020121000221220011201000202202012100120010200001000110,False,1012000201210002212200112010002022020121001200102000010001100100100022,False
4752,4752,0.178188971565741,0010110001,1012211122,False,10122111220111112200,False,101221112201111122001102102202,False,1012211122011111220011021022022102122012,False,10122111220111112200110210220221021220120121202120,False,101221112201111122001102102202210212201201212021202011020021,False,1012211122011111220011021022022102122012012120212020110200210121221021,False
4934,4934,0.007404121570995,1100111011,1000012221,False,10000122212021112011,False,100001222120211120111012012221,False,1000012221202111201110120122210010100222,False,10000122212021112011101201222100101002221022220200,False,100001222120211120111012012221001010022210222202001120012211,False,1000012221202111201110120122210010100222102222020011200122111021012222,False
5102,5102,0.003602721575844,1101111111,1000002220,False,10000022200011211021,False,100000222000112110212222110220,False,1000002220001121102122221102201222101001,False,10000022200011211021222211022012221010011120200112,False,100000222000112110212222110220122210100111202001120201201021,False,1000002220001121102122221102201222101001112020011202012010211010221100,False
5246,5246,0.857487235865715,1101010111,2120021001,False,21200210010221111001,False,212002100102211110012122112102,False,2120021001022111100121221121020210010210,False,21200210010221111001212211210202100102102122020021,False,212002100102211110012122112102021001021021220200211001121001,False,2120021001022111100121221121020210010210212202002110011210012111101102,False
5256,5256,0.166784771580289,1011001001,1012102121,False,10121021210022212011,False,101210212100222120111200102022,False,1012102121002221201112001020222210002021,False,10121021210022212011120010202222100020210111210111,False,101210212100222120111200102022221000202101112101112212212111,False,1012102121002221201112001020222210002021011121011122122121111101110220,False
5366,5366,0.569057664440607,0100101011,1212110012,False,12121100120020001110,False,121211001200200011100021022110,False,1212110012002000111000210221100001202012,False,12121100120020001110002102211000012020122021011022,False,121211001200200011100021022110000120201220210110221212222012,False,1212110012002000111000210221100001202012202101102212122220121011102220,False
5562,5562,0.231289364446265,1010010001,1021210220,False,10212102200201022222,False,102121022002010222221021002222,False,1021210220020102222210210022220220201202,False,10212102200201022222102100222202202012021000122021,False,102121022002010222221021002222022020120210001220211021100100,False,1021210220020102222210210022220220201202100012202110211001000122212112,False
5564,5564,0.493148871589180,1110110011,1201102012,False,12011020120221202222,False,120110201202212022220200110222,False,1201102012022120222202001102220012222100,False,12011020120221202222020011022200122221000100212000,False,120110201202212022220200110222001222210001002120002200210110,False,1201102012022120222202001102220012222100010021200022002101100212211101,False
5604,5604,0.730339014447478,1111001101,2020020020,False,20200200202101201122,False,202002002021012011221002202201,False,2020020020210120112210022022011012122012,False,20200200202101201122100220220110121220122022002001,False,202002002021012011221002202201101212201220220020010121111212,False,2020020020210120112210022022011012122012202200200101211112122022102221,False
5748,5748,0.584223528737348,1111110101,1220022001,False,12200220012222221100,False,122002200122222211000201120021,False,1220022001222222110002011200212120021011,False,12200220012222221100020112002121200210110212021202,False,122002200122222211000201120021212002101102120212022121102220,False,1220022001222222110002011200212120021011021202120221211022202020000010,False
5832,5832,0.582322828739773,1010000001,1220012011,False,12200120112222020221,False,122001201122220202211211020112,False,1220012011222202022112110201121011111021,False,12200120112222020221121102011210111110211002002210,False,122001201122220202211211020112101111102110020022100201112000,False,1220012011222202022112110201121011111021100200221002011120002022120122,False
5834,5834,0.844182335882688,1110000011,2112020220,False,21120202201222000021,False,211202022012220000210102122201,False,2112020220122200002101021222010112222200,False,21120202201222000021010212220101122222002102210201,False,211202022012220000210102122201011222220021022102010222000201,False,2112020220122200002101021222010112222200210221020102220002010002102212,False
5888,5888,0.914389028741390,0001010011,2201201200,False,22012012001021022221,False,220120120010210222210120221022,False,2201201200102102222101202210220121021020,False,22012012001021022221012022102201210210202001020002,False,220120120010210222210120221022012102102020010200022002220122,False,2201201200102102222101202210220121021020200102000220022201222020120200,False
5958,5958,0.079471778743410,1110011001,1002110111,False,10021101112020121101,False,100211011120201211010021110222,False,1002110111202012110100211102220021211111,False,10021101112020121101002111022200212111112001110022,False,100211011120201211010021110222002121111120011100221120110112,False,1002110111202012110100211102220021211111200111002211201101120111211222,False
6018,6018,0.935256993030856,0110100101,2210102211,False,22101022112122112010,False,221010221121221120101202001100,False,2210102211212211201012020011000202011011,False,22101022112122112010120200110002020110111120122120,False,221010221121221120101202001100020201101111201221202002222221,False,2210102211212211201012020011000202011011112012212020022222211112011121,False
6228,6228,0.430505243036918,1100001001,1121022211,False,11210222112222012020,False,112102221122220120201000020202,False,1121022211222201202010000202020110000022,False,11210222112222012020100002020201100000220112111110,False,112102221122220120201000020202011000002201121111100221020211,False,1121022211222201202010000202020110000022011211111002210202110002211000,False
6306,6306,0.643026021610598,0111011101,2000201111,False,20002011111220001222,False,200020111112200012220020202012,False,2000201111122000122200202020121011212011,False,20002011111220001222002020201210112120112001200120,False,200020111112200012220020202012101121201120012001202211212220,False,2000201111122000122200202020121011212011200120012022112122201200221001,False
6326,6326,0.261621093039747,1011100111,1022222202,False,10222222020101021122,False,102222220201010211220200110202,False,1022222202010102112202001102020220201120,False,10222222020101021122020011020202202011201101221210,False,102222220201010211220200110202022020112011012212102211120121,False,1022222202010102112202001102020220201120110122121022111201211222122222,False
6380,6380,0.331827785898449,1100110111,1102212122,False,11022121222122112210,False,110221212221221122102222021100,False,1102212122212211221022220211000102212012,False,11022121222122112210222202110001022120120011222220,False,110221212221221122102222021100010221201200112222201102122011,False,1102212122212211221022220211000102212012001122222011021220111122212221,False
6444,6444,0.711332014471725,0001011001,2011222122,False,20112221221021222012,False,201122212210212220122201001220,False,2011222122102122201222010012202200102020,False,20112221221021222012220100122022001020201001220110,False,201122212210212220122201001220220010202010012201101201120222,False,2011222122102122201222010012202200102020100122011012011202222012100221,False
6504,6504,0.567117228759171,0101100101,1212100021,False,12121000212021000001,False,121210002120210000011211210200,False,1212100021202100000112112102001221221202,False,12121000212021000001121121020012212212021221022100,False,121210002120210000011211210200122122120212210221000012112012,False,1212100021202100000112112102001221221202122102210000121120122222211110,False
6560,6560,0.899183428760787,0111111111,2200111201,False,22001112010000220101,False,220011120100002201011102011112,False,2200111201000022010111020111120100201222,False,22001112010000220101110201111201002012221222210000,False,220011120100002201011102011112010020122212222100000112011212,False,2200111201000022010111020111120100201222122221000001120112122010002122,False
6576,6576,0.994059485904106,0100001101,2222110202,False,22221102022122102222,False,222211020221221022222102120022,False,2222110202212210222221021200222110102111,False,22221102022122102222210212002221101021112011222021,False,222211020221221022222102120022211010211120112220210012011221,False,2222110202212210222221021200222110102111201122202100120112211011001222,False
6704,6704,0.753067943050658,0111010111,2021202101,False,20212021010001102122,False,202120210100011021221212111111,False,2021202101000110212212121111112222020020,False,20212021010001102122121211111122220200200222100122,False,202120210100011021221212111111222202002002221001220212201220,False,2021202101000110212212121111112222020020022210012202122012202122010001,False
6720,6720,0.847944000193977,1100110101,2112112112,False,21121121122010202111,False,211211211220102021110211011201,False,2112112112201020211102110112011020002120,False,21121121122010202111021101120110200021202012012101,False,211211211220102021110211011201102000212020120121010101221201,False,2112112112201020211102110112011020002120201201210101012212012212102012,False
6824,6824,0.464638371625551,1110101011,1122222112,False,11222221122202210121,False,112222211222022101210211121200,False,1122222112220221012102111212002120121211,False,11222221122202210121021112120021201212110210121001,False,112222211222022101210211121200212012121102101210010200120002,False,1122222112220221012102111212002120121211021012100102001200020101101002,False
6830,6830,0.250216893054295,0100001111,1022112122,False,10221121221101002201,False,102211212211010022012120212112,False,1022112122110100220121202121120201000021,False,10221121221101002201212021211202010000212210001200,False,102211212211010022012120212112020100002122100012000220122220,False,1022112122110100220121202121120201000021221000120002201222202001012022,False
6866,6866,0.963688021626763,0001110111,2212211110,False,22122111102012211021,False,221221111020122110211011120122,False,2212211110201221102110111201222021111100,False,22122111102012211021101112012220211111002222001222,False,221221111020122110211011120122202111110022220012221112000001,False,2212211110201221102110111201222021111100222200122211120000010201212210,False
6876,6876,0.272985557341337,1110101001,1100102221,False,11001022212021010022,False,110010222120210100220202021020,False,1100102221202101002202020210200211112102,False,11001022212021010022020202102002111121021001211021,False,110010222120210100220202021020021111210210012110212011021100,False,1100102221202101002202020210200211112102100121102120110211000202020100,False
6966,6966,0.056663378772507,1111100001,1001201211,False,10012012110200121022,False,100120121102001210222221020120,False,1001201211020012102222210201200010022211,False,10012012110200121022222102012000100222112211000011,False,100120121102001210222221020120001002221122110000111210012100,False,1001201211020012102222210201200010022211221100001112100121002011021212,False
7092,7092,0.553812328776144,1011111001,1211121120,False,12111211200121101212,False,121112112001211012122111101020,False,1211121120012110121221111010200012202212,False,12111211200121101212211110102000122022120210121022,False,121112112001211012122111101020001220221202101210222222221221,False,1211121120012110121221111010200012202212021012102222222212211202110022,False
7136,7136,0.314721485920271,0000000111,1102011010,False,11020110100201112121,False,110201101002011121210022020020,False,1102011010020111212100220200200120021001,False,11020110100201112121002202002001200210011010202212,False,110201101002011121210022020020012002100110102022120110222022,False,1102011010020111212100220200200120021001101020221201102220220121010010,False
7316,7316,0.882077128782610,0001001111,2122011020,False,21220110202202020110,False,212201102022020201101110111102,False,2122011020220202011011101111022120000212,False,21220110202202020110111011110221200002120211000020,False,212201102022020201101110111102212000021202110000202001021120,False,2122011020220202011011101111022120000212021100002020010211202110122000,False
7346,7346,0.809969735926333,1011010011,2102201221,False,21022012210100120200,False,210220122101001202001102210111,False,2102201221010012020011022101110010112211,False,21022012210100120200110221011100101122111100122210,False,210220122101001202001102210111001011221111001222100112211101,False,2102201221010012020011022101110010112211110012221001122111011021100122,False
7362,7362,0.904845793069652,0001101001,2200221220,False,22002212202120000120,False,220022122021200001202100010020,False,2200221220212000012021000100200011001201,False,22002212202120000120210001002000110012012010002020,False,220022122021200001202100010020001100120120100020200010201211,False,2200221220212000012021000100200011001201201000202000102012110002211010,False
7370,7370,0.952283821641311,1000011111,2211212022,False,22112120220212201021,False,221121202202122010211212111101,False,2211212022021220102112121111012010021121,False,22112120220212201021121211110120100211210121110200,False,221121202202122010211212111101201002112101211102000202221012,False,2211212022021220102112121111012010021121012111020002022210121222022012,False
7506,7506,0.758730307359523,0111010001,2022010202,False,20220102022211022210,False,202201020222110222100101202211,False,2022010202221102221001012022111021122110,False,20220102022211022210010120221110211221101000002111,False,202201020222110222100101202211102112211010000021111121002200,False,2022010202221102221001012022111021122110100000211111210022001222102022,False
7686,7686,0.326085950221862,0010001001,1102122001,False,11021220012000021211,False,110212200120000212112020120110,False,1102122001200002121120201201101220211112,False,11021220012000021211202012011012202111122220001211,False,110212200120000212112020120110122021111222200012112001220020,False,1102122001200002121120201201101220211112222000121120012200201110202021,False
7688,7688,0.587945457364776,0110011011,1220111202,False,12201112020200101110,False,122011120202001011100222202121,False,1220111202020010111002222021212120010001,False,12201112020200101110022220212121200100012212002110,False,122011120202001011100222202121212001000122120021100202112022,False,1220111202020010111002222021212120010001221200211002021120221222000001,False
7776,7776,0.109763771653031,0111000001,1010110102,False,10101101021201011001,False,101011010212010110011221210022,False,1010110102120101100112212100221002121021,False,10101101021201011001122121002210021210210102222101,False,101011010212010110011221210022100212102101022221010022101100,False,1010110102120101100112212100221002121021010222210100221011001002112120,False
7838,7838,0.227408493083392,0110110111,1021122220,False,10211222200210222022,False,102112222002102220221110110110,False,1021122220021022202211101101101022112021,False,10211222200210222022111011011010221120212002022020,False,102112222002102220221110110110102211202120020220200210200100,False,1021122220021022202211101101101022112021200202202002102001002001020012,False
7962,7962,0.462697935944114,0011100101,1122212222,False,11222122220021022201,False,112221222200210222011112020202,False,1122212222002102220111120202020110020012,False,11222122220021022201111202020201100200121012212202,False,112221222200210222011112020202011002001210122122020122022100,False,1122212222002102220111120202020110020012101221220201220221002102101102,False
8034,8034,0.889640193089050,0010001101,2122202021,False,21222020212011210211,False,212220202120112102111200100121,False,2122202021201121021112001001212222110212,False,21222020212011210211120010012122221102120021011220,False,212220202120112102111200100121222211021200210112200220222201,False,2122202021201121021112001001212222110212002101122002202222011102000200,False
8064,8064,0.817532800232773,1100111001,2110021201,False,21100212012220010000,False,211002120122200100000012200002,False,2110021201222001000000122000020110221220,False,21100212012220010000001220000201102212200202222222,False,211002120122200100000012200002011022122002022222221000211102,False,2110021201222001000000122000020110221220020222222210002111020022112122,False
8120,8120,0.149599000234389,0110001011,1011211012,False,10112110122211012100,False,101121101222110121001221022210,False,1011211012221101210012210222102001110022,False,10112110122211012100122102221020011100222010000100,False,101121101222110121001221022210200111002220100001001020120211,False,1011211012221101210012210222102001110022201000010010201202110201211121,False
8178,8178,0.743524707378921,1010110101,2021002222,False,20210022221110122222,False,202100222211101222222022020222,False,2021002222111012222220220202222202122021,False,20210022221110122222202202022222021220211121211211,False,202100222211101222222022020222220212202111212112111211001201,False,2021002222111012222220220202222202122021112121121112110012012022110010,False
8450,8450,0.356417678815343,0100101111,1110221101,False,11102211012211012101,False,111022110122110121012122021001,False,1110221101221101210121220210010121011120,False,11102211012211012101212202100101210111200201001212,False,111022110122110121012122021001012101112002010012120020220121,False,1110221101221101210121220210010121011120020100121200202201211111120011,False
8520,8520,0.521500428817364,1001001101,1202212211,False,12022122112110001122,False,120221221121100011221202010012,False,1202212211211000112212020100121000102122,False,12022122112110001122120201001210001021221100011121,False,120221221121100011221202010012100010212211000111211020122222,False,1202212211211000112212020100121000102122110001112110201222221102012101,False
8664,8664,0.375384943107235,1001110101,1111210010,False,11112100100002212121,False,111121001000022121210122221022,False,1111210010000221212101222210221121100001,False,11112100100002212121012222102211211000012021020120,False,111121001000022121210122221022112110000120210201202211212221,False,1111210010000221212101222210221121100001202102012022112122210201000101,False
8682,8682,0.732120507393469,1100101101,2020100102,False,20201001022110102212,False,202010010221101022121120222220,False,2020100102211010221211202222200101100120,False,20201001022110102212112022222001011001201102221100,False,202010010221101022121120222220010110012011022211001002011011,False,2020100102211010221211202222200101100120110222110010020110112012001000,False
8828,8828,0.847864528826255,0010011111,2112112101,False,21121121011001102111,False,211211210110011021110211202221,False,2112112101100110211102112022212022212020,False,21121121011001102111021120222120222120201210212122,False,211211210110011021110211202221202221202012102121221201220011,False,2112112101100110211102112022212022212020121021212212012200111011211121,False
8912,8912,0.845963828828679,0110100011,2112101112,False,21121011120102000022,False,211210111201020000222121020111,False,2112101112010200002221210201111000222001,False,21121011120102000022212102011110002220012100210111,False,211210111201020000222121020111100022200121002101111120122021,False,2112101112010200002221210201111000222001210021011111201220211022021211,False
8934,8934,0.726418407400743,0000100101,2012222021,False,20122220210020112101,False,201222202100201121011210200102,False,2012222021002011210112102001021110002111,False,20122220210020112101121020010211100021111202000010,False,201222202100201121011210200102111000211112020000102101202120,False,2012222021002011210112102001021110002111120200001021012021201211122102,False
8936,8936,0.988277914543658,0001101111,2221222000,False,22212220001022201012,False,222122200010222010120101220120,False,2221222000102220101201012201200221010100,False,22212220001022201012010122012002210101000022200012,False,222122200010222010120101220120022101010000222000120012100102,False,2221222000102220101201012201200221010100002220001200121001022110012020,False
8966,8966,0.916170521687381,0001110011,2201212120,False,22012121202011110020,False,220121212020111100202111011000,False,2201212120201111002021110110001200202012,False,22012121202011110020211101100012002020121001101002,False,220121212020111100202111011000120020201210011010021000211212,False,2201212120201111002021110110001200202012100110100210002112122202001111,False
9134,9134,0.912369121692230,0000010111,2201120021,False,22011200210211221102,False,220112002102112211022102000102,False,2201120021021122110221020001020001012111,False,22011200210211221102210200010200010121112210220022,False,220112002102112211022102000102000101211122102200222111000210,False,2201120021021122110221020001020001012111221022002221110002102011222000,False
9222,9222,0.434187435980485,0001011101,1121111121,False,11211111210001220212,False,112111112100012202122101112202,False,1121111121000122021221011122020002100121,False,11211111210001220212210111220200021001210020021021,False,112111112100012202122101112202000210012100200210212112022101,False,1121111121000122021221011122020002100121002002102121120221011111101020,False
9236,9236,0.267203985980889,0001000011,1100012201,False,11000122011122011022,False,110001220111220110220001010212,False,1100012201112201102200010102121101122211,False,11000122011122011022000101021211011222110212000000,False,110001220111220110220001010212110112221102120000002012221100,False,1100012201112201102200010102121101122211021200000020122211002211101222,False
9384,9384,0.644807514556590,1100111101,2000211101,False,20002111012100110211,False,200021110121001102111021102022,False,2000211101210011021110211020221000111202,False,20002111012100110211102110202210001112021122001021,False,200021110121001102111021102022100011120211220010211021120101,False,2000211101210011021110211020221000111202112200102110211201011120100201,False
9396,9396,0.215964557414079,1110100001,1021020012,False,10210200121200122021,False,102102001212001220210210222111,False,1021020012120012202102102221111012101100,False,10210200121200122021021022211110121011002212012010,False,102102001212001220210210222111101210110022120120101010220001,False,1021020012120012202102102221111012101100221201201010102200010120010100,False
9522,9522,0.713113507417716,0010111001,2012002202,False,20120022022000200210,False,201200220220002002102201001012,False,2012002202200020021022010010120020220201,False,20120022022000200210220100101200202202012122221222,False,201200220220002002102201001012002022020121222212221001100220,False,2012002202200020021022010010120020220201212222122210011002201000111202,False
9612,9612,0.496791328848885,0001110001,1201121012,False,12011210122222020100,False,120112101222220201000022210000,False,1201121012222202010000222100000212220002,False,12011210122222020100002221000002122200022101101101,False,120112101222220201000022210000021222000221011011011200002002,False,1201121012222202010000222100000212220002210110110112000020021122210021,False
9630,9630,0.853526893135119,0111001001,2112221221,False,21122212210022220211,False,211222122100222202111021111211,False,2112221221002222021110211112112020021122,False,21122212210022220211102111121120200211220002222011,False,211222122100222202111021111211202002112200022220112122010212,False,2112221221002222021110211112112020021122000222201121220102120121200212,False
9776,9776,0.969270914567905,1000010011,2220022101,False,22200221012110012212,False,222002210121100122121101101021,False,2220022101211001221211011010210012211022,False,22200221012110012212110110102100122110221022000021,False,222002210121100122121101101021001221102210220000212000022122,False,2220022101211001221211011010210012211022102200002120000221220200102121,False
9936,9936,0.918031486001095,0110010001,2202000122,False,22020001222210220022,False,220200012222102200221102201111,False,2202000122221022002211022011112211221002,False,22020001222210220022110220111122112210021221102220,False,220200012222102200221102201111221122100212211022201202012210,False,2202000122221022002211022011112211221002122110222012020122102120221202,False
10140,10140,0.627701214578412,1010101101,1222210211,False,12222102111212011222,False,122221021112120112222211220222,False,1222210211121201122222112202222202212111,False,12222102111212011222221122022222022121111002120112,False,122221021112120112222211220222220221211110021201122022102011,False,1222210211121201122222112202222202212111100212011220221020112000010000,False
10206,10206,0.269064950294603,0110000001,1100021201,False,11000212011201022011,False,110002120112010220111112001020,False,1100021201120102201111120010200100000110,False,11000212011201022011111200102001000001102212200210,False,110002120112010220111112001020010000011022122002100202011021,False,1100021201120102201111120010200100000110221220021002020110211112212212,False
10226,10226,0.887660021723752,1001101011,2122121002,False,21221210020011211012,False,212212100200112110122102201200,False,2122121002001121101221022012001120001121,False,21221210020011211012210220120011200011211212010122,False,212212100200112110122102201200112000112112120101220100111120,False,2122121002001121101221022012001120001121121201012201001111202022202222,False
10262,10262,0.601131150296220,0101010011,1221021001,False,12210210010102002222,False,122102100101020022222211112012,False,1221021001010200222222111120120010200111,False,12210210010102002222221111201200102001111200112200,False,122102100101020022222211112012001020011112001122001120012110,False,1221021001010200222222111120120010200111120011220011200121100002200122,False
10422,10422,0.549891721729409,1001010001,1211101210,False,12111012102020222111,False,121110121020202221112200012001,False,1211101210202022211122000120010201021011,False,12111012102020222111220001200102010210112221000202,False,121110121020202221112200012001020102101122210002021210101221,False,1211101210202022211122000120010201021011222100020212101012210121021210,False
10424,10424,0.811751228872324,1011110011,2102212102,False,21022121020000022100,False,210221210200000221001120020201,False,2102212102000002210011200202011221200120,False,21022121020000022100112002020112212001201220101000,False,210221210200000221001120020201122120012012201010001101112120,False,2102212102000002210011200202011221200120122010100011011121201210201101,False
10448,10448,0.954065314587303,1010111111,2212000101,False,22120001010012102011,False,221200010100121020112002100010,False,2212000101001210201120021000100200110101,False,22120001010012102011200210001002001101010210011221,False,221200010100121020112002100010020011010102100112212022010012,False,2212000101001210201120021000100200110101021001122120220100120010200101,False
10692,10692,0.900925186022917,1001000001,2200122110,False,22001221100202110111,False,220012211002021101111201120111,False,2200122110020211011112011201110222010110,False,22001221100202110111120112011102220101102121021011,False,220012211002021101111201120111022201011021210210112021001210,False,2200122110020211011112011201110222010110212102101120210012102111111220,False
10694,10694,0.162784693165832,1011000011,1012021202,False,10120212021100002120,False,101202120211000021200002200212,False,1012021202110000212000022002122202121112,False,10120212021100002120000220021222021211122011020012,False,101202120211000021200002200212220212111220110200120100010210,False,1012021202110000212000022002122202121112201102001201000102102010000011,False
10700,10700,0.948363214594577,1111100111,2211112101,False,22111121011101120001,False,221111210111011200011220101202,False,2211112101110112000112201012022002212012,False,22111121011101120001122010120220022120122200000200,False,221111210111011200011220101202200221201222000002000100200000,False,2211112101110112000112201012022002212012220000020001002000001100010102,False
10842,10842,0.540388221741533,1010111101,1210212221,False,12102122212010122221,False,121021222120101222210122222010,False,1210212221201012222101222220102221011121,False,12102122212010122221012222201022210111212102210211,False,121021222120101222210122222010222101112121022102111201101021,False,1210212221201012222101222220102221011121210221021112011010211102011212,False
11090,11090,0.010967107462977,0001011011,1000022211,False,10000222111202112210,False,100002221112021122100201012121,False,1000022211120211221002010121210112022200,False,10000222111202112210020101212101120222002101201110,False,100002221112021122100201012121011202220021012011101001220122,False,1000022211120211221002010121210112022200210120111010012201222221021002,False
11240,11240,0.650430143181593,0101110111,2001011120,False,20010111201100112001,False,200101112011001120011200021000,False,2001011120110011200112000210001020202211,False,20010111201100112001120002100010202022110221101202,False,200101112011001120011200021000102020221102211012022211021222,False,2001011120110011200112000210001020202211022110120222110212220110022202,False
11252,11252,0.221587186039082,0011111011,1021102221,False,10211022210112122120,False,102110222101121221202212111020,False,1021102221011212212022121110200202102020,False,10211022210112122120221211102002021020202011000110,False,102110222101121221202212111020020210202020110001101020022200,False,1021102221011212212022121110200202102020201100011010200222002021210102,False
11466,11466,0.240554450330974,0111111001,1022011111,False,10220111112121010222,False,102201111121210102220212112110,False,1022011111212101022202121121102222012101,False,10220111112121010222021211211022220121010002022121,False,102201111121210102220212112110222201210100020221212221120222,False,1022011111212101022202121121102222012101000202212122211202221000111012,False
11510,11510,0.001463607475101,0100000111,1000001011,True,10000010112000122002,False,100000101120001220022002110101,False,1000001011200012200220021101011111021211,False,10000010112000122002200211010111110212110111021200,False,100000101120001220022002110101111102121101110212001202110100,False,1000001011200012200220021101011111021211011102120012021101001021012222,False
11522,11522,0.572620650332590,0001001011,1212122112,False,12121221120222010200,False,121212211202220102002010011000,False,1212122112022201020020100110000102111100,False,12121221120222010200201001100001021111002110100210,False,121212211202220102002010011000010211110021101002100100112211,False,1212122112022201020020100110000102111100211010021001001122110101102111,False
11690,11690,0.568819250337440,0101001111,1212102211,False,12121022111022212002,False,121210221110222120020021000101,False,1212102211102221200200210001010110112002,False,12121022111022212002002100010101101120022012111012,False,121210221110222120020021000101011011200220121110122021200011,False,1212102211102221200200210001010110112002201211101220212000112102022200,False
11720,11720,0.496711857481163,1111010011,1201121010,False,12011210100001222220,False,120112101000012222201020001221,False,1201121010000122222010200012210001212001,False,12011210100001222220102000122100012120012021212201,False,120112101000012222201020001221000121200120212122010001001010,False,1201121010000122222010200012210001212001202121220100010010100122000110,False
11744,11744,0.639025943196141,1100011111,2000111000,False,20001110002010011010,False,200011100020100110101211121220,False,2000111000201001101012111212202211100001,False,20001110002010011010121112122022111000012000000121,False,200011100020100110101211121220221110000120000001211122002202,False,2000111000201001101012111212202211100001200000012111220022020002111200,False
12042,12042,0.656092507490458,0000110001,2001111212,False,20011112121020222001,False,200111121210202220010110011122,False,2001111212102022200101100111221021002212,False,20011112121020222001011001112210210022122111022022,False,200111121210202220010110011122102100221221110220222000212202,False,2001111212102022200101100111221021002212211102202220002122020110121002,False
12230,12230,0.270886178924456,1001011111,1100100200,False,11001002001122200021,False,110010020011222000210212212100,False,1100100200112220002102122121002112011021,False,11001002001122200021021221210021120110210011002002,False,110010020011222000210212212100211201102100110020022222002201,False,1100100200112220002102122121002112011021001100200222220022010201001122,False
12276,12276,0.293654843211498,1011011001,1101021112,False,11010211122202122021,False,110102111222021220212200221002,False,1101021112220212202122002210021220000200,False,11010211122202122021220022100212200002002020212100,False,110102111222021220212200221002122000020020202121001000100100,False,1101021112220212202122002210021220000200202021210010001001000002220010,False
12390,12390,0.219646750357646,1111010101,1021100221,False,10211002212010201111,False,102110022120102011110102121020,False,1021100221201020111101021210201020001210,False,10211002212010201111010212102010200012102002011010,False,102110022120102011110102121020102000121020020110101011101001,False,1021100221201020111101021210201020001210200201101010111010011200102122,False
12546,12546,0.644688307505006,1001001001,2000211012,False,20002110121122111100,False,200021101211221111002102200200,False,2000211012112211110021022002002111112020,False,20002110121122111100210220020021111120200011110002,False,200021101211221111002102200200211111202000111100020211010211,False,2000211012112211110021022002002111112020001111000202110102110011000022,False
12548,12548,0.906547814647921,1011011011,2201002121,False,22010021211012022211,False,220100212110120222110020120221,False,2201002121101202221100201202210100000222,False,22010021211012022211002012022101000002220012221010,False,220100212110120222110020120221010000022200122210100002112002,False,2201002121101202221100201202210100000222001222101000021120021012100102,False
12552,12552,0.430266828933750,0110110101,1121022112,False,11210221122011011020,False,112102211220110110200020220102,False,1121022112201101102000202201022122100120,False,11210221122011011020002022010221221001201100111212,False,112102211220110110200020220102212210012011001112122101111100,False,1121022112201101102000202201022122100120110011121221011111001021011120,False
12660,12660,0.570680214651154,1110000101,1212112121,False,12121121212002012111,False,121211212120020121111222110220,False,1212112121200201211112221102202220021002,False,12121121212002012111122211022022200210022010222111,False,121211212120020121111222110220222002100220102221111110221001,False,1212112121200201211112221102202220021002201022211111102210011200202120,False
12852,12852,0.709192900370982,1000010001,2011211220,False,20112112201111001122,False,201121122011110011220102022102,False,2011211220111100112201020221020120000102,False,20112112201111001122010202210201200001020020010200,False,201121122011110011220102022102012000010200200102002011111220,False,2011211220111100112201020221020120000102002001020020111112201000120111,False
12854,12854,0.971052407513896,1000110011,2220110112,False,22201101121222102011,False,222011011212221020112120002012,False,2220110112122210201121200020122202000112,False,22201101121222102011212000201222020001122022011220,False,222011011212221020112120002012220200011220220112202220000112,False,2220110112122210201121200020122202000112202201122022200001121100202200,False
12894,12894,0.208242550372194,0101001101,1020221101,False,10202211012022000011,False,102022110120220000112211020200,False,1020221101202200001122110202002212012101,False,10202211012022000011221102020022120121010002220122,False,102022110120220000112211020200221201210100022201222020122102,False,1020221101202200001122110202002212012101000222012220201221021222202022,False
12980,12980,0.468201357517534,1011001011,1200011022,False,12000110221121112212,False,120001102211211122122101020101,False,1200011022112111221221010201012210200211,False,12000110221121112212210102010122102002112020220021,False,120001102211211122122101020101221020021120202200210001200202,False,1200011022112111221221010201012210200211202022002100012002022210210121,False
13038,13038,0.062127064662065,0101110101,1001220111,False,10012201111000210002,False,100122011110002100021021202021,False,1001220111100021000210212020210201021100,False,10012201111000210002102120202102010211001020121021,False,100122011110002100021021202021020102110010201210212001002120,False,1001220111100021000210212020210201021100102012102120010021200222120120,False
13110,13110,0.489069321807000,1110011101,1201012121,False,12010121210000200112,False,120101212100002001121010212212,False,1201012121000020011210102122121010201112,False,12010121210000200112101021221210102011120222022110,False,120101212100002001121010212212101020111202220221100221012201,False,1201012121000020011210102122121010201112022202211002210122011201200000,False
13122,13122,0.060226364664490,1000000001,1001211212,False,10012112121011011220,False,100121121210110112201011020020,False,1001211212101101122010110200201211220112,False,10012112121011011220101102002012112201121121201012,False,100121121210110112201011020020121122011211212010121021012222,False,1001211212101101122010110200201211220112112120101210210122220211120222,False
13124,13124,0.322085871807404,1000000011,1102110111,False,11021101110112120112,False,110211011101121201121112122022,False,1102110111011212011211121220222110112201,False,11021101110112120112111212202221101122011011021121,False,110211011101121201121112122022211011220110110211210200121222,False,1102110111011212011211121220222110112201101102112102001212220010010021,False
13130,13130,0.107664393236149,1000100111,1010101112,False,10101011121020111221,False,101010111210201112211101220100,False,1010101112102011122111012201001220120121,False,10101011121020111221110122010012201201212221201100,False,101010111210201112211101220100122012012122212011000110201101,False,1010101112102011122111012201001220120121222120110001102011012201110121,False
13146,13146,0.202540450379468,1101000101,1020201200,False,10202012000202100222,False,102020120002021002222000220021,False,1020201200020210022220002200210020112221,False,10202012000202100222200022002100201122212020201221,False,102020120002021002222000220021002011222120202012211001010110,False,1020201200020210022220002200210020112221202020122110010101101111110002,False
13194,13194,0.487168621809425,1011101001,1201002222,False,12010022222020012011,False,120100222220200120111201210112,False,1201002222202001201112012101120220121221,False,12010022222020012011120121011202201212210200111110,False,120100222220200120111201210112022012122102001111101112211111,False,1201002222202001201112012101120220121221020011111011122111111220122211,False
13202,13202,0.534606650381085,0110011111,1210120121,False,12101201210012002010,False,121012012100120020100010122010,False,1210120121001200201000101220101012121111,False,12101201210012002010001012201010121211112001211011,False,121012012100120020100010122010101212111120012110112220001221,False,1210120121001200201000101220101012121111200121101122200012210102202102,False
13248,13248,0.557375314668127,1100011001,1211210211,False,12112102110011102102,False,121121021100111021020010001102,False,1211210211001110210200100011021012221010,False,12112102110011102102001000110210122210101010000000,False,121121021100111021020010001102101222101010100000002201120000,False,1211210211001110210200100011021012221010101000000022011200001200220021,False
13310,13310,0.675020036098488,0101101111,2002200100,False,20022001002020212010,False,200220010020202120101200111200,False,2002200100202021201012001112000222102210,False,20022001002020212010120011120002221022102202212011,False,200220010020202120101200111200022210221022022120110021121220,False,2002200100202021201012001112000222102210220221201100211212202212111002,False
13340,13340,0.602912643242211,0101110011,1221100210,False,12211002102022202022,False,122110021020222020221120102000,False,1221100210202220202211201020001000121200,False,12211002102022202022112010200010001212001012101021,False,122110021020222020221120102000100012120010121010210212101012,False,1221100210202220202211201020001000121200101210102102121010122010201120,False
13362,13362,0.483367221814275,1100010101,1200220210,False,12002202101221210102,False,120022021012212101021020001001,False,1200220210122121010210200010011000200202,False,12002202101221210102102000100110002002020102122011,False,120022021012212101021020001001100020020201021220112212001100,False,1200220210122121010210200010011000200202010212201122120011000200022220,False
13454,13454,0.528904550388359,1011000111,1210021101,False,12100211012202002020,False,121002110122020020202021221122,False,1210021101220200202020212211222100222221,False,12100211012202002020202122112221002222211011211211,False,121002110122020020202021221122210022222110112112111200121020,False,1210021101220200202020212211222100222221101121121112001210200010201020,False
13508,13508,0.599111243247060,0100010111,1221010220,False,12210102202001200122,False,122101022020012001220122012000,False,1221010220200120012201220120001221022021,False,12210102202001200122012201200012210220211111001220,False,122101022020012001220122012000122102202111110012201102222201,False,1221010220200120012201220120001221022021111100122011022222012201012220,False
13610,13610,0.953946107535719,0101000011,2212000002,False,22120000022010220000,False,221200000220102200002120021211,False,2212000002201022000021200212110100112122,False,22120000022010220000212002121101001121222210122002,False,221200000220102200002120021211010011212222101220021110011011,False,2212000002201022000021200212110100112122221012200211100110111120222221,False
13688,13688,0.166466886109399,0011011111,1012102021,False,10121020212120012220,False,101210202121200122200121211021,False,1012102021212001222001212110211010002001,False,10121020212120012220012121102110100020012002000121,False,101210202121200122200121211021101000200120020001210221010010,False,1012102021212001222001212110211010002001200200012102210100102000200112,False
13772,13772,0.164566186111824,0011100011,1012100110,False,10121001101200011021,False,101210011012000110210122001010,False,1012100110120001102101220010100022211020,False,10121001101200011021012200101000222110202212201100,False,101210011012000110210122001010002221102022122011002110120221,False,1012100110120001102101220010100022211020221220110021101202210200001120,False
14114,14114,0.942541907550267,1000101011,2211001012,False,22110010122100221022,False,221100101221002210222222101000,False,2211001012210022102222221010001200212211,False,22110010122100221022222210100012002122111111111110,False,221100101221002210222222101000120021221111111111102102100211,False,2211001012210022102222221010001200212211111111111021021002111202212000,False
14150,14150,0.656013036122735,1100010011,2001111201,False,20011112012122210000,False,200111120121222100001222021202,False,2001111201212221000012220212020201212120,False,20011112012122210000122202120202012121201211110220,False,200111120121222100001222021202020121212012111102201112010200,False,2001111201212221000012220212020201212120121111022011120102002101222010,False
14166,14166,0.750889093266054,1100101001,2021121101,False,20211211011011002212,False,202112110110110022120110120210,False,2021121101101100221201101202102102211201,False,20211211011011002212011012021021022112010120100120,False,202112110110110022120110120210210221120101201001200002022221,False,2021121101101100221201101202102102211201012010012000020222210221001111,False
14256,14256,0.534566914697223,1101100001,1210120112,False,12101201121112212020,False,121012011211122120202000001122,False,1210120112111221202020000011220101122121,False,12101201121112212020200000112201011221210201221220,False,121012011211122120202000001122010112212102012212200121022010,False,1210120112111221202020000011220101122121020122122001210220102022011112,False
14352,14352,0.103823257557137,0011001101,1010021002,False,10100210020100210111,False,101002100201002101110121200010,False,1010021002010021011101212000101111201102,False,10100210020100210111012120001011112011022120220001,False,101002100201002101110121200010111120110221202200012210002121,False,1010021002010021011101212000101111201102212022000122100021210000020211,False
14382,14382,0.031715864700860,1001111001,1000221211,False,10002212112201211201,False,100022121122012112010011000002,False,1000221211220121120100110000020122021202,False,10002212112201211201001100000201220212020212022120,False,100022121122012112010011000002012202120202120221201001112001,False,1000221211220121120100110000020122021202021202212010011120012200220200,False
14496,14496,0.957707771847008,0011110101,2212022201,False,22120222010112201111,False,221202220101122011112101221112,False,2212022201011220111121012211121010000110,False,22120222010112201111210122111210100001102122020122,False,221202220101122011112101221112101000011021220201222110102220,False,2212022201011220111121012211121010000110212202012221101022202122201112,False
14514,14514,0.314443336133242,0110101101,1102010210,False,11020102102020012211,False,110201021020200122110211212020,False,1102010210202001221102112120201111211111,False,11020102102020012211021121202011112111112011221021,False,110201021020200122110211212020111121111120112210210121120211,False,1102010210202001221102112120201111211111201122102101211202112121020020,False
14588,14588,0.003245100421092,0010100111,1000002121,False,10000021210220002001,False,100000212102200020012000201202,False,1000002121022000200120002012022012200221,False,10000021210220002001200020120220122002210111012120,False,100000212102200020012000201202201220022101110121201221021101,False,1000002121022000200120002012022012200221011101212012210211010202102120,False
14600,14600,0.574402143278582,1101101011,1212202012,False,12122020121222100111,False,121220201212221001110211012200,False,1212202012122210011102110122001212212222,False,12122020121222100111021101220012122122220001022211,False,121220201212221001110211012200121221222200010222111102110100,False,1212202012122210011102110122001212212222000102221111021101001112022000,False
14604,14604,0.098121157564411,1011000101,1010001222,False,10100012221001121121,False,101000122210011211212121011101,False,1010001222100112112121210111010010011012,False,10100012221001121121212101110100100110121020210020,False,101000122210011211212121011101001001101210202100200221210022,False,1010001222100112112121210111010010011012102021002002212100221220110202,False
14706,14706,0.452956021853070,0010011001,1122102001,False,11221020012012122000,False,112210200120121220000200202012,False,1122102001201212200002002020120221112201,False,11221020012012122000020020201202211122011112222201,False,112210200120121220000200202012022111220111122222010110120021,False,1122102001201212200002002020120221112201111222220101101200212010022000,False
14796,14796,0.236633843284239,0101010001,1022000102,False,10220001022001001110,False,102200010220010011101021202011,False,1022000102200100111010212020112020100221,False,10220001022001001110102120201120201002210222222101,False,102200010220010011101021202011202010022102222221010102202011,False,1022000102200100111010212020112020100221022222210101022020110000100121,False
14798,14798,0.498493350427154,1111110011,1201200120,False,12012001201201101221,False,120120012012011012211201022220,False,1201200120120110122112010222200222111020,False,12012001201201101221120102222002221110202022222011,False,120120012012011012211201022220022211102020222220111120122212,False,1201200120120110122112010222200222111020202222201111201222121000110210,False
14820,14820,0.378947928999218,1010010101,1111221102,False,11112211021220121010,False,111122110212201210102212011110,False,1111221102122012101022120111100110001211,False,11112211021220121010221201111001100012111011001111,False,111122110212201210102212011110011000121110110011111000010220,False,1111221102122012101022120111100110001211101100111110000102201100021201,False
14822,14822,0.640807436142133,1110111111,2000120220,False,20001202201112210112,False,200012022011122101120210212221,False,2000120220111221011202102122210121002102,False,20001202201112210112021021222101210021022112101222,False,200012022011122101120210212221012100210221121012222100012012,False,2000120220111221011202102122210121002102211210122221000120121210101021,False
14976,14976,0.803989486146578,0000001001,2102022022,False,21020220220220000121,False,210202202202200001212021020202,False,2102022022022000012120210202021221212120,False,21020220220220000121202102020212212121202112112111,False,210202202202200001212021020202122121212021121121111211110210,False,2102022022022000012120210202021221212120211211211112111102100202211012,False
14978,14978,0.065848993289493,0000011011,1002000200,False,10020002002001200021,False,100200020020012000211100020000,False,1002000200200120002111000200000112111111,False,10020002002001200021110002000001121111110010110110,False,100200020020012000211100020000011211111100101101100010222200,False,1002000200200120002111000200000112111111001011011000102222001100020212,False
15000,15000,0.946303571861556,1101101101,2211100201,False,22111002011002022211,False,221110020110020222112010121002,False,2211100201100202221120101210022112111110,False,22111002011002022211201012100221121111101012011002,False,221110020110020222112010121002211211111010120110020211102102,False,2211100201100202221120101210022112111110101201100202111021022211220122,False
15066,15066,0.587667307577747,0101000001,1220111022,False,12201110222021002110,False,122011102220210021100000020210,False,1220111022202100211000000202101212220022,False,12201110222021002110000002021012122200222201200110,False,122011102220210021100000020210121222002222012001100202000220,False,1220111022202100211000000202101212220022220120011002020002202001122121,False
15068,15068,0.849526814720662,1111000011,2112122202,False,21121222022000110021,False,211212220220001100210000100001,False,2112122202200011002100001000012111212102,False,21121222022000110021000010000121112121022122020121,False,211212220220001100210000100001211121210221220201210222201012,False,2112122202200011002100001000012111212102212202012102222010122202012111,False
15140,15140,0.276469071865598,0010111011,1100120201,False,11001202011212022121,False,110012020112120221210002000121,False,1100120201121202212100020001212200221001,False,11001202011212022121000200012122002210012210210021,False,110012020112120221210002000121220022100122102100212211121022,False,1100120201121202212100020001212200221001221021002122111210221212111101,False
15216,15216,0.227130343296363,0110111101,1021122121,False,10211221211122121102,False,102112212111221211021001212220,False,1021122121112212110210012122200210010100,False,10211221211122121102100121222002100101002002112001,False,102112212111221211021001212220021001010020021120012102221210,False,1021122121112212110210012122200210010100200211200121022212100122111112,False
15306,15306,0.010808164727532,1001010101,1000022201,False,10000222010022210200,False,100002220100222102000110112000,False,1000022201002221020001101120001022000220,False,10000222010022210200011011200010220002202022111211,False,100002220100222102000110112000102200022020221112111002010121,False,1000022201002221020001101120001022000220202211121110020101210110201100,False
15308,15308,0.272667671870447,1011111111,1100102121,False,11001021211102201220,False,110010212111022012200121200200,False,1100102121110220122001212002001201201020,False,11001021211102201220012120020012012010200002100102,False,110010212111022012200121200200120120102000021001022102211210,False,1100102121110220122001212002001201201020000210010221022112101121221210,False
15410,15410,0.627502536159106,0000001011,1222210112,False,12222101120011201220,False,122221011200112012201221001120,False,1222210112001120122012210011200002010121,False,12222101120011201220122100112000020101212120022021,False,122221011200112012201221001120000201012121200220211111112010,False,1222210112001120122012210011200002010121212002202111111120101210022012,False
15444,15444,0.079114157588659,1011110001,1002110012,False,10021100120221012111,False,100211001202210121112211002002,False,1002110012022101211122110020022202011120,False,10021100120221012111221100200222020111202212220110,False,100211001202210121112211002002220201112022122201101112020001,False,1002110012022101211122110020022202011120221222011011120200011020221121,False
15452,15452,0.126552186160318,1011010111,1011000201,False,10110002012210012220,False,101100020122100122202201110222,False,1011000201221001222022011102222212210201,False,10110002012210012220220111022222122102011210001222,False,101100020122100122202201110222221221020112100012222112102121,False,1011000201221001222022011102222212210201121000122221121021210111002200,False
15464,15464,0.697709229017807,0101011011,2011002222,False,20110022221222020200,False,201100222212220202001110111210,False,2011002222122202020011101112101221000102,False,20110022221222020200111011121012210001020212101222,False,201100222212220202001110111210122100010202121012222112110100,False,2011002222122202020011101112101221000102021210122221121101000112210101,False
15468,15468,0.221428243303637,0000110101,1021102202,False,10211022022101112221,False,102110220221011122212212102011,False,1021102202210111222122121020112110211020,False,10211022022101112221221210201121102110202001212111,False,102110220221011122212212102011211021102020012121112201120022,False,1021102202210111222122121020112110211020200121211122011200221022202200,False
15576,15576,0.361841629021040,1000000101,1111011211,False,11110112112212212021,False,111101121122122120212102211100,False,1111011211221221202121022111002202112110,False,11110112112212212021210221110022021121101220001121,False,111101121122122120212102211100220211211012200011210212210120,False,1111011211221221202121022111002202112110122000112102122101200201200020,False
15578,15578,0.623701136163955,1000001111,1222120110,False,12221201101211211001,False,122212011012112110011020202211,False,1222120110121121100110202022110200101021,False,12221201101211211001102020221102001010212112002010,False,122212011012112110011020202211020010102121120020102011201202,False,1222120110121121100110202022110200101021211200201020112012020222020100,False
15624,15624,0.646469800450997,0010101001,2000221002,False,20002210022112110122,False,200022100221121101221122200120,False,2000221002211211012211222001201102022012,False,20002210022112110122112220012011020220121200120110,False,200022100221121101221122200120110202201212001201100122012010,False,2000221002211211012211222001201102022012120012011001220120102120011222,False
15626,15626,0.908329307593912,0111111011,2201020110,False,22010201102101021212,False,220102011021010212121012120202,False,2201020110210102121210121202021220001221,False,22010201102101021212101212020212200012211020202121,False,220102011021010212121012120202122000122110202021210211220212,False,2201020110210102121210121202021220001221102020212102112202120102020122,False
15702,15702,0.858990579024677,1101111101,2120101010,False,21201010102022201220,False,212010101020222012201102120100,False,2120101010202220122011021201000001212222,False,21201010102022201220110212010000012122222012012001,False,212010101020222012201102120100000121222220120120010021021202,False,2120101010202220122011021201000001212222201201200100210212022211210212,False
15714,15714,0.430147621882167,0011100001,1121022101,False,11210221011202012111,False,112102210112020121111022001002,False,1121022101120201211110220010022002021211,False,11210221011202012111102200100220020212111110101022,False,112102210112020121111022001002200202121111101010221112210011,False,1121022101120201211110220010022002021211111010102211122100112112122100,False
15896,15896,0.259362771887420,0101001011,1022220100,False,10222201000100010201,False,102222010001000102011111200210,False,1022220100010001020111112002102212120120,False,10222201000100010201111120021022121201200122221212,False,102222010001000102011111200210221212012001222212122001012001,False,1022220100010001020111112002102212120120012222121220010120012110212022,False
16026,16026,0.280230736176887,1000011101,1100201211,False,11002012110011212211,False,110020121100112122112020220021,False,1100201211001121221120202200212202121222,False,11002012110011212211202022002122021212221110221201,False,110020121100112122112020220021220212122211102212011202100222,False,1100201211001121221120202200212202121222111022120112021002222020202012,False
16202,16202,0.323867364753396,0000100011,1102112112,False,11021121120100000000,False,110211211201000000002100011100,False,1102112112010000000021000111001210010012,False,11021121120100000000210001110012100100120112210100,False,110211211201000000002100011100121001001201122101001202002220,False,1102112112010000000021000111001210010012011221010012020022200010022001,False
16436,16436,0.961429700474436,1010011011,2212122021,False,22121220210102101122,False,221212202101021011222001020022,False,2212122021010210112220010200222020200112,False,22121220210102101122200102002220202001121120122200,False,221212202101021011222001020022202020011211201222001111222022,False,2212122021010210112220010200222020200112112012220011112220220011120011,False
16458,16458,0.841884279046500,1011101101,2112002021,False,21120020210120021022,False,211200202101200210222011010221,False,2112002021012002102220110102211011200001,False,21120020210120021022201101022110112000012120201011,False,211200202101200210222011010221101120000121202010112112222012,False,2112002021012002102220110102211011200001212020101121122220120001011211,False
16586,16586,0.600892736193052,1010110111,1221020200,False,12210202000110221010,False,122102020001102210101102211002,False,1221020200011022101011022110022121201000,False,12210202000110221010110221100221212010000122122000,False,122102020001102210101102211002212120100001221220002122011000,False,1221020200011022101011022110022121201000012212200021220110002112122122,False
16604,16604,0.957628300479286,1101011111,2212022112,False,22120221120210002212,False,221202211202100022121012200100,False,2212022112021000221210122001002220121222,False,22120221120210002212101220010022201212222120222202,False,221202211202100022121012200100222012122221202222022110211102,False,2212022112021000221210122001002220121222212022220221102111021202122101,False
16650,16650,0.980396964766328,0111011001,2221021101,False,22210211012201121001,False,222102110122011210012010221212,False,2221021101220112100120102212122202212111,False,22210211012201121001201022121222022121112221120202,False,222102110122011210012010221212220221211122211202022120120201,False,2221021101220112100120102212122202212111222112020221201202010210011212,False
16686,16686,0.693868093338795,1100100001,2010212101,False,20102121010210122001,False,201021210102101220012012101201,False,2010212101021012200120121012010100201211,False,20102121010210122001201210120101002012110010010100,False,201021210102101220012012101201010020121100100101000022200000,False,2010212101021012200120121012010100201211001001010000222000002111122222,False
16812,16812,0.191017043342433,0000111001,1020022012,False,10200220122210111220,False,102002201222101112201201001022,False,1020022012221011122012010010222102101101,False,10200220122210111220120100102221021011012200120202,False,102002201222101112201201001022210210110122001202021111022000,False,1020022012221011122012010010222102101101220012020211110220002210210111,False
16868,16868,0.523083243344049,1010001011,1202222002,False,12022220021200222211,False,120222200212002222110111011100,False,1202222002120022221101110111000201201022,False,12022220021200222211011101110002012010222102010210,False,120222200212002222110111011100020120102221020102102000100120,False,1202222002120022221101110111000201201022210201021020001001200122202111,False
16920,16920,0.331430429059836,0101001001,1102212012,False,11022120121112122020,False,110221201211121220201120201202,False,1102212012111212202011202012021011222102,False,11022120121112122020112020120210112221021110200010,False,110221201211121220201120201202101122210211102000102202211011,False,1102212012111212202011202012021011222102111020001022022110110110211002,False
16922,16922,0.593289936202751,1111011011,1220210221,False,12202102211001111222,False,122021022110011112222002222100,False,1220210221100111122220022221000120122020,False,12202102211001111222200222210001201220200221220012,False,122021022110011112222002222100012012202002212200120200202112,False,1220210221100111122220022221000120122020022122001202002021121122002110,False
17036,17036,0.519281843348898,0010001111,1202202200,False,12022022002111220211,False,120220220021112202110221122200,False,1202202200211122021102211222001110220122,False,12022022002111220211022112220011102201222221200010,False,120220220021112202110221122200111022012222212000102011020021,False,1202202200211122021102211222001110220122222120001020110200210022112221,False
17160,17160,0.754571286209621,1011111101,2021212010,False,20212120101022000001,False,202121201010220000011120110010,False,2021212010102200000111201100102211222022,False,20212120101022000001112011001022112220221222002111,False,202121201010220000011120110010221122202212220021111111210210,False,2021212010102200000111201100102211222022122200211111112102101210122122,False
17198,17198,0.729901921925003,1000101111,2020012110,False,20200121102011021021,False,202001211020110210210111222122,False,2020012110201102102101112221220010012210,False,20200121102011021021011122212200100122102112021111,False,202001211020110210210111222122001001221021120211110100221101,False,2020012110201102102101112221220010012210211202111101002211010102101000,False
17226,17226,0.395935021925811,0100010001,1112201020,False,11122010202121121111,False,111220102021211211112102201201,False,1112201020212112111121022012012212101102,False,11122010202121121111210220120122121011022121011210,False,111220102021211211112102201201221210110221210112102201110120,False,1112201020212112111121022012012212101102212101121022011101201212111022,False
17228,17228,0.657794529068726,1100110011,2001121200,False,20011212000111011000,False,200112120001110110001020122022,False,2001121200011101100010201220221211011220,False,20011212000111011000102012202212110112202110120102,False,200112120001110110001020122022121101122021101201020121221202,False,2001121200011101100010201220221211011220211012010201212212022111022202,False
17354,17354,0.154943479072363,1111001011,1012000021,False,10120000211122220001,False,101200002111222200011021000100,False,1012000021112222000110210001001210122120,False,10120000211122220001102100010012101221202221221220,False,101200002111222200011021000100121012212022212212202120121221,False,1012000021112222000110210001001210122120222122122021201212211010012121,False
17430,17430,0.105604750503129,0000101101,1010022200,False,10100222001000120212,False,101002220010001202120010100210,False,1010022200100012021200101002100200112200,False,10100222001000120212001010021002001122000222122211,False,101002220010001202120010100210020011220002221222112000000210,False,1010022200100012021200101002100200112200022212221120000002100010210110,False
17496,17496,0.746968486219319,0100000001,2021100020,False,20211000201001212122,False,202110002010012121222121100112,False,2021100020100121212221211001121110100221,False,20211000201001212122212110011211101002211120201110,False,202110002010012121222121100112111010022111202011101020201022,False,2021100020100121212221211001121110100221112020111010202010221111021212,False
17498,17498,0.008827993362234,1100000011,1000021002,False,10000210022110211111,False,100002100221102111112211021020,False,1000021002211021111122110210201022111102,False,10000210022110211111221102102010221111021000222122,False,100002100221102111112211021020102211110210002221221112222120,False,1000021002211021111122110210201022111102100022212211122221202022220111,False
17504,17504,0.794406514790979,1100100111,2101121211,False,21011212112002102101,False,210112121120021021010010210011,False,2101121211200210210100102100110210010210,False,21011212112002102101001021001102100102102200100011,False,210112121120021021010010210011021001021022001000111120112000,False,2101121211200210210100102100110210010210220010001111201120001012010002,False
17568,17568,0.173910743364255,0111101001,1012200110,False,10122001102202001210,False,101220011022020012100221221001,False,1012200110220200121002212210010210222202,False,10122001102202001210022122100102102222021211002222,False,101220011022020012100221221001021022220212110022222100001222,False,1012200110220200121002212210010210222202121100222221000012222011012011,False
17660,17660,0.219448071938339,1010100011,1021100202,False,10211002020201210201,False,102110020202012102012021212001,False,1021100202020121020120212120010011222201,False,10211002020201210201202121200100112222010202011210,False,102110020202012102012021212001001122220102020112101012102120,False,1021100202020121020120212120010011222201020201121010121021202001010110,False
17828,17828,0.215646671943189,1111000111,1021012212,False,10210122122112212202,False,102101221221122122021020010110,False,1021012212211221220210200101100112122011,False,10210122122112212202102001011001121220110221002012,False,102101221221122122021020010110011212201102210020121001010010,False,1021012212211221220210200101100112122011022100201210010100100010000001,False
17874,17874,0.238415336230231,1010110001,1022002021,False,10220020212001210002,False,102200202120012100021011001222,False,1022002021200121000210110012220101022012,False,10220020212001210002101100122201010220121201000102,False,102200202120012100021011001222010102201212010001022012202210,False,1022002021200121000210110012220101022012120100010220122022102021212102,False
17990,17990,0.426266750519293,0001100111,1121010102,False,11210101020202111102,False,112101010202021111021110120002,False,1121010102020211110211101200022222121202,False,11210101020202111102111012000222221212020222002002,False,112101010202021111021110120002222212120202220020021100110222,False,1121010102020211110211101200022222121202022200200211001102222210201220,False
18062,18062,0.853209007664229,0111011111,2112221021,False,21122210211200002002,False,211222102112000020021011012202,False,2112221021120000200210110122022001211202,False,21122210211200002002101101220220012112022222100010,False,211222102112000020021011012202200121120222221000100001021010,False,2112221021120000200210110122022001211202222210001000010210102000220122,False
18132,18132,0.018291757666249,0000111101,1000112210,False,10001122101121212211,False,100011221011212122112012221021,False,1000112210112121221120122210212000201111,False,10001122101121212211201222102120002011112000120112,False,100011221011212122112012221021200020111120001201122212022002,False,1000112210112121221120122210212000201111200012011222120220022220001011,False
18144,18144,0.589448800523739,0010100001,1220121001,False,12201210010212222001,False,122012100102122220012221201212,False,1220121001021222200122212012120201102012,False,12201210010212222001222120121202011020121012100210,False,122012100102122220012221201212020110201210121002101120121220,False,1220121001021222200122212012120201102012101210021011201212202021120111,False
18146,18146,0.851308307666654,0111100011,2112210101,False,21122101012011221202,False,211221010120112212021221022110,False,2112210101201122120212210221102221212221,False,21122101012011221202122102211022212122210121011001,False,211221010120112212021221022110222121222101210110012002211120,False,2112210101201122120212210221102221212221012101100120022111200001002200,False
18488,18488,0.629284029105097,1100101011,1222220100,False,12222201002200002120,False,122222010022000021200012220100,False,1222220100220000212000122201002212010111,False,12222201002200002120001222010022120101110201121010,False,122222010022000021200012220100221201011102011210100120011021,False,1222220100220000212000122201002212010111020112101001200110210001100101,False
18656,18656,0.625482629109947,0010101111,1222200022,False,12222000220101020102,False,122220002201010201021002102212,False,1222200022010102010210021022121210001021,False,12222000220101020102100210221212100010210002212220,False,122220002201010201021002102212121000102100022122201002202222,False,1222200022010102010210021022121210001021000221222010022022222102002021,False
18756,18756,0.718457986255690,0101111001,2012110011,False,20121100111012012002,False,201211001110120120020100102021,False,2012110011101201200201001020212200100111,False,20121100111012012002010010202122001001110012020211,False,201211001110120120020100102021220010011100120202111021222101,False,2012110011101201200201001020212200100111001202021110212221011210121201,False
18962,18962,0.689987221975922,0110100111,2010121201,False,20101212012101022222,False,201012120121010222221120112121,False,2010121201210102222211201121211211212220,False,20101212012101022222112011212112112122200211120102,False,201012120121010222221120112121121121222002111201021211110101,False,2010121201210102222211201121211211212220021112010212111101012201200220,False
18978,18978,0.784863279119241,0111000101,2100221122,False,21002211221001121201,False,210022112210011212012002122112,False,2100221122100112120120021221121210101000,False,21002211221001121201200212211212101010001012120121,False,210022112210011212012002122112121010100010121201210211122221,False,2100221122100112120120021221121210101000101212012102111222212210220002,False
19010,19010,0.974615393405879,1001010011,2220202212,False,22202022120000002022,False,222020221200000020220221022202,False,2220202212000000202202210222020012000020,False,22202022120000002022022102220200120000200121101120,False,222020221200000020220221022202001200002001211011200012220020,False,2220202212000000202202210222020012000020012110112000122200202222000222,False
19140,19140,0.995483357695346,1110100101,2222121011,False,22221210112011111201,False,222212101120111112010221210202,False,2222121011201111120102212102022210221212,False,22221210112011111201022121020222102212122011222201,False,222212101120111112010221210202221022121220112222010101001111,False,2222121011201111120102212102022210221212201122220101010011112102202221,False
19194,19194,0.065690050554048,0110010101,1002000112,False,10020001122222102101,False,100200011222221021011112220212,False,1002000112222210210111122202122100022012,False,10020001122222102101111222021221000220121120122101,False,100200011222221021011112220212210002201211201221012212110011,False,1002000112222210210111122202122100022012112012210122121100110100201210,False
19352,19352,0.752591114844323,0100011011,2021201111,False,20212011111022200201,False,202120111110222002012221212000,False,2021201111102220020122212120002200012111,False,20212011111022200201222121200022000121110222201200,False,202120111110222002012221212000220001211102222012000122102002,False,2021201111102220020122212120002200012111022220120001221020020112211212,False
19428,19428,0.703252386275088,1111011101,2011110120,False,20111101201021022211,False,201111012010210222110100210022,False,2011110120102102221101002100222111022100,False,20111101201021022211010021002221110221001000200120,False,201111012010210222110100210022211102210010002001201021212010,False,2011110120102102221101002100222111022100100020012010212120100212210010,False
19514,19514,0.963211193420428,0110111011,2212210101,False,22122101010001212221,False,221221010100012122210200120010,False,2212210101000121222102001200101021200110,False,22122101010001212221020012001010212001101022101120,False,221221010100012122210200120010102120011010221011202212211212,False,2212210101000121222102001200101021200110102210112022122112121020112002,False
19566,19566,0.771558379136214,1001011001,2100000120,False,21000001202122002112,False,210000012021220021121112101121,False,2100000120212200211211121011212021212111,False,21000001202122002112111210112120212121112010202201,False,210000012021220021121112101121202121211120102022012001202212,False,2100000120212200211211121011212021212111201020220120012022121110021020,False
19626,19626,0.627343593423661,1101100101,1222210021,False,12222100210122002101,False,122221002101220021011022020021,False,1222210021012200210110220200212111110112,False,12222100210122002101102202002121111101120211010020,False,122221002101220021011022020021211111011202110100200210002220,False,1222210021012200210110220200212111110112021101002002100022200121212012,False
19680,19680,0.697550286282362,0101010101,2011002201,False,20110022010210010101,False,201100220102100101011011001102,False,2011002201021001010110110011020120102101,False,20110022010210010101101100110201201021010011222121,False,201100220102100101011011001102012010210100112221210202122122,False,2011002201021001010110110011020120102101001122212102021221221210110100,False
19682,19682,0.959409793425277,1111111111,2212110121,False,22121101212001011111,False,221211012120010111112112101212,False,2212110121200101111121121012122202120011,False,22121101212001011111211210121222021200111020122110,False,221211012120010111112112101212220212001110201221102000112112,False,2212110121200101111121121012122202120011102012211020001121121101121111,False
19698,19698,0.054285850568596,1100001101,1001122210,False,10011222101202120102,False,100112221012021201021222112201,False,1001122210120212010212221122011002100002,False,10011222101202120102122211220110021000021210021102,False,100112221012021201021222112201100210000212100211022100020110,False,1001122210120212010212221122011002100002121002110221000201102020122120,False
19784,19784,0.314244657713936,0100001011,1102010120,False,11020101202000200110,False,110201012020002001101200201122,False,1102010120200020011012002011221110200220,False,11020101202000200110120020112211102002202211110220,False,110201012020002001101200201122111020022022111102201221112011,False,1102010120200020011012002011221110200220221111022012211120111210122110,False
19818,19818,0.765856279143488,0111110001,2022121221,False,20221212212220210122,False,202212122122202101220010020111,False,2022121221222021012200100201111122012020,False,20221212212220210122001002011111220120200020020210,False,202212122122202101220010020111112201202000200202102220021120,False,2022121221222021012200100201111122012020002002021022200211200102002112,False
19826,19826,0.813294307715148,1111010111,2102222102,False,21022221021102100110,False,210222210211021001100212002011,False,2102222102110210011002120020112210220001,False,21022221021102100110021200201122102200011212120211,False,210222210211021001100212002011221022000112121202112102110122,False,2102222102110210011002120020112210220001121212021121021101220011200120,False
19950,19950,0.048583750575870,0100000101,1001110222,False,10011102220100110201,False,100111022201001102010221010222,False,1001110222010011020102210102222012202120,False,10011102220100110201022101022220122021200012112001,False,100111022201001102010221010222201220212000121120012101200122,False,1001110222010011020102210102222012202120001211200121012001221100220022,False
19952,19952,0.310443257718785,1100001111,1101222021,False,11012220212110121221,False,110122202121101212212020112022,False,1101222021211012122120201120221221200102,False,11012220212110121221202011202212212001020021100202,False,110122202121101212212020112022122120010200211002021012020212,False,1101222021211012122120201120221221200102002110020210120202120211012102,False
19988,19988,0.023914386291253,1001110111,1000201101,False,10002011012221011110,False,100020110122210111100000200100,False,1000201101222101111000002001001201201112,False,10002011012221011110000020010012012011121011010201,False,100020110122210111100000200100120120111210110102010021102022,False,1000201101222101111000002001001201201112101101020100211020222021011012,False
20258,20258,0.374947850584761,1000000111,1111202120,False,11112021202021210000,False,111120212020212100000002012011,False,1111202120202121000000020120111112021021,False,11112021202021210000000201201111120210212001101101,False,111120212020212100000002012011111202102120011011012101002221,False,1111202120202121000000020120111112021021200110110121010022210100001212,False
20400,20400,0.966972857731717,0100011101,2220010001,False,22200100012121100202,False,222001000121211002022002001102,False,2220010001212110020220020011022210110021,False,22200100012121100202200200110222101100210000202200,False,222001000121211002022002001102221011002100002022000121120121,False,2220010001212110020220020011022210110021000020220001211201210010020110,False
20438,20438,0.942303493447099,1001001111,2211000200,False,22110002000210221200,False,221100020002102212000212222020,False,2211000200021022120002122220201111020221,False,22110002000210221200021222202011110202210211020212,False,221100020002102212000212222020111102022102110202121222202020,False,2211000200021022120002122220201111020221021102021212222020200020102201,False
20484,20484,0.965072157734142,1001101001,2212221200,False,22122212000020211100,False,221222120000202111002201022220,False,2212221200002021110022010222201012020121,False,22122212000020211100220102222010120201212120002101,False,221222120000202111002201022220101202012121200021010220220010,False,2212221200002021110022010222201012020121212000210102202200100022111102,False
20576,20576,0.010609486308226,0100100011,1000022112,False,10000221122021200122,False,100002211220212001221102222020,False,1000022112202120012211022220200201112122,False,10000221122021200122110222202002011121222100122221,False,100002211220212001221102222020020111212221001222210210002221,False,1000022112202120012211022220200201112122210012222102100022210112200122,False
20628,20628,0.818956672024012,1111010001,2110101112,False,21101011121211202102,False,211010111212112021022110011022,False,2110101112121120210221100110222210010211,False,21101011121211202102211001102222100102112211022010,False,211010111212112021022110011022221001021122110220102002010001,False,2110101112121120210221100110222210010211221102201020020100010221101222,False
20808,20808,0.386312314886351,1010001001,1112021102,False,11120211020021121020,False,111202110200211210201200201120,False,1112021102002112102012002011200001222120,False,11120211020021121020120020112000012221201212120011,False,111202110200211210201200201120000122212012121200111010001001,False,1112021102002112102012002011200001222120121212001110100010010212110010,False
20810,20810,0.648171822029266,1110011011,2001000212,False,20010002122101010122,False,200100021221010101222020222002,False,2001000212210101012220202220020002122102,False,20010002122101010122202022200200021221022111102012,False,200100021221010101222020222002000212210221111020122111001101,False,2001000212210101012220202220020002122102211110201221110011012011021012,False
20832,20832,0.528626400601330,0111101101,1210021000,False,12100210000111011001,False,121002100001110110011211110121,False,1210021000011101100112111101210021221010,False,12100210000111011001121111012100212210100111201001,False,121002100001110110011211110121002122101001112010012002200221,False,1210021000011101100112111101210021221010011120100120022002210002210210,False
20898,20898,0.169990136317521,1111000001,1012112200,False,10121122001112002011,False,101211220011120020112220200000,False,1012112200111200201122202000000010001221,False,10121122001112002011222020000000100012210012122212,False,101211220011120020112220200000001000122100121222122222211020,False,1012112200111200201122202000000010001221001212221222222110202122200222,False
20960,20960,0.287634857747882,1110110111,1101000220,False,11010002202022220001,False,110100022020222200012100202112,False,1101000220202222000121002021120112202121,False,11010002202022220001210020211201122021210120022211,False,110100022020222200012100202112011220212101200222112202200120,False,1101000220202222000121002021120112202121012002221122022001202000001212,False
21084,21084,0.522924300608604,1011100101,1202221212,False,12022212121101110100,False,120222121211011101001212121001,False,1202221212110111010012121210010001020002,False,12022212121101110100121212100100010200022000010211,False,120222121211011101001212121001000102000220000102111112010011,False,1202221212110111010012121210010001020002200001021111120100111110111020,False
21138,21138,0.593130993467305,0011010101,1220210200,False,12202102002021022220,False,122021020020210222200020012112,False,1220210200202102222000200121120121011121,False,12202102002021022220002001211201210111210010202000,False,122021020020210222200020012112012101112100102020002010210000,False,1220210200202102222000200121120121011121001020200020102100000122200002,False
21156,21156,0.949866557753539,1010001101,2211122210,False,22111222102001120121,False,221112221020011201212220000212,False,2211122210200112012122200002121102202120,False,22111222102001120121222000021211022021202020002100,False,221112221020011201212220000212110220212020200021002111102011,False,2211122210200112012122200002121102202120202000210021111020112211102000,False
21242,21242,0.209825364898879,1110001011,1020222222,False,10202222222111002010,False,102022222221110020100101201120,False,1020222222211100201001012011201011202020,False,10202222222111002010010120112010112020202122222010,False,102022222221110020100101201120101120202021222220101102111210,False,1020222222211100201001012011201011202020212222201011021112100212110010,False
21408,21408,0.944164457760813,0010000101,2211011212,False,22110112122002102022,False,221101121220021020222110210112,False,2211011212200210202221102101120122012202,False,22110112122002102022211021011201220122020211000220,False,221101121220021020222110210112012201220202110002201012100220,False,2211011212200210202221102101120122012202021100022010121002202012100202,False
21410,21410,0.206023964903728,0110001111,1020212011,False,10202120111121002000,False,102021201111210020002202200120,False,1020212011112100200022022001200221122120,False,10202120111121002000220220012002211221200000210101,False,102021201111210020002202200120022112212000002101012112101101,False,1020212011112100200022022001200221122120000021010121121011012222101100,False
21446,21446,0.919495093476196,0011110111,2202010212,False,22020102122022222022,False,220201021220222220220221002110,False,2202010212202222202202210021101201112222,False,22020102122022222022022100211012011122220010111211,False,220201021220222220220221002110120111222200101112110000212121,False,2202010212202222202202210021101201112222001011121100002121211010120122,False
21534,21534,0.441313407764451,0111111101,1121211211,False,11212112110211102221,False,112121121102111022210110010112,False,1121211211021110222101100101120201010010,False,11212112110211102221011001011202010100100120022111,False,112121121102111022210110010112020101001001200221110011022000,False,1121211211021110222101100101120201010010012002211100110220002021002202,False
21572,21572,0.416644043479833,1100101111,1120200011,False,11202000111220211001,False,112020001112202110012222121020,False,1120200011122021100122221210202010022110,False,11202000111220211001222212102020100221101212212211,False,112020001112202110012222121020201002211012122122111012011112,False,1120200011122021100122221210202010022110121221221110120111122121100002,False
21716,21716,0.270528557769704,0010000111,1100100022,False,11001000220102100000,False,110010002201021000000220100020,False,1100100022010210000002201000202212112001,False,11001000220102100000022010002022121120010202222012,False,110010002201021000000220100020221211200102022220122002002020,False,1100100022010210000002201000202212112001020222201220020020200221022222,False
21858,21858,0.862553564916660,0010011101,2120122111,False,21201221110101110220,False,212012211101011102202011111010,False,2120122111010111022020111110102012020121,False,21201221110101110220201111101020120201211111212122,False,212012211101011102202011111010201202012111112121220222210011,False,2120122111010111022020111110102012020121111121212202222100110100112000,False
21894,21894,0.576024693489128,0001000101,1212211122,False,12122111221222210122,False,121221112212222101221002202011,False,1212211122122221012210022020111222100020,False,12122111221222210122100220201112221000200112220112,False,121221112212222101221002202011122210002001122201122201011121,False,1212211122122221012210022020111222100020011222011222010111210202020121,False
21896,21896,0.837884200632043,0011001111,2111210012,False,21112100121122201212,False,211121001211222012120110122220,False,2111210012112220121201101222200122010022,False,21112100121122201212011012222001220100220201212201,False,211121001211222012120110122220012201002202012122012121120010,False,2111210012112220121201101222200122010022020121220121211200101222222211,False
21950,21950,0.908090893490744,1010011111,2201012221,False,22010122212102200111,False,220101222121022001110210022121,False,2201012221210220011102100221210220020211,False,22010122212102200111021002212102200202112121220210,False,220101222121022001110210022121022002021121212202102100000022,False,2201012221210220011102100221210220020211212122021021000000220110210102,False
21996,21996,0.930859557777786,0000011001,2210002000,False,22100020002111222110,False,221000200021112221101210102011,False,2210002000211122211012101020110102020121,False,22100020002111222110121010201101020201211020211102,False,221000200021112221101210102011010202012110202111022120220221,False,2210002000211122211012101020110102020121102021110221202202211222022022,False
22034,22034,0.906190193493169,1110100011,2201001211,False,22010012111101211221,False,220100121111012112211012110020,False,2201001211110121122110121100200221011221,False,22010012111101211221101211002002210112210112001020,False,220100121111012112211012110020022101122101120010202100122200,False,2201001211110121122110121100200221011221011200102021001222002010121002,False
22056,22056,0.786644772065233,1000100101,2101002000,False,21010020002001110101,False,210100200020011101011102020021,False,2101002000200111010111020200210111021021,False,21010020002001110101110202002101110210212202200220,False,210100200020011101011102020021011102102122022002200101021100,False,2101002000200111010111020200210111021021220220022001010211002212200202,False
22058,22058,0.048504279208148,1001101111,1001110220,False,10011102200220122111,False,100111022002201221111221222210,False,1001110220022012211112212222100112220020,False,10011102200220122111122122221001122200201120012101,False,100111022002201221111221222210011222002011200121012011120021,False,1001110220022012211112212222100112220020112001210120111200211021112022,False
22088,22088,0.976396886351871,1001110011,2220221000,False,22202210001111122000,False,222022100011111220000101002011,False,2220221000111112200001010020110012202220,False,22202210001111122000010100201100122022202012201120,False,222022100011111220000101002011001220222020122011200102221020,False,2220221000111112200001010020110012202220201220112001022210200112111022,False
22110,22110,0.856851464923934,0000010101,2120012202,False,21200122020011220021,False,212001220200112200210020021000,False,2120012202001122002100200210001010011110,False,21200122020011220021002002100010100111101020110101,False,212001220200112200210020021000101001111010201101012220002211,False,2120012202001122002100200210001010011110102011010122200022112002121002,False
22112,22112,0.118710972066849,0000111111,1010202112,False,10102021122202011210,False,101020211222020112100102210010,False,1010202112220201121001022100100111101222,False,10102021122202011210010221001001111012221112212111,False,101020211222020112100102210010011110122211122121112121201021,False,1010202112220201121001022100100111101222111221211121212010210021011011,False
22248,22248,0.925157457785061,0110110001,2202121101,False,22021211010011222101,False,220212110100112221011101100012,False,2202121101001122210111011000121001010112,False,22021211010011222101110110001210010101120021112222,False,220212110100112221011101100012100101011200211122220101201212,False,2202121101001122210111011000121001010112002111222201012012122122002202,False
22256,22256,0.972595486356720,1000010111,2220121010,False,22201210102010120120,False,222012101020101201201201200010,False,2220121010201012012012012000101220022011,False,22201210102010120120120120001012200220110112121212,False,222012101020101201201201200010122002201101121212122020222101,False,2220121010201012012012012000101220022011011212121220202221011210120110,False
22344,22344,0.494413800644975,1001011101,1201110221,False,12011102211010010211,False,120111022110100102110212120221,False,1201110221101001021102121202211200110212,False,12011102211010010211021212022112001102122202121001,False,120111022110100102110212120221120011021222021210010101100020,False,1201110221101001021102121202211200110212220212100101011000201020010002,False
22358,22358,0.327430350645379,1001000011,1102200121,False,11022001210220000112,False,110220012102200001121021021222,False,1102200121022000011210210212220102010012,False,11022001210220000112102102122201020100120211011200,False,110220012102200001121021021222010201001202110112002111010212,False,1102200121022000011210210212220102010012021101120021110102122021002220,False
22364,22364,0.113008872074123,0101100111,1010120100,False,10101201002121222102,False,101012010021212221021012002121,False,1010120100212122210210120021212221210012,False,10101201002121222102101200212122212100120111112001,False,101012010021212221021012002121222121001201111120010122001101,False,1010120100212122210210120021212221210012011111200101220011012022021121,False
22644,22644,0.773339872082206,1010111001,2100010220,False,21000102202122120211,False,210001022021221202110111002101,False,2100010220212212021101110021012120002010,False,21000102202122120211011100210121200020102201012221,False,210001022021221202110111002101212000201022010122211001012012,False,2100010220212212021101110021012120002010220101222110010120122200000222,False
22734,22734,0.557017693513375,1001110001,1211210021,False,12112100212101010100,False,121121002121010101000222111202,False,1211210021210101010002221112021120021211,False,12112100212101010100022211120211200212110200102122,False,121121002121010101000222111202112002121102001021220221202201,False,1211210021210101010002221112021120021211020010212202212022010000211110,False
22752,22752,0.913753257799609,1111001001,2201200021,False,22012000212200112111,False,220120002122001121110010101022,False,2201200021220011211100101010220100000221,False,22012000212200112111001010102201000002210020201100,False,220120002122001121110010101022010000022100202011001121122001,False,2201200021220011211100101010220100000221002020110011211220011022220111,False
22914,22914,0.124373336375714,0000101001,1010221201,False,10102212012112212101,False,101022120121122121011202212201,False,1010221201211221210112022122010202201121,False,10102212012112212101120221220102022011210101011221,False,101022120121122121011202212201020220112101010112210210222120,False,1010221201211221210112022122010202201121010101122102102221200102210020,False
22916,22916,0.386232843518629,0001111011,1112021022,False,11120210221101211012,False,111202102211012110120100211121,False,1112021022110121101201002111212000122010,False,11120210221101211012010021112120001220101111120120,False,111202102211012110120100211121200012201011111201202002022102,False,1112021022110121101201002111212000122010111112012020020221020120201100,False
23004,23004,0.908051157806883,0001100001,2201012212,False,22010122121102221112,False,220101221211022211121210102020,False,2201012212110222111212101020200220221200,False,22010122121102221112121010202002202212001112021220,False,220101221211022211121210102020022022120011120212200112102200,False,2201012212110222111212101020200220221200111202122001121022000011112100,False
23030,23030,0.312224750664776,0110101111,1102001022,False,11020010220011111121,False,110200102200111111212112020210,False,1102001022001111112121120202101101120121,False,11020010220011111121211202021011011201212122210220,False,110200102200111111212112020210110112012121222102201122021001,False,1102001022001111112121120202101101120121212221022011220210012202221020,False
23058,23058,0.978257850665585,1110010001,2221002101,False,22210021010202202002,False,222100210102022020022102112100,False,2221002101020220200221021121000010012100,False,22210021010202202002210211210000100121000012100010,False,222100210102022020022102112100001001210000121000100200002101,False,2221002101020220200221021121000010012100001210001002000021010100002100,False
23328,23328,0.329291314959093,1110000001,1102202202,False,11022022020001111200,False,110220220200011112000110212220,False,1102202202000111120001102122202202202200,False,11022022020001111200011021222022022022001012101011,False,110220220200011112000110212220220220220010121010110201220101,False,1102202202000111120001102122202202202200101210101102012201010010110000,False
23384,23384,0.661357514960709,1101010011,2001211120,False,20012111200112122122,False,200121112001121221221012101012,False,2001211120011212212210121010122202001111,False,20012111200112122122101210101222020011112012112222,False,200121112001121221221012101012220200111120121122220021220220,False,2001211120011212212210121010122202001111201211222200212202201020222001,False
23516,23516,0.944084986393091,0011101111,2211011200,False,22110112002112200122,False,221101120021122001220020221210,False,2211011200211220012200202212100210000200,False,22110112002112200122002022121002100002000111000000,False,221101120021122001220020221210021000020001110000000202000212,False,2211011200211220012200202212100210000200011100000002020002121120220110,False
23714,23714,0.868176193541663,0010010111,2121002010,False,21210020102012010211,False,212100201020120102112200111000,False,2121002010201201021122001110002101001022,False,21210020102012010211220011100021010010221121220221,False,212100201020120102112200111000210100102211212202212111100111,False,2121002010201201021122001110002101001022112122022121111001111111000010,False
23748,23748,0.319787814971216,0001101101,1102100212,False,11021002121102211120,False,110210021211022111201002012201,False,1102100212110221112010020122010021101200,False,11021002121102211120100201220100211012001001000120,False,110210021211022111201002012201002110120010010001201120020020,False,1102100212110221112010020122010021101200100100012011200200202102021010,False
23940,23940,0.458300500691044,0101011001,1122200010,False,11222000101011002121,False,112220001010110021211122202211,False,1122200010101100212111222022110022120111,False,11222000101011002121112220221100221201110122222022,False,112220001010110021211122202211002212011101222220221110021222,False,1122200010101100212111222022110022120111012222202211100212221222201020,False
24212,24212,0.071193472127467,1001011011,1002012022,False,10020120220212122220,False,100201202202121222201111102110,False,1002012022021212222011111021100101200102,False,10020120220212122220111110211001012001020011102210,False,100201202202121222201111102110010120010200111022101112011201,False,1002012022021212222011111021100101200102001110221011120112012000200122,False
24356,24356,0.925077986417338,0010010011,2202121012,False,22021210120221100211,False,220212101202211002110011101211,False,2202121012022110021100111012112021020000,False,22021210120221100211001110121120210200001210011112,False,220212101202211002110011101211202102000012100111122202011121,False,2202121012022110021100111012112021020000121001111222020111210202100012,False
24362,24362,0.710656507846083,1101110111,2011221110,False,20112211101121001002,False,201122111011210010021021110220,False,2011221110112100100210211102200221101002,False,20112211101121001002102111022002211010021102001121,False,201122111011210010021021110220022110100211020011210100121022,False,2011221110112100100210211102200221101002110200112101001210220112001221,False
24374,24374,0.281813550703572,1011111011,1100210112,False,11002101122000000111,False,110021011220000001110102222211,False,1100210112200000011101022222110200110200,False,11002101122000000111010222221102001102002122020012,False,110021011220000001110102222211020011020021220200120102102012,False,1100210112200000011101022222110200110200212202001201021020122101122212,False
24450,24450,0.232474822134337,0001111101,1021212010,False,10212120100221010222,False,102121201002210102221201222220,False,1021212010022101022212012222202010020121,False,10212120100221010222120122222020100201210202022022,False,102121201002210102221201222220201002012102020220220100001220,False,1021212010022101022212012222202010020121020202202201000012201122101111,False
24588,24588,0.300780814995463,1111111001,1101120110,False,11011201101112210021,False,110112011011122100211211020121,False,1101120110111221002112110201212222000212,False,11011201101112210021121102012122220002122112112212,False,110112011011122100211211020121222200021221121122121120000102,False,1101120110111221002112110201212222000212211211221211200001020222222220,False
24632,24632,0.061689972139591,1100000111,1001220010,False,10012200100200022110,False,100122001002000221100201001112,False,1001220010020002211002010011121120100010,False,10012200100200022110020100111211201000102122010220,False,100122001002000221100201001112112010001021220102202020211101,False,1001220010020002211002010011121120100010212201022020202111012200110212,False
24644,24644,0.632847014997080,1001001011,2000010002,False,20000100020000102001,False,200001000200001020011101010200,False,2000010002000010200111010102000022010222,False,20000100020000102001110101020000220102221010100122,False,200001000200001020011101010200002201022210101001222011211000,False,2000010002000010200111010102000022010222101010012220112110002200210000,False
24806,24806,0.843467093573185,0011101011,2112012110,False,21120121101201020012,False,211201211012010200122102000212,False,2112012110120102001221020002120022021110,False,21120121101201020012210200021200220211100002200012,False,211201211012010200122102000212002202111000022000120211011000,False,2112012110120102001221020002120022021110000220001202110110002110220102,False
24812,24812,0.629045615001929,1101001111,1222212222,False,12222122221210112020,False,122221222212101120201202101100,False,1222212222121011202012021011000202112112,False,12222122221210112020120210110002021121122112010001,False,122221222212101120201202101100020211211221120100010111111111,False,1222212222121011202012021011000202112112211201000101111111112221212022,False
24858,24858,0.651814279288971,0101101001,2001020211,False,20010202111222000220,False,200102021112220002201022122101,False,2001020211122200022010221221011022020220,False,20010202111222000220102212210110220202201011122012,False,200102021112220002201022122101102202022010111220121101111011,False,2001020211122200022010221221011022020220101112201211011110110120010211,False
25118,25118,0.693550207867905,0001000111,2010211211,False,20102112111121112111,False,201021121111211121112122021001,False,2010211211112111211121220210012102210021,False,20102112111121112111212202100121022100210000020020,False,201021121111211121112122021001210221002100000200200022222211,False,2010211211112111211121220210012102210021000002002000222222111221101200,False
25164,25164,0.716318872154947,1000110001,2012022101,False,20120221012000000112,False,201202210120000001121021120211,False,2012022101200000011210211202110111020012,False,20120221012000000112102112021101110200120000100110,False,201202210120000001121021120211011102001200001001100001002021,False,2012022101200000011210211202110111020012000010011000010020210121022111,False
25182,25182,0.073054436441181,0110001001,1002020220,False,10020202202120000011,False,100202022021200000110220102120,False,1002020220212000001102201021201101001001,False,10020202202120000011022010212011010010011122002020,False,100202022021200000110220102120110100100111220020201001000211,False,1002020220212000001102201021201101001001112200202010010002110100101222,False
25434,25434,0.067352336448455,0000100001,1002001222,False,10020012221222201212,False,100200122212222012120010111000,False,1002001222122220121200101110001001001200,False,10020012221222201212001011100010010012000120200110,False,100200122212222012120010111000100100120001202001100012120012,False,1002001222122220121200101110001001001200012020011000121200120001211102,False
25436,25436,0.329211843591370,0001100011,1102202122,False,11022021221122122110,False,110220212211221221102011122100,False,1102202122112212211020111221001101102020,False,11022021221122122110201112210011011020200202220121,False,110220212211221221102011122100110110202002022201210021102020,False,1102202122112212211020111221001101102020020222012100211020202002102220,False
25458,25458,0.209666422163434,0111100101,1020222211,False,10202222111111112120,False,102022221111111121201210100011,False,1020222211111111212012101000112221001202,False,10202222111111112120121010001122210012022000100021,False,102022221111111121201210100011222100120220001000212022122100,False,1020222211111111212012101000112221001202200010002120221221002021120112,False
25530,25530,0.636608679308369,0110001101,2000100010,False,20001000101002221200,False,200010001010022212000002112101,False,2000100010100222120000021121011222211210,False,20001000101002221200000211210112222112101201212122,False,200010001010022212000002112101122221121012012121220002211220,False,2000100010100222120000021121011222211210120121212200022112202212120220,False
25674,25674,0.490493193598240,1110110101,1201021112,False,12010211122020011001,False,120102111220200110011202001001,False,1201021112202001100112020010012111202012,False,12010211122020011001120200100121112020121110111012,False,120102111220200110011202001001211120201211101110121011122122,False,1201021112202001100112020010012111202012111011101210111221222011112222,False
25820,25820,0.606237215031026,0111110111,1221112222,False,12211122221100122120,False,122111222211001221201002021022,False,1221112222110012212010020210221101121100,False,12211122221100122120100202102211011211000101011121,False,122111222211001221201002021022110112110001010111212122110220,False,1221112222110012212010020210221101121100010101112121221102200001110101,False
26016,26016,0.268468915036684,1101001101,1100021002,False,11000210020202201112,False,110002100202022011122121120211,False,1100021002020220111221211202110121210011,False,11000210020202201112212112021101212100112212212110,False,110002100202022011122121120211012121001122122121100200121100,False,1100021002020220111221211202110121210011221221211002001211000100120011,False
26090,26090,0.957270679324534,0110000111,2212021201,False,22120212010100202121,False,221202120101002021210002120010,False,2212021201010020212100021200101221210022,False,22120212010100202121000212001012212100221011001221,False,221202120101002021210002120010122121002210110012210210100122,False,2212021201010020212100021200101221210022101100122102101001222102010121,False
26160,26160,0.122353429326555,1101110101,1010212212,False,10102122122111101222,False,101021221221111012221021110021,False,1010212212211110122210211100210020020201,False,10102122122111101222102111002100200202011201111211,False,101021221221111012221021110021002002020112011112110211100202,False,1010212212211110122210211100210020020201120111121102111002020201210002,False
26270,26270,0.524626322186873,0111001111,1210001021,False,12100010212200122002,False,121000102122001220020221212111,False,1210001021220012200202212121110202012110,False,12100010212200122002022121211102020121101120210101,False,121000102122001220020221212111020201211011202101010120100212,False,1210001021220012200202212121110202012110112021010101201002120001011111,False
26324,26324,0.594833015045574,1110011111,1220220022,False,12202200221022111002,False,122022002210221110022111100122,False,1220220022102211100221111001222010210102,False,12202200221022111002211110012220102101021002201112,False,122022002210221110022111100122201021010210022011122101100022,False,1220220022102211100221111001222010210102100220111221011000221001010020,False
26430,26430,0.473386893620063,0100100101,1200102021,False,12001020211212111101,False,120010202112121111012121022100,False,1200102021121211110121210221001120001111,False,12001020211212111101212102210011200011110210220021,False,120010202112121111012121022100112000111102102200211021221011,False,1200102021121211110121210221001120001111021022002110212210112211101120,False
26432,26432,0.735246400762977,1101101111,2020120001,False,20201200010111022212,False,202012000101110222121110202010,False,2020120001011102221211102020102002001222,False,20201200010111022212111020201020020012222002012100,False,202012000101110222121110202010200200122220020121002201120120,False,2020120001011102221211102020102002001222200201210022011201201202212002,False
26462,26462,0.663139007906701,1101110011,2001221111,False,20012211112202211121,False,200122111122022111211210011211,False,2001221111220221112112100112110010011111,False,20012211112202211121121001121100100111111210022100,False,200122111122022111211210011211001001111112100221000020102220,False,2001221111220221112112100112110010011111121002210000201022202200012100,False
26486,26486,0.805453093621679,0100111111,2102102010,False,21021020102201210011,False,210210201022012100112001111212,False,2102102010220121001120011112122212000221,False,21021020102201210011200111121222120002211220121000,False,210210201022012100112001111212221200022112201210002212010000,False,2102102010220121001120011112122212000221122012100022120100002112220001,False
26630,26630,0.659337607911550,1100010111,2001201012,False,20012010122212022202,False,200120101222120222021111012020,False,2001201012221202220211110120201021010210,False,20012010122212022202111101202010210102101102210212,False,200120101222120222021111012020102101021011022102120220112221,False,2001201012221202220211110120201021010210110221021202201122212000110211,False
26718,26718,0.181155922199804,0101011101,1012221112,False,10122211120222022120,False,101222111202220221202110201200,False,1012221112022202212021102012000000011120,False,10122211120222022120211020120000000111202210210010,False,101222111202220221202110201200000001112022102100102010102000,False,1012221112022202212021102012000000011120221021001020101020002220212112,False
26732,26732,0.014172472200209,1101000011,1000102102,False,10001021022120221201,False,100010210221202212010110110100,False,1000102102212022120101101101002100012211,False,10001021022120221201011011010021000122110111012212,False,100010210221202212010110110100210001221101110122120111101120,False,1000102102212022120101101101002100012211011101221201111011201102112121,False
26804,26804,0.441114729345144,0000111011,1121211120,False,11212111200220101200,False,112121112002201012001002102221,False,1121211120022010120010021022211102002020,False,11212111200220101200100210222111020020202021122022,False,112121112002201012001002102221110200202020211220221011100101,False,1121211120022010120010021022211102002020202112202210111001011221121100,False
26810,26810,0.226693250773889,1011011111,1021122011,False,10211220111021021102,False,102112201110210211022112021002,False,1021122011102102110221120210022101002110,False,10211220111021021102211202100221010021100000201000,False,102112201110210211022112021002210100211000002010000212202202,False,1021122011102102110221120210022101002110000020100002122022021020120021,False
26894,26894,0.224792550776313,1011100011,1021120012,False,10211200122021002001,False,102112001220210020011101021220,False,1021120012202100200111010212200110002010,False,10211200122021002001110102122001100020101220201201,False,102112001220210020011101021220011000201012202012011001122210,False,1021120012202100200111010212200110002010122020120110011222101002022000,False
26972,26972,0.437313329349993,0001111111,1121122122,False,11211221220100211201,False,112112212201002112010122200010,False,1121122122010021120101222000100202222222,False,11211221220100211201012220001002022222220120021101,False,112112212201002112010122200010020222222201200211011221000210,False,1121122122010021120101222000100202222222012002110112210002102012000201,False
27018,27018,0.460081993637036,0110111001,1122202111,False,11222021110112202201,False,112220211101122022011211002021,False,1122202111011220220112110020211112020110,False,11222021110112202201121100202111120201100001221002,False,112220211101122022011211002021111202011000012210022112020010,False,1122202111011220220112110020211112020110000122100221120200102120002221,False
27108,27108,0.243759815068205,0101110001,1022021212,False,10220212120220122020,False,102202121202201220201101120201,False,1022021212022012202011011202012220221101,False,10220212120220122020110112020122202211011211122112,False,102202121202201220201101120201222022110112111221122010210012,False,1022021212022012202011011202012220221101121112211220102100122201221220,False
27116,27116,0.291197843639864,0001010111,1101011211,False,11010112111222121211,False,110101121112221212111002121000,False,1101011211122212121110021210002010111102,False,11010112111222121211100212100020101111020212122021,False,110101121112221212111002121000201011110202121220210011112200,False,1101011211122212121110021210002010111102021212202100111122001200120202,False
27290,27290,0.072974965073458,0101111011,1002020211,False,10020202112222011221,False,100202021122220112210102212212,False,1002020211222201122101022122121201110120,False,10020202112222011221010221221212011101201201012122,False,100202021122220112210102212212120111012012010121222110221211,False,1002020211222201122101022122121201110120120101212221102212110220102002,False
27434,27434,0.926859479363329,0010110011,2202202010,False,22022020102120020100,False,220220201021200201000001011100,False,2202202010212002010000010111000210222101,False,22022020102120020100000101110002102221010122001121,False,220220201021200201000001011100021022210101220011212000112120,False,2202202010212002010000010111000210222101012200112120001121200002212212,False
27474,27474,0.164049622221627,1011001101,1012022222,False,10120222220112101022,False,101202222201121010221002120001,False,1012022222011210102210021200010020202101,False,10120222220112101022100212000100202021012201112001,False,101202222201121010221002120001002020210122011120010112220022,False,1012022222011210102210021200010020202101220111200101122200220021111000,False
27618,27618,0.017934136511498,1011110101,1000112111,False,10001121111221220102,False,100011211112212201021220100102,False,1000112111122122010212201001021202112222,False,10001121111221220102122010010212021122221222022002,False,100011211112212201021220100102120211222212220220022222101100,False,1000112111122122010212201001021202112222122202200222221011002101002221,False
27636,27636,0.374669700797732,1110101101,1111202020,False,11112020202001100222,False,111120202020011002220101010110,False,1111202020200110022201010101100211222212,False,11112020202001100222010101011002112222120200212021,False,111120202020011002220101010110021122221202002120210112010002,False,1111202020200110022201010101100211222212020021202101120100020202202221,False
27704,27704,0.277892943656837,0010000011,1100122021,False,11001220211010001122,False,110012202110100011222210001022,False,1100122021101000112222100010220112121012,False,11001220211010001122221000102201121210122122110121,False,110012202110100011222210001022011212101221221101210100122222,False,1100122021101000112222100010220112121012212211012101001222221111220121,False
27710,27710,0.063471465085582,1010100111,1001221122,False,10012211221110202022,False,100122112211102020221111022000,False,1001221122111020202211110220002101112110,False,10012211221110202022111102200021011121102221110121,False,100122112211102020221111022000210111211022211101212012122012,False,1001221122111020202211110220002101112110222111012120121220121211022210,False
27828,27828,0.513182386517560,1010011001,1202110002,False,12021100020211122102,False,120211000202111221021220120210,False,1202110002021112210212201202100012011121,False,12021100020211122102122012021000120111212212101221,False,120211000202111221021220120210001201112122121012211010202112,False,1202110002021112210212201202100012011121221210122110102021122211110010,False
27888,27888,0.368967600805006,0010100101,1111111101,True,11111111010111211111,False,111111110101112111110112121020,False,1111111101011121111101121210200022211102,False,11111111010111211111011212102000222111021001001122,False,111111110101112111110112121020002221110210010011220101200222,False,1111111101011121111101121210200022211102100100112201012002221020201001,False
27890,27890,0.630827107947921,0111101111,1222222211,False,12222222111200102222,False,122222221112001022221201110122,False,1222222211120010222212011101220102202220,False,12222222111200102222120111012201022022200101102011,False,122222221112001022221201110122010220222001011020112112021022,False,1222222211120010222212011101220102202220010110201121120210220122221101,False
27918,27918,0.296860207948729,1101010001,1101102002,False,11011020022101012002,False,110110200221010120020020012120,False,1101102002210101200200200121201102002101,False,11011020022101012002002001212011020021011011002121,False,110110200221010120020020012120110200210110110021210121110220,False,1101102002210101200200200121201102002101101100212101211102200210210222,False
28088,28088,0.554918315096493,0110010111,1211200012,False,12112000120112012120,False,121120001201120121202221222210,False,1211200012011201212022212222101021012222,False,12112000120112012120222122221010210122220001110212,False,121120001201120121202221222210102101222200011102120000020120,False,1211200012011201212022212222101021012222000111021200000201200111210212,False
28098,28098,0.864215850811068,1000001001,2120202220,False,21202022202210211211,False,212020222022102112110021000210,False,2120202220221021121100210002100111101212,False,21202022202210211211002100021001111012120112021222,False,212020222022102112110021000210011110121201120212221021020012,False,2120202220221021121100210002100111101212011202122210210200122121001202,False
28100,28100,0.126075357953982,1000011011,1011000022,False,10110000220020201010,False,101100002200202010102110010100,False,1011000022002020101021100101001012221211,False,10110000220020201010211001010010122212110220100112,False,101100002200202010102110010100101222121102201001122020012202,False,1011000022002020101021100101001012221211022010011220200122021211010210,False
28176,28176,0.076736629384748,0011011101,1002101010,False,10021010100220122110,False,100210101002201221101102012012,False,1002101010022012211011020120122020011210,False,10021010100220122110110201201220200112100101200102,False,100210101002201221101102012012202001121001012001020012011111,False,1002101010022012211011020120122020011210010120010200120111110212220022,False
28188,28188,0.647893672242237,1101000001,2001000102,False,20010001021121021100,False,200100010211210211000000222100,False,2001000102112102110000002221000210020000,False,20010001021121021100000022210002100200002112210011,False,200100010211210211000000222100021002000021122100110211102020,False,2001000102112102110000002221000210020000211221001102111020202111220120,False
28250,28250,0.765538393672598,0000110111,2022121101,False,20221211010002111221,False,202212110100021112212001011210,False,2022121101000211122120010112102102001000,False,20221211010002111221200101121021020010002200011010,False,202212110100021112212001011210210200100022000110100101221112,False,2022121101000211122120010112102102001000220001101001012211121100100001,False
28262,28262,0.336695436530087,1010111011,1110002021,False,11100020212112120202,False,111000202121121202021010222102,False,1110002021211212020210102221020102212021,False,11100020212112120202101022210201022120211220101012,False,111000202121121202021010222102010221202112201010121010212111,False,1110002021211212020210102221020102212021122010101210102121111120222010,False
28338,28338,0.287356707960853,1110111101,1101000121,False,11010001211120202012,False,110100012111202020120012022011,False,1101000121112020201200120220112022022221,False,11010001211120202012001202201120220222212102221102,False,110100012111202020120012022011202202222121022211021121020112,False,1101000121112020201200120220112022022221210222110211210201120111002210,False
28374,28374,0.000827836533320,0001100101,1000000122,False,10000001222201122120,False,100000012222011221201010002020,False,1000000122220112212010100020201111001102,False,10000001222201122120101000202011110011021121011102,False,100000012222011221201010002020111100110211210111022100220220,False,1000000122220112212010100020201111001102112101110221002202200112010101,False
28446,28446,0.427770093678256,0000001101,1121012100,False,11210121000122212210,False,112101210001222122100101112000,False,1121012100012221221001011120001022010220,False,11210121000122212210010111200010220102200010212011,False,112101210001222122100101112000102201022000102120112000112122,False,1121012100012221221001011120001022010220001021201120001121222002002012,False
28532,28532,0.687728900823595,1000001011,2010110212,False,20101102122010101220,False,201011021220101012202012102012,False,2010110212201010122020121020122021100100,False,20101102122010101220201210201220211001001011202012,False,201011021220101012202012102012202110010010112020122012021111,False,2010110212201010122020121020122021100100101120201220120211112000110222,False
28586,28586,0.757935593682297,1101011011,2022002022,False,20220020221020010102,False,202200202210200101021112102021,False,2022002022102001010211121020211012211122,False,20220020221020010102111210202110122111220201200012,False,202200202210200101021112102021101221112202012000120001212022,False,2022002022102001010211121020211012211122020120001200012120221110012201,False
28590,28590,0.281654607968127,1000110101,1100210100,False,11002101002221122000,False,110021010022211220002110112200,False,1100210100222112200021101122001011110102,False,11002101002221122000211011220010111101020122122202,False,110021010022211220002110112200101111010201221222022221002211,False,1100210100222112200021101122001011110102012212220222210022110002020101,False
28694,28694,0.898348979399700,0010101011,2200102220,False,22001022201201200210,False,220010222012012002101200101101,False,2200102220120120021012001011012221102212,False,22001022201201200210120010110122211022120011212001,False,220010222012012002101200101101222110221200112120011111202112,False,2200102220120120021012001011012221102212001121200111112021120210010211,False
28730,28730,0.611820107972168,0110010011,1221212201,False,12212122010111002020,False,122121220101110020201221021200,False,1221212201011100202012210212000112222222,False,12212122010111002020122102120001122222221000101001,False,122121220101110020201221021200011222222210001010010202000212,False,1221212201011100202012210212000112222222100010100102020002120021212020,False
28746,28746,0.706696165115487,1010101001,2011200112,False,20112001122221112222,False,201120011222211122221021221022,False,2011200112222111222210212210221022122010,False,20112001122221112222102122102210221220101200110222,False,201120011222211122221021221022102212201012001102221010201112,False,2011200112222111222210212210221022122010120011022210102011121002101112,False
28748,28748,0.968555672258402,1111111011,2220020201,False,22200202012221001222,False,222002020122210012220201120202,False,2220020201222100122202011202020202111211,False,22200202012221001222020112020202021112112020122022,False,222002020122210012220201120202020211121120201220220111222001,False,2220020201222100122202011202020202111211202012202201112220010110012001,False
28836,28836,0.490373986546656,1011100001,1201021101,False,12010211010222021201,False,120102110102220212010101121012,False,1201021101022202120101011210121002112121,False,12010211010222021201010112101210021121210112111100,False,120102110102220212010101121012100211212101121111000100210202,False,1201021101022202120101011210121002112121011211110001002102020222221010,False
29018,29018,0.319589136551910,1101001011,1102100122,False,11021001221010102001,False,110210012210101020011121100200,False,1102100122101010200111211002001111200021,False,11021001221010102001112110020011112000211102200021,False,110210012210101020011121100200111120002111022000211012212010,False,1102100122101010200111211002001111200021110220002110122120100111100212,False
29180,29180,0.530209215128015,0111101011,1210100021,False,12101000211011202110,False,121010002110112021102002210111,False,1210100021101120211020022101110111121020,False,12101000211011202110200221011101111210200120021222,False,121010002110112021102002210111011112102001200212221110221020,False,1210100021101120211020022101110111121020012002122211102210200220012212,False
29324,29324,0.384093729417886,1000100011,1112011200,False,11120112002112110002,False,111201120021121100021222101120,False,1112011200211211000212221011200020002021,False,11120112002112110002122210112000200020212211021220,False,111201120021121100021222101120002000202122110212202001222110,False,1112011200211211000212221011200020002021221102122020012221100000201222,False
29376,29376,0.192440915133672,0011010001,1020100121,False,10201001212211020020,False,102010012122110200202011112110,False,1020100121221102002020111121102001021222,False,10201001212211020020201111211020010212221021200100,False,102010012122110200202011112110200102122210212001001202222110,False,1020100121221102002020111121102001021222102120010012022221100222101221,False
29492,29492,0.380292329422735,0101000111,1112000001,False,11120000012020221022,False,111200000120202210221021111000,False,1112000001202022102210211110000121021021,False,11120000012020221022102111100001210210210111221012,False,111200000120202210221021111000012102102101112210122200222201,False,1112000001202022102210211110000121021021011122101222002222010210012012,False
29538,29538,0.403060993709777,0100110001,1120001002,False,11200010022121020221,False,112000100221210202210122222100,False,1120001002212102022101222221001111102212,False,11200010022121020221012222210011111022121021111211,False,112000100221210202210122222100111110221210211112112111212022,False,1120001002212102022101222221001111102212102111121121112120220120221210,False
29646,29646,0.543474379427180,0011000001,1211001102,False,12110011022020201121,False,121100110220202011210010211122,False,1211001102202020112100102111220101211211,False,12110011022020201121001021112201012112111211020022,False,121100110220202011210010211122010121121112110200222202012120,False,1211001102202020112100102111220101211211121102002222020121200211211120,False
29772,29772,0.040623329430817,1111011001,1001020021,False,10010200211000011010,False,100102002110000110101210001020,False,1001020021100001101012100010201122012222,False,10010200211000011010121000102011220122222020010002,False,100102002110000110101210001020112201222220200100021112011111,False,1001020021100001101012100010201122012222202001000211120111112102000102,False
29810,29810,0.015953965146200,0101100011,1000110220,False,10001102200002101021,False,100011022000021010212212011111,False,1000110220000210102122120111110002011210,False,10001102200002101021221201111100020112102201121202,False,100011022000021010212212011111000201121022011212021121022210,False,1000110220000210102122120111110002011210220112120211210222101012201120,False
29934,29934,0.251243408006922,1000111001,1022120201,False,10221202012002021121,False,102212020120020211210202010210,False,1022120201200202112102020102101220022022,False,10221202012002021121020201021012200220222102002221,False,102212020120020211210202010210122002202221020022212022012122,False,1022120201200202112102020102101220022022210200222120220121222210111122,False
30042,30042,0.391656793724325,1101001001,1112111222,False,11121112220211211121,False,111211122202112111210110102021,False,1112111222021121112101101020212011020011,False,11121112220211211121011010202120110200110110101222,False,111211122202112111210110102021201102001101101012220111000222,False,1112111222021121112101101020212011020011011010122201110002222021112210,False
30158,30158,0.579508208013388,1010001111,1220000220,False,12200002202022112200,False,122000022020221122000012101220,False,1220000220202211220000121012200011000002,False,12200002202022112200001210122000110000022211201210,False,122000022020221122000012101220001100000222112012100021200121,False,1220000220202211220000121012200011000002221120121000212001210012210212,False
30348,30348,0.456161386590301,1100010001,1122120021,False,11221200212211101220,False,112212002122111012201000211211,False,1122120021221110122010002112110200201012,False,11221200212211101220100021121102002010120210110101,False,112212002122111012201000211211020020101202101101011112100221,False,1122120021221110122010002112110200201012021011010111121002212022200212,False
30552,30552,0.165831115167618,1000101101,1012101200,False,10121012001001122021,False,101210120010011220210010100221,False,1012101200100112202100101002211210020122,False,10121012001001122021001010022112100201220001010211,False,101210120010011220210010100221121002012200010102111010000021,False,1012101200100112202100101002211210020122000101021110100000211021100001,False
30618,30618,0.807194850883809,1100000001,2102112112,False,21021121120201221001,False,210211211202012210011102200001,False,2102112112020122100111022000012101100202,False,21021121120201221001110220000121011002021222200102,False,210211211202012210011102200001210110020212222001021222121011,False,2102112112020122100111022000012101100202122220010212221210112022110100,False
30690,30690,0.234137108028745,1111101001,1021220211,False,10212202112021100100,False,102122021120211001002020102211,False,1021220211202110010020201022111000022201,False,10212202112021100100202010221110000222012202222201,False,102122021120211001002020102211100002220122022222012110211022,False,1021220211202110010020201022111000022201220222220121102110222111201221,False
31112,31112,0.486493115183783,1001100111,1201002001,False,12010020012102022010,False,120100200121020220102001221121,False,1201002001210202201020012211212021220102,False,12010020012102022010200122112120212201021222002111,False,120100200121020220102001221121202122010212220021112202201102,False,1201002001210202201020012211212021220102122200211122022011021201100022,False
31178,31178,0.127856850899974,0100111011,1011001221,False,10110012211010010200,False,101100122110100102002000100011,False,1011001221101001020020001000110201022021,False,10110012211010010200200010001102010220210020102110,False,101100122110100102002000100011020102202100201021102100110200,False,1011001221101001020020001000110201022021002010211021001102002000201220,False
31184,31184,0.913435372328719,1111011111,2201122121,False,22011221210102102202,False,220112212101021022020202210201,False,2201122121010210220202022102010010202120,False,22011221210102102202020221020100102021202100020012,False,220112212101021022020202210201001020212021000200120220110002,False,2201122121010210220202022102010010202120210002001202201100020210202020,False
31254,31254,0.078518122330739,1000111101,1002102200,False,10021022000202210112,False,100210220002022101120120221212,False,1002102200020221011201202212120010011100,False,10021022000202210112012022121200100111002022002222,False,100210220002022101120120221212001001110020220022220101000202,False,1002102200020221011201202212120010011100202200222201010002022222101220,False
31266,31266,0.649675165188228,1010100001,2001010100,False,20010101000022121200,False,200101010000221212000112201221,False,2001010100002212120001122012211001002212,False,20010101000022121200011220122110010022121200122202,False,200101010000221212000112201221100100221212001222022012002010,False,2001010100002212120001122012211001002212120012220220120020101221122220,False
31268,31268,0.911534672331143,1111100011,2201111110,False,22011111100102111020,False,220111111001021110200201122120,False,2201111110010211102002011221202101110211,False,22011111100102111020020112212021011102111020212200,False,220111111001021110200201122120210111021110202122001220202211,False,2201111110010211102002011221202101110211102021220012202022112121012212,False
31346,31346,0.124055450904823,0101111111,1010221102,False,10102211022220122222,False,101022110222201222222110110220,False,1010221102222012222221101102200022102002,False,10102211022220122222211011022000221020020110120010,False,101022110222201222222110110220002210200201101200101100220001,False,1010221102222012222221101102200022102002011012001011002200011201112012,False
31490,31490,0.977939965194694,0101010111,2221001122,False,22210011220101002022,False,222100112201010020220121102211,False,2221001122010100202201211022111120120121,False,22210011220101002022012110221111201201211201001201,False,222100112201010020220121102211112012012112010012012211212222,False,2221001122010100202201211022111120120121120100120122112122222211111201,False
31500,31500,0.287237500909269,0011001001,1101000110,True,11010001102222110111,False,110100011022221101111101002210,False,1101000110222211011111010022102211022021,False,11010001102222110111110100221022110220211011101100,False,110100011022221101111101002210221102202110111011000221121000,False,1101000110222211011111010022102211022021101110110002211210002010220012,False
31778,31778,0.685708993774436,1010101111,2010100102,False,20101001022111020112,False,201010010221110201120202222022,False,2010100102211102011202022220222121102002,False,20101001022111020112020222202221211020022211000001,False,201010010221110201120202222022212110200222110000012001112001,False,2010100102211102011202022220222121102002221100000120011120011012110220,False
31806,31806,0.351742093775244,0010010001,1110201212,False,11102012122021121021,False,111020121220211210211110200120,False,1110201212202112102111102001200000221112,False,11102012122021121021111020012000002211121120010001,False,111020121220211210211110200120000022111211200100012011011200,False,1110201212202112102111102001200000221112112001000120110112002022021200,False
31808,31808,0.613601600918159,0110110011,1221222111,False,12212221112001010200,False,122122211120010102002221220202,False,1221222111200101020022212202020001021001,False,12212221112001010200222122020200010210011002011002,False,122122211120010102002221220202000102100110020110020212120021,False,1221222111200101020022212202020001021001100201100202121200210002001021,False
31848,31848,0.850791743776457,0111001101,2112202100,False,21122021000211100002,False,211220210002111000021021222222,False,2112202100021110000210212222222202212102,False,21122021000211100002102122222222022121021020211011,False,211220210002111000021021222222220221210210202110112001100101,False,2112202100021110000210212222222202212102102021101120011001010122220221,False
31878,31878,0.778684350920180,1101111001,2100111221,False,21001112212212212111,False,210011122122122121110220000211,False,2100111221221221211102200002111120100222,False,21001112212212212111022000021111201002221121020012,False,210011122122122121110220000211112010022211210200120200211200,False,2100111221221221211102200002111120100222112102001202002112002011020210,False
31992,31992,0.704676258066328,0111110101,2011120001,False,20111200010102222112,False,201112000101022221120102220210,False,2011120001010222211201022202102201202222,False,20111200010102222112010222021022012022221002220212,False,201112000101022221120102220210220120222210022202120000110012,False,2011120001010222211201022202102201202222100222021200001100121010220011,False
32076,32076,0.702775558068752,0010000001,2011102202,False,20111022020022022000,False,201110220200220220000220112100,False,2011102202002202200002201121000121010221,False,20111022020022022000022011210001210102210022001202,False,201110220200220220000220112100012101022100220012020121120022,False,2011102202002202200002201121000121010221002200120201211200220120022110,False
32078,32078,0.964635065211667,0110000011,2212220122,False,22122201222102001200,False,221222012221020012001012201010,False,2212220122210200120010122010100210112020,False,22122201222102001200101220101002101120201101202022,False,221222012221020012001012201010021011202011012020222211002101,False,2212220122210200120010122010100210112020110120202222110021012202102021,False
32084,32084,0.750213586640412,1110100111,2021120011,False,20211200110012101222,False,202112001100121012222121211202,False,2021120011001210122221212112022202000020,False,20211200110012101222212121120222020000202022211101,False,202112001100121012222121211202220200002020222111012012010020,False,2021120011001210122221212112022202000020202221110120120100200212210120,False
32100,32100,0.845089643783731,1111000101,2112022202,False,21120222020211111001,False,211202220202111110012202120122,False,2112022202021111100122021201221112210221,False,21120222020211111001220212012211122102212202010022,False,211202220202111110012202120122111221022122020100221120022011,False,2112022202021111100122021201221112210221220201002211200220112221120201,False
32202,32202,0.199924508072389,0110011001,1020122001,False,10201220012001202221,False,102012200120012022212001121101,False,1020122001200120222120011211010012022120,False,10201220012001202221200112110100120221200120112021,False,102012200120012022212001121101001202212001201120212201220121,False,1020122001200120222120011211010012022120012011202122012201212121010021,False
32316,32316,0.125916415218537,1110010101,1011000011,True,10110000110101222120,False,101100001101012221200121100011,False,1011000011010122212001211000111000220000,False,10110000110101222120012110001110002200001012211000,False,101100001101012221200121100011100022000010122110002120200001,False,1011000011010122212001211000111000220000101221100021202000011001100001,False
32472,32472,0.550957972365897,0100001001,1211110100,False,12111101002212222121,False,121111010022122221210022011202,False,1211110100221222212100220112020212121200,False,12111101002212222121002201120202121212002202120112,False,121111010022122221210022011202021212120022021201122121222002,False,1211110100221222212100220112020212121200220212011221212220020210011222,False
32474,32474,0.812817479508812,1100011011,2102221111,False,21022211110211222110,False,210222111102112221101101220100,False,2102221111021122211011012201000011111021,False,21022211110211222110110122010000111110210200102201,False,210222111102112221101101220100001111102102001022012111121210,False,2102221111021122211011012201000011111021020010220121111212100001020121,False
32570,32570,0.382073822368726,0011100111,1112002020,False,11120020200221011220,False,111200202002210112201102110001,False,1112002020022101122011021100010111000212,False,11120020200221011220110211000101110002120001201021,False,111200202002210112201102110001011100021200012010211111221112,False,1112002020022101122011021100010111000212000120102111112211121222101121,False
32624,32624,0.452280515227428,0100110111,1122101011,False,11221010112011020210,False,112210101120110202100012211010,False,1122101011201102021000122110102021110210,False,11221010112011020210001221101020211102102100022220,False,112210101120110202100012211010202111021021000222201020021121,False,1122101011201102021000122110102021110210210002222010200211212200221201,False
32636,32636,0.023437558084917,1110111011,1000201000,False,10002010001011222012,False,100020100010112220122012120002,False,1000201000101122201220121200022012102012,False,10002010001011222012201212000220121020121221110111,False,100020100010112220122012120002201210201212211101110021002000,False,1000201000101122201220121200022012102012122111011100210020000121222000,False
32802,32802,0.757776650946852,1101010101,2022002000,False,20220020001112000121,False,202200200011120001211112111020,False,2022002000111200012111121110201002120000,False,20220020001112000121111211102010021200001120002111,False,202200200011120001211112111020100212000011200021112112112021,False,2022002000111200012111121110201002120000112000211121121120211201022022,False
32906,32906,0.374471022378425,1100001011,1111202000,False,11112020000121012210,False,111120200001210122101212201210,False,1111202000012101221012122012100000120110,False,11112020000121012210121220121000001201101202221010,False,111120200001210122101212201210000012011012022210100212010202,False,1111202000012101221012122012100000120110120222101002120102021110100011,False
32940,32940,0.826082643807978,1111110001,2110220121,False,21102201212222212212,False,211022012122222122120221222122,False,2110220121222221221202212221222120101210,False,21102201212222212212022122212221201012101021100011,False,211022012122222122120221222122212010121010211000110220022022,False,2110220121222221221202212221222120101210102110001102200220220021000010,False
32964,32964,0.968396729522957,0100110101,2220020101,False,22200201010001022120,False,222002010100010221201001212211,False,2220020101000102212010012122111100210122,False,22200201010001022120100121221111002101222202122111,False,222002010100010221201001212211110021012222021221112012122222,False,2220020101000102212010012122111100210122220212211120121222220020002001,False
33068,33068,0.585091100954530,0110101011,1220100101,False,12201001011222111000,False,122010010112221110000102102222,False,1220100101122211100001021022221120222110,False,12201001011222111000010210222211202221100220120220,False,122010010112221110000102102222112022211002201202200201221122,False,1220100101122211100001021022221120222110022012022002012211220112220112,False
33072,33072,0.108810115240360,1100000101,1010102120,False,10101021200221200201,False,101010212002212002010020210002,False,1010102120022120020100202100022011110200,False,10101021200221200201002021000220111102000212120102,False,101010212002212002010020210002201111020002121201021002211012,False,1010102120022120020100202100022011110200021212010210022110120112211112,False
33120,33120,0.393438286670317,0110101001,1112121011,False,11121210111201200011,False,111212101112012000110202220221,False,1112121011120120001102022202212101022212,False,11121210111201200011020222022121010222122110021101,False,111212101112012000110202220221210102221221100211011112121100,False,1112121011120120001102022202212101022212211002110111121211001202200212,False
33210,33210,0.177116108101486,0111100001,1012210120,False,10122101202220101021,False,101221012022201010212110022200,False,1012210120222010102121100222002001021101,False,10122101202220101021211002220020010211010212211010,False,101221012022201010212110022200200102110102122110100121112101,False,1012210120222010102121100222002001021101021221101001211121010201121001,False
33336,33336,0.674265058105123,0011111001,2002122002,False,20021220021110222212,False,200212200211102222120210112212,False,2002122002111022221202101122120220201221,False,20021220021110222212021011221202202012212101011021,False,200212200211102222120210112212022020122121010110210200010021,False,2002122002111022221202101122120220201221210101102102000100210102021212,False
33522,33522,0.027199222396206,1100011101,1000211010,False,10002110100002112022,False,100021101000021120221111121102,False,1000211010000211202211111211021000101111,False,10002110100002112022111112110210001011111000112112,False,100021101000021120221111121102100010111110001121120022212010,False,1000211010000211202211111211021000101111100011211200222120102110012210,False
33590,33590,0.930422465255312,0011010011,2210001001,False,22100010011200201200,False,221000100112002012002212022200,False,2210001001120020120022120222002200000101,False,22100010011200201200221202220022000001012201202011,False,221000100112002012002212022200220000010122012020111122112020,False,2210001001120020120022120222002200000101220120201111221120202212112222,False
33614,33614,0.072736550970291,0000011111,1002020122,False,10020201221012210101,False,100202012210122101010211011021,False,1002020122101221010102110110211001100010,False,10020201221012210101021101102110011000101002102102,False,100202012210122101010211011021100110001010021021021012011100,False,1002020122101221010102110110211001100010100210210210120111002210212211,False
33698,33698,0.070835850972715,1100100011,1002011222,False,10020112222210110002,False,100201122222101100022021120200,False,1002011222221011000220211202000202122212,False,10020112222210110002202112020002021222122020210101,False,100201122222101100022021120200020212221220202101012212210010,False,1002011222221011000220211202000202122212202021010122122100102020222101,False
33954,33954,0.588852765265819,1111101101,1220120010,False,12201200102000200010,False,122012001020002000102222021201,False,1220120010200020001022220212012102012000,False,12201200102000200010222202120121020120000000220021,False,122012001020002000102222021201210201200000002200212122202112,False,1220120010200020001022220212012102012000000022002121222021120001101020,False
34260,34260,0.653357358131795,1011010101,2001100100,False,20011001002222201102,False,200110010022222011022222112112,False,2001100100222220110222221121120010021111,False,20011001002222201102222211211200100211110210111100,False,200110010022222011022222112112001002111102101111001201111212,False,2001100100222220110222221121120010021111021011110012011112121212210020,False
34308,34308,0.937985529561752,0100111001,2210122221,False,22101222212221122021,False,221012222122211220210100122202,False,2210122221222112202101001222021022021210,False,22101222212221122021010012220210220212100110202201,False,221012222122211220210100122202102202121001102022011122110112,False,2210122221222112202101001222021022021210011020220111221101121220112122,False
34422,34422,0.863977436707900,0010110101,2120202102,False,21202021021211211010,False,212020210212112110102011202222,False,2120202102121121101020112022222012111202,False,21202021021211211010201120222220121112022120021210,False,212020210212112110102011202222201211120221200212102111111100,False,2120202102121121101020112022222012111202212002121021111111001012122002,False
34530,34530,0.004390822425303,1010000101,1000010112,False,10000101120112021220,False,100001011201120212201011202000,False,1000010112011202122010112020002002200121,False,10000101120112021220101120200020022001212210201220,False,100001011201120212201011202000200220012122102012200222202110,False,1000010112011202122010112020002002200121221020122002222021100100010112,False
34532,34532,0.266250329568218,1110001111,1100011200,False,11000112002201001112,False,110001120022010011121120022200,False,1100011200220100111211200222002210120211,False,11000112002201001112112002220022101202111201222112,False,110001120022010011121120022200221012021112012221121022200021,False,1100011200220100111211200222002210120211120122211210222000210110011201,False
34568,34568,0.979721458140686,1011110111,2221012211,False,22210122110002222021,False,222101221100022220211121112210,False,2221012211000222202111211122100111202202,False,22210122110002222021112111221001112022022121210220,False,222101221100022220211121112210011120220221212102202020020121,False,2221012211000222202111211122100111202202212121022020200201210200210200,False
34656,34656,0.501539772428940,1111111101,1201211210,False,12012112102000200202,False,120121121020002002021102210120,False,1201211210200020020211022101202212102220,False,12012112102000200202110221012022121022201212121002,False,120121121020002002021102210120221210222012121210021222210221,False,1201211210200020020211022101202212102220121212100212222102210210022111,False
34764,34764,0.641953158146343,0001001101,2000122202,False,20001222021220201001,False,200012220212202010011010222100,False,2000122202122020100110102221000012120000,False,20001222021220201001101022210000121200000212201000,False,200012220212202010011010222100001212000002122010000210212021,False,2000122202122020100110102221000012120000021220100002102120211001120121,False
34838,34838,0.330754922434194,1010000111,1102211102,False,11022111021111101122,False,110221110211111011222120111000,False,1102211102111110112221201110001200222202,False,11022111021111101122212011100012002222020210020122,False,110221110211111011222120111000120022220202100201220202102121,False,1102211102111110112221201110001200222202021002012202021021212012122000,False
34908,34908,0.495837672436214,0001110101,1201112220,False,12011122201020202111,False,120111222010202021111122120000,False,1201112220102020211111221200000210102011,False,12011122201020202111112212000002101020110212111000,False,120111222010202021111122120000021010201102121110000120000021,False,1201112220102020211111221200000210102011021211100001200000211020112121,False
34926,34926,0.852573236722448,0100101101,2112212222,False,21122122221101212210,False,211221222211012122102212002101,False,2112212222110121221022120021011100112120,False,21122122221101212210221200210111001121200211000021,False,211221222211012122102212002101110011212002110000210000101001,False,2112212222110121221022120021011100112120021100002100001010012002200120,False
34980,34980,0.922779929581150,1010011101,2202102010,False,22021020100120002012,False,220210201001200020121222011001,False,2202102010012000201212220110010002220021,False,22021020100120002012122201100100022200211221120102,False,220210201001200020121222011001000222002112211201022111021110,False,2202102010012000201212220110010002220021122112010221110211101010112100,False
35016,35016,0.636251058153617,1001000101,2000022112,False,20000221122102120200,False,200002211221021202000002110020,False,2000022112210212020000021100201001110201,False,20000221122102120200000211002010011102011021201111,False,200002211221021202000002110020100111020110212011111021021220,False,2000022112210212020000021100201001110201102120111110210212201120012021,False
35018,35018,0.898110565296532,1011001111,2200102101,False,22001021012020102220,False,220010210120201022200010021022,False,2200102101202010222000100210221101221221,False,22001021012020102220001002102211012212212201021222,False,220010210120201022200010021022110122122122010212222200201112,False,2200102101202010222000100210221101221221220102122222002011122002021000,False
35118,35118,0.991085922442276,1000011001,2222012200,False,22220122001122102221,False,222201220011221022211211022121,False,2222012200112210222112110221210201210010,False,22220122001122102221121102212102012100101220112102,False,222201220011221022211211022121020121001012201121022002200001,False,2222012200112210222112110221210201210010122011210220022000011221022010,False
35232,35232,0.917077829588424,1000010101,2201221120,False,22012211201021201120,False,220122112010212011202000201010,False,2201221120102120112020002010102022220122,False,22012211201021201120200020101020222201221212101112,False,220122112010212011202000201010202222012212121011122202221001,False,2201221120102120112020002010102022220122121210111222022210011210120212,False
35234,35234,0.178937336731339,1000111111,1012212100,False,10122121002120102200,False,101221210021201022002220022111,False,1012212100212010220022200221112000221221,False,10122121002120102200222002211120002212212111101200,False,101221210021201022002220022111200022122121111012001220022010,False,1012212100212010220022200221112000221221211110120012200220102010121001,False
35370,35370,0.985383822449550,1110110001,2221201011,False,22212010111011202110,False,222120101110112021102211212121,False,2221201011101120211022112121211222212212,False,22212010111011202110221121212112222122120100001002,False,222120101110112021102211212121122221221201000010021102010021,False,2221201011101120211022112121211222212212010000100211020100212220121021,False
35486,35486,0.173235236738613,1101100111,1012122211,False,10121222110201022200,False,101212221102010222000002212220,False,1012122211020102220000022122201022011220,False,10121222110201022200000221222010220112202100120121,False,101212221102010222000002212220102201122021001201210020110101,False,1012122211020102220000022122201022011220210012012100201101011021000112,False
35628,35628,0.765260243885569,0100111101,2022120212,False,20221202120021000100,False,202212021200210001000202100011,False,2022120212002100010002021000110111222010,False,20221202120021000100020210001101112220101121221110,False,202212021200210001000202100011011122201011212211102022122102,False,2022120212002100010002021000110111222010112122111020221221020022022122,False
35640,35640,0.336417286743058,0110100001,1110001222,False,11100012220102102212,False,111000122201021022121122210211,False,1110001222010210221211222102111120222202,False,11100012220102102212112221021111202222022201210201,False,111000122201021022121122210211112022220222012102010110020221,False,1110001222010210221211222102111120222202220121020101100202211010002220,False
36020,36020,0.089723643896884,0000010011,1002210112,False,10022101120002012010,False,100221011200020120102112011102,False,1002210112000201201021120111020011111001,False,10022101120002012010211201110200111110012000010020,False,100221011200020120102112011102001111100120000100200112121100,False,1002210112000201201021120111020011111001200001002001121211001101101002,False
36036,36036,0.184599701040203,1000101001,1020001220,False,10200012201002110021,False,102000122010021100210210122101,False,1020001220100211002102101221010000220012,False,10200012201002110021021012210100002200122021100000,False,102000122010021100210210122101000022001220211000001021101020,False,1020001220100211002102101221010000220012202110000010211010200111201021,False
36038,36038,0.446459208183118,1001111011,1122002112,False,11220021121110021100,False,112200211211100211002001212011,False,1122002112111002110020012120111001012021,False,11220021121110021100200121201110010120212000210000,False,112200211211100211002001212011100101202120002100001200211122,False,1122002112111002110020012120111001012021200021000012002111220200021201,False
36126,36126,0.968277522471373,1001100001,2220020002,False,22200200021122100021,False,222002000211221000210020122210,False,2220020002112210002100201222100220210220,False,22200200021122100021002012221002202102202000102110,False,222002000211221000210020122210022021022020001021100002220021,False,2220020002112210002100201222100220210220200010211000022200211122220020,False
36152,36152,0.372451115329266,1110101111,1111122120,False,11111221201002121210,False,111112212010021212100121222210,False,1111122120100212121001212222100110201110,False,11111221201002121210012122221001102011100121102201,False,111112212010021212100121222210011020111001211022010220121010,False,1111122120100212121001212222100110201110012110220102201210102221022211,False
36384,36384,0.748153943907391,0010101101,2021102101,False,20211021011220100001,False,202110210112201000010122210020,False,2021102101122010000101222100202120000001,False,20211021011220100001012221002021200000010120110220,False,202110210112201000010122210020212000000101201102202201200210,False,2021102101122010000101222100202120000001012011022022012002101212122111,False
36470,36470,0.008112751052731,0001101011,1000020112,False,10000201120122100021,False,100002011201221000212101212021,False,1000020112012210002121012120212121022011,False,10000201120122100021210121202121210220112210120002,False,100002011201221000212101212021212102201122101200020120012120,False,1000020112012210002121012120212121022011221012000201200121202121221211,False
36638,36638,0.004311351057580,1011101111,1000010110,True,10000101101100102120,False,100001011011001021200112211022,False,1000010110110010212001122110220202202210,False,10000101101100102120011221102202022022100010102122,False,100001011011001021200112211022020220221000101021222110201212,False,1000010110110010212001122110220202202210001010212221102012122120212100,False
36666,36666,0.670344451058389,0001010001,2002101112,False,20021011120011001202,False,200210111200110012021100212100,False,2002101112001100120211002121000210020002,False,20021011120011001202110021210002100200020021222210,False,200210111200110012021100212100021002000200212222100021102111,False,2002101112001100120211002121000210020002002122221000211021110021212121,False
36668,36668,0.932203958201304,0011110011,2210012000,False,22100120002012102100,False,221001200020121021000211011010,False,2210012000201210210002110110101001022002,False,22100120002012102100021101101010010220022101122201,False,221001200020121021000211011010100102200221011222010100220022,False,2210012000201210210002110110101001022002210112220101002200221101111111,False
36692,36692,0.074518043916282,0010111111,1002022012,False,10020220120112001010,False,100202201201120010101112122110,False,1002022012011200101011121221100221112010,False,10020220120112001010111212211002211120100210000121,False,100202201201120010101112122110022111201002100001210202002011,False,1002022012011200101011121221100221112010021000012102020020111120022020,False
36836,36836,0.928402558206153,1010010111,2202212120,False,22022121200220211220,False,220221212002202112200110021212,False,2202212120022021122001100212121121122221,False,22022121200220211220011002121211211222211100112112,False,220221212002202112200110021212112112222111001121121121220122,False,2202212120022021122001100212121121122221110011211211212201222120222212,False
36870,36870,0.380014179635706,1001101101,1111222201,False,11112222011212012100,False,111122220112120121001102020110,False,1111222201121201210011020201101011012201,False,11112222011212012100110202011010110122010020202212,False,111122220112120121001102020110101101220100202022121100122101,False,1111222201121201210011020201101011012201002020221211001221010110222220,False
36936,36936,0.021377915351897,0001000001,1000122022,False,10001220222020111200,False,100012202220201112001100221220,False,1000122022202011120011002212202212020200,False,10001220222020111200110022122022120202000221021120,False,100012202220201112001100221220221202020002210211202120220000,False,1000122022202011120011002212202212020200022102112021202200002011120000,False
36938,36938,0.283237422494812,0011000011,1100212002,False,11002120021222200020,False,110021200212222000201211021120,False,1100212002122220002012110211200210222220,False,11002120021222200020121102112002102222201020201010,False,110021200212222000201211021120021022222010202010100110012000,False,1100212002122220002012110211200210222220102020101001100120002220002001,False
36944,36944,0.068815943923556,0111100111,1002010020,False,10020100202022102002,False,100201002020221020020122221022,False,1002010020202210200201222210221012101020,False,10020100202022102002012222102210121010202212122002,False,100201002020221020020122221022101210102022121220022110121222,False,1002010020202210200201222210221012101020221212200221101212221021200121,False
37062,37062,0.518526865355534,1101011001,1202201121,False,12022011212220102121,False,120220112122201021212002210010,False,1202201121222010212120022100102202110212,False,12022011212220102121200221001022021102122002212220,False,120220112122201021212002210010220211021220022122200121211111,False,1202201121222010212120022100102202110212200221222001212111112000111111,False
37086,37086,0.660840951070512,0010111101,2001210201,False,20012102010021002210,False,200121020100210022101110111112,False,2001210201002100221011101111120120012121,False,20012102010021002210111011111201200121211100012010,False,200121020100210022101110111112012001212111000120101100020021,False,2001210201002100221011101111120120012121110001201011000200212222001122,False
37478,37478,0.985304351081828,1010010011,2221200222,False,22212002220221211120,False,222120022202212111201001112020,False,2221200222022121112010011120201110012211,False,22212002220221211120100111202011100122112000120202,False,222120022202212111201001112020111001221120001202021101120012,False,2221200222022121112010011120201110012211200012020211011200120211000010,False
37572,37572,0.292701186798827,1001111101,1101020111,False,11010201111101111221,False,110102011111011112212211012212,False,1101020111110111122122110122121120212101,False,11010201111101111221221101221211202121011100100001,False,110102011111011112212211012212112021210111001000010110011102,False,1101020111110111122122110122121120212101110010000101100111021102220112,False
37928,37928,0.903693458237674,1011101011,2200212102,False,22002121021200101220,False,220021210212001012200220122021,False,2200212102120010122002201220210021020021,False,22002121021200101220022012202100210200212022021121,False,220021210212001012200220122021002102002120220211211210220122,False,2200212102120010122002201220210021020021202202112112102201220202100002,False
37964,37964,0.617164586810142,0111010011,1222012010,False,12220120100111012221,False,122201201001110122211022110202,False,1222012010011101222110221102022112202101,False,12220120100111012221102211020221122021012101211102,False,122201201001110122211022110202211220210121012111021010021011,False,1222012010011101222110221102022112202101210121110210100210110221000011,False
37980,37980,0.712040643953461,1101101001,2012000212,False,20120002122202122221,False,201200021222021222210120010110,False,2012000212220212222101200101102021101112,False,20120002122202122221012001011020211011120120010022,False,201200021222021222210120010110202110111201200100221020011210,False,2012000212220212222101200101102021101112012001002210200112100102011100,False
37988,37988,0.759478672525121,0100011111,2022012011,False,20220120110121022210,False,202201201101210222100021021022,False,2022012011012102221000210210222022200012,False,20220120110121022210002102102220222000121011121011,False,202201201101210222100021021022202220001210111210110120121201,False,2022012011012102221000210210222022200012101112101101201212010010202111,False
38240,38240,0.753776572532395,1001000111,2021210200,False,20212102000020101211,False,202121020000201012112102201200,False,2021210200002010121121022012000202120100,False,20212102000020101211210220120002021201000211220100,False,202121020000201012112102201200020212010002112201000000112110,False,2021210200002010121121022012000202120100021122010000001121101001211012,False
38304,38304,0.133280801105671,1110001001,1011020221,False,10110202212020210011,False,101102022120202100111001211021,False,1011020221202021001110012110212102122101,False,10110202212020210011100121102121021221011112002210,False,101102022120202100111001211021210212210111120022101211022002,False,1011020221202021001110012110212102122101111200221012110220020221220120,False
38474,38474,0.391338908253435,0001011111,1112111120,False,11121111202010211002,False,111211112020102110020222001200,False,1112111120201021100202220012002122021011,False,11121111202010211002022200120021220210111122121210,False,111211112020102110020222001200212202101111221212101022100022,False,1112111120201021100202220012002122021011112212121010221000221222101101,False
38520,38520,0.414107572540477,0011011001,1120112222,False,11201122220012220220,False,112011222200122202200222122001,False,1120112222001222022002221220011022102110,False,11201122220012220220022212200110221021102102222102,False,112011222200122202200222122001102210211021022221022011121201,False,1120112222001222022002221220011022102110210222210220111212012022112012,False
38556,38556,0.127578701112945,1000100001,1011001200,False,10110012001100120002,False,101100120011001200020001011002,False,1011001200110012000200010110020210220221,False,10110012001100120002000101100202102202210112110121,False,101100120011001200020001011002021022022101121101210020120021,False,1011001200110012000200010110020210220221011211012100201200210122001002,False
38558,38558,0.389438208255860,1001100011,1112102020,False,11121020201210202002,False,111210202012102020022001112110,False,1112102020121020200220011121100002020020,False,11121020201210202002200111211000020200201201021210,False,111210202012102020022001112110000202002012010212101022202100,False,1112102020121020200220011121100002020020120102121010222021001211201110,False
38580,38580,0.269892786827923,1111100101,1100022121,False,11000221211220212122,False,110002212112202121220021221012,False,1100022121122021212200212210120011012121,False,11000221211220212122002122101200110121211020211211,False,110002212112202121220021221012001101212110202112111120021010,False,1100022121122021212200212210120011012121102021121111200210100120011000,False
38634,38634,0.340099479686625,0111010101,1110020020,False,11100200201210201122,False,111002002012102011221012111200,False,1110020020121020112210121112001010001221,False,11100200201210201122101211120010100012211012112121,False,111002002012102011221012111200101000122110121121212112002010,False,1110020020121020112210121112001010001221101211212121120020100120022222,False
38652,38652,0.696835043972859,1110001101,2011001110,False,20110011102222100222,False,201100111022221002221021101000,False,2011001110222210022210211010000212020002,False,20110011102222100222102110100002120200020000010011,False,201100111022221002221021101000021202000200000100111221002021,False,2011001110222210022210211010000212020002000001001112210020210101122022,False
38790,38790,0.765141036833985,0001001001,2022120122,False,20221201220100001012,False,202212012201000010122211022002,False,2022120122010000101222110220021121122010,False,20221201220100001012221102200211211220101102102010,False,202212012201000010122211022002112112201011021020100000222111,False,2022120122010000101222110220021121122010110210201000002221110021122121,False
38792,38792,0.027000543976900,0011011011,1000210221,False,10002102211211000112,False,100021022112110001121220220121,False,1000210221121100011212202201210101101121,False,10002102211211000112122022012101011011211122001221,False,100021022112110001121220220121010110112111220012211000102202,False,1000210221121100011212202201210101101121112200122110001022022110101211,False
38904,38904,0.691132943980133,0110000101,2010200200,False,20102002002002122000,False,201020020020021220000101200122,False,2010200200200212200001012001220101102202,False,20102002002002122000010120012201011022020110112112,False,201020020020021220000101200122010110220201101121122211101111,False,2010200200200212200001012001220101102202011011211222111011110102022110,False
38942,38942,0.666463579695516,1111110111,2002011001,False,20020110010110122102,False,200201100101101221021120101012,False,2002011001011012210211201010120012111210,False,20020110010110122102112010101200121112102211001021,False,200201100101101221021120101012001211121022110010212111202210,False,2002011001011012210211201010120012111210221100102121112022102021211010,False
39096,39096,0.829645629699961,0000010001,2111011201,False,21110112010221010201,False,211101120102210102010221020001,False,2111011201022101020102210200011210212201,False,21110112010221010201022102000112102122010201201202,False,211101120102210102010221020001121021220102012012022122101011,False,2111011201022101020102210200011210212201020120120221221010110001112200,False
39098,39098,0.091505136842876,0000110011,1002212002,False,10022120021202011122,False,100221200212020111221202012200,False,1002212002120201112212020122002010201112,False,10022120021202011122120201220020102011121122202210,False,100221200212020111221202012200201020111211222022100211201111,False,1002212002120201112212020122002010201112112220221002112011112100200112,False
39212,39212,0.017497043989024,1110000111,1000112011,False,10001120110001021100,False,100011201100010211001121201012,False,1000112011000102110011212010120001002120,False,10001120110001021100112120101200010021202001122110,False,100011201100010211001121201012000100212020011221102221021012,False,1000112011000102110011212010120001002120200112211022210210120111110220,False
39224,39224,0.588654086846513,0011001011,1220112211,False,12201122111102012100,False,122011221111020121000112012100,False,1220112211110201210001120121001112120101,False,12201122111102012100011201210011121201012112202222,False,122011221111020121000112012100111212010121122022220212220022,False,1220112211110201210001120121001112120101211220222202122200222221202112,False
39354,39354,0.609522051135980,0110011101,1221202002,False,12212020022212222112,False,122120200222122221121002110120,False,1221202002221222211210021101201021112112,False,12212020022212222112100211012010211121122000111211,False,122120200222122221121002110120102111211220001112110000121021,False,1221202002221222211210021101201021112112200011121100001210210021010122,False
